14.480000  0.149103 -0.007718 -0.043044 -0.003554  0.004739  0.005132  0.000000 -0.000000  0.000000 0.000000 0.000000 0.000000
14.516000  0.281983 -0.085283  0.065585 0.000330 0.006292 0.005274  0.000000 -0.000000  0.000000 0.000000 0.000000 0.000000
14.547000  0.264887 -0.165433  0.003487  0.002581  0.007227 -0.000551  0.000000 -0.000000  0.000000 0.000000 0.000000 0.000000
14.582000  0.250690 -0.120776 -0.027402 0.001905 0.007295 0.004371  0.000000 -0.000000  0.000000 0.000000 0.000000 0.000000
14.616000  0.338248 -0.131058 -0.036911 0.002269 0.009341 0.005365  0.000000 -0.000000  0.000000 0.000000 0.000000 0.000000
14.650000  0.322868 -0.152285 -0.042955 0.004457 0.009637 0.003320  0.000000 -0.000000  0.000000 0.000000 0.000000 0.000000
14.683000  0.330967 -0.176181 -0.022532 0.003594 0.010421 0.003238  0.000000 -0.000000  0.000000 0.000000 0.000000 0.000000
14.720000  0.291983 -0.188831 -0.055141 0.003476 0.010770 0.000064  0.000000 -0.000000  0.000000 0.000000 0.000000 0.000000
14.751000  0.370162 -0.198996 -0.016213 0.004706 0.010830 0.000382  0.000000 -0.000000  0.000000 0.000000 0.000000 0.000000
14.781000  0.384822 -0.184898 -0.046135 0.003901 0.011756 0.000856  0.000000 -0.000000  0.000000 0.000000 0.000000 0.000000
14.820000  0.353758 -0.190879 -0.036454 0.003853 0.011942 0.000873  0.000000 -0.000000  0.000000 0.000000 0.000000 0.000000
14.858000  0.321843 -0.171642 -0.073330 0.004042 0.011603 0.002508  0.000000 -0.000000  0.000000 0.000000 0.000000 0.000000
14.887000  0.383583 -0.183170 -0.062384 0.004161 0.012401 0.002622  0.000000 -0.000000  0.000000 0.000000 0.000000 0.000000
14.922000  0.399064 -0.230232 -0.072077 0.003835 0.012336 0.002123  0.000000 -0.000000  0.000000 0.000000 0.000000 0.000000
14.956000  0.321732 -0.142472 -0.062252 0.003751 0.012327 0.003429  0.000000 -0.000000  0.000000 0.000000 0.000000 0.000000
14.994000  0.352739 -0.175077 -0.049409 0.004239 0.013013 0.002357  0.000000 -0.000000  0.000000 0.000000 0.000000 0.000000
15.025000  0.393172 -0.242912 -0.058349 0.004530 0.013476 0.001113  0.000000 -0.000000  0.000000 0.000000 0.000000 0.000000
15.060000  0.379567 -0.193700 -0.058134 0.004368 0.013353 0.001546  0.000000 -0.000000  0.000000 0.000000 0.000000 0.000000
15.094000  0.357990 -0.186047 -0.060980 0.003905 0.013431 0.001427  0.000000 -0.000000  0.000000 0.000000 0.000000 0.000000
15.128000  0.364255 -0.181810 -0.064860 0.003624 0.013462 0.001339  0.000000 -0.000000  0.000000 0.000000 0.000000 0.000000
15.162000  0.372811 -0.182278 -0.072166 0.003635 0.013911 0.001735  0.000000 -0.000000  0.000000 0.000000 0.000000 0.000000
15.199000  0.417744 -0.244556 -0.077864 0.003279 0.014383 0.001241  0.000000 -0.000000  0.000000 0.000000 0.000000 0.000000
15.238000  0.366917 -0.183227 -0.086000 0.003130 0.013972 0.001792  0.000000 -0.000000  0.000000 0.000000 0.000000 0.000000
15.283000  0.381616 -0.184160 -0.073844 0.002950 0.014117 0.002296  0.000000 -0.000000  0.000000 0.000000 0.000000 0.000000
15.330000  0.357893 -0.177522 -0.075333 0.002724 0.013935 0.002291  0.000000 -0.000000  0.000000 0.000000 0.000000 0.000000
15.380000  0.317196 -0.134445 -0.080458 0.002426 0.013473 0.003494  0.000000 -0.000000  0.000000 0.000000 0.000000 0.000000
15.421000  0.323109 -0.151465 -0.070425 0.001792 0.013465 0.003410  0.000000 -0.000000  0.000000 0.000000 0.000000 0.000000
15.466000  0.348145 -0.172446 -0.084906 0.002310 0.013525 0.003638  0.000000 -0.000000  0.000000 0.000000 0.000000 0.000000
15.507000  0.354095 -0.148246 -0.070418 0.002416 0.013486 0.004259  0.000000 -0.000000  0.000000 0.000000 0.000000 0.000000
15.538000  0.321523 -0.150196 -0.047905 0.002314 0.013101 0.004539  0.000000 -0.000000  0.000000 0.000000 0.000000 0.000000
15.572000  0.325787 -0.155160 -0.077491 0.002555 0.013280 0.004340  0.000000 -0.000000  0.000000 0.000000 0.000000 0.000000
15.605000  0.333044 -0.139384 -0.067296 0.002624 0.013264 0.004720  0.000000 -0.000000  0.000000 0.000000 0.000000 0.000000
15.640000  0.337659 -0.160726 -0.054869 0.003052 0.013300 0.004210  0.000000 -0.000000  0.000000 0.000000 0.000000 0.000000
15.674000  0.330878 -0.146489 -0.071614 0.003235 0.013235 0.004142  0.000000 -0.000000  0.000000 0.000000 0.000000 0.000000
15.709000  0.372338 -0.182107 -0.071140 0.003465 0.013700 0.003657  0.000000 -0.000000  0.000000 0.000000 0.000000 0.000000
15.743000  0.334675 -0.151550 -0.061702 0.004060 0.013509 0.003811  0.000000 -0.000000  0.000000 0.000000 0.000000 0.000000
15.777000  0.339439 -0.155034 -0.064486 0.004109 0.013672 0.003982  0.000000 -0.000000  0.000000 0.000000 0.000000 0.000000
15.811000  0.327988 -0.143409 -0.063349 0.003819 0.013944 0.004140  0.000000 -0.000000  0.000000 0.000000 0.000000 0.000000
15.843000  0.330847 -0.145695 -0.079649 0.003763 0.013879 0.004506  0.000000 -0.000000  0.000000 0.000000 0.000000 0.000000
15.877000  0.339217 -0.169113 -0.066888 0.003612 0.014188 0.004643  0.000000 -0.000000  0.000000 0.000000 0.000000 0.000000
15.913000  0.324895 -0.158944 -0.070719 0.003614 0.014064 0.004371  0.000000 -0.000000  0.000000 0.000000 0.000000 0.000000
15.949000  0.339246 -0.158972 -0.076128 0.003928 0.014089 0.004231  0.000000 -0.000000  0.000000 0.000000 0.000000 0.000000
15.980000  0.333367 -0.158813 -0.064695 0.003819 0.013893 0.004228  0.000000 -0.000000  0.000000 0.000000 0.000000 0.000000
16.013000  0.340628 -0.169078 -0.086021 0.003906 0.014208 0.003906  0.000000 -0.000000  0.000000 0.000000 0.000000 0.000000
16.049000  0.349728 -0.163877 -0.083443 0.003390 0.014234 0.003949  0.000000 -0.000000  0.000000 0.000000 0.000000 0.000000
16.083000  0.342190 -0.173953 -0.091650 0.002813 0.014267 0.003707  0.000000 -0.000000  0.000000 0.000000 0.000000 0.000000
16.119000  0.337665 -0.165174 -0.089107 0.002674 0.014101 0.003667  0.000000 -0.000000  0.000000 0.000000 0.000000 0.000000
16.150000  0.338017 -0.155722 -0.073170 0.002484 0.013803 0.004249  0.000000 -0.000000  0.000000 0.000000 0.000000 0.000000
16.188000  0.331064 -0.150124 -0.078591 0.003081 0.013676 0.004421  0.000000 -0.000000  0.000000 0.000000 0.000000 0.000000
16.217000  0.348706 -0.167856 -0.076497 0.003568 0.013956 0.004038  0.000000 -0.000000  0.000000 0.000000 0.000000 0.000000
16.256000  0.345402 -0.167068 -0.079439 0.003090 0.013890 0.003800  0.000000 -0.000000  0.000000 0.000000 0.000000 0.000000
16.328000  0.358698 -0.169800 -0.068718 0.003132 0.013999 0.003752  0.000000 -0.000000  0.000000 0.000000 0.000000 0.000000
16.391000  0.338284 -0.164280 -0.084130 0.003095 0.013773 0.003595  0.000000 -0.000000  0.000000 0.000000 0.000000 0.000000
16.427000  0.356885 -0.176560 -0.074845 0.003344 0.014120 0.003193  0.000000 -0.000000  0.000000 0.000000 0.000000 0.000000
16.460000  0.339750 -0.168416 -0.086139 0.003450 0.014079 0.003479  0.000000 -0.000000  0.000000 0.000000 0.000000 0.000000
16.495000  0.356096 -0.164882 -0.096658 0.003374 0.014291 0.003784  0.000000 -0.000000  0.000000 0.000000 0.000000 0.000000
16.527000  0.422085 -0.251451 -0.046940 0.003858 0.014308 0.002527  0.000000 -0.000000  0.000000 0.000000 0.000000 0.000000
16.562000  0.366448 -0.173132 -0.066204 0.003477 0.014207 0.002958  0.000000 -0.000000  0.000000 0.000000 0.000000 0.000000
16.616000  0.354696 -0.188530 -0.075800 0.003277 0.014040 0.002613  0.000000 -0.000000  0.000000 0.000000 0.000000 0.000000
16.666000  0.351210 -0.157622 -0.064857 0.003070 0.013895 0.002834  0.000000 -0.000000  0.000000 0.000000 0.000000 0.000000
16.709000  0.330670 -0.162085 -0.087295 0.002713 0.013699 0.003196  0.000000 -0.000000  0.000000 0.000000 0.000000 0.000000
16.778000  0.333634 -0.161507 -0.065138 0.002542 0.013491 0.003775  0.000000 -0.000000  0.000000 0.000000 0.000000 0.000000
16.847000  0.356265 -0.179822 -0.077095 0.003106 0.013673 0.003624  0.000000 -0.000000  0.000000 0.000000 0.000000 0.000000
16.917000  0.337803 -0.153673 -0.064232 0.003057 0.013131 0.004921  0.000000 -0.000000  0.000000 0.000000 0.000000 0.000000
16.983000  0.311955 -0.148994 -0.062990 0.002718 0.013460 0.005348  0.000000 -0.000000  0.000000 0.000000 0.000000 0.000000
17.023000  0.328348 -0.145334 -0.069629 0.002912 0.013695 0.005509  0.000000 -0.000000  0.000000 0.000000 0.000000 0.000000
17.053000  0.326921 -0.161679 -0.069940 0.002939 0.013879 0.005256  0.000000 -0.000000  0.000000 0.000000 0.000000 0.000000
17.088000  0.351756 -0.158782 -0.063178 0.002911 0.013967 0.005004  0.000000 -0.000000  0.000000 0.000000 0.000000 0.000000
17.124000  0.334575 -0.153783 -0.071404 0.002532 0.014018 0.004702  0.000000 -0.000000  0.000000 0.000000 0.000000 0.000000
17.156000  0.337127 -0.164314 -0.068748 0.002384 0.014271 0.004892  0.000000 -0.000000  0.000000 0.000000 0.000000 0.000000
17.191000  0.349722 -0.161228 -0.087783 0.002941 0.014301 0.004705  0.000000 -0.000000  0.000000 0.000000 0.000000 0.000000
17.240000  0.362216 -0.180620 -0.075573 0.002715 0.014397 0.004378  0.000000 -0.000000  0.000000 0.000000 0.000000 0.000000
17.291000  0.340692 -0.186332 -0.066881 0.002064 0.014171 0.004341  0.000000 -0.000000  0.000000 0.000000 0.000000 0.000000
17.335000  0.359331 -0.183317 -0.077205 0.002453 0.014321 0.004358  0.000000 -0.000000  0.000000 0.000000 0.000000 0.000000
17.406000  0.360061 -0.178668 -0.059150 0.002125 0.014433 0.003991  0.000000 -0.000000  0.000000 0.000000 0.000000 0.000000
17.440000  0.355675 -0.170029 -0.077884 0.002530 0.014305 0.003581  0.000000 -0.000000  0.000000 0.000000 0.000000 0.000000
17.473000  0.356883 -0.173309 -0.076360 0.002953 0.014352 0.003556  0.000000 -0.000000  0.000000 0.000000 0.000000 0.000000
17.503000  0.383418 -0.198443 -0.064732 0.002791 0.014548 0.003604  0.000000 -0.000000  0.000000 0.000000 0.000000 0.000000
17.539000  0.360765 -0.188676 -0.076462 0.002761 0.014548 0.003796  0.000000 -0.000000  0.000000 0.000000 0.000000 0.000000
17.578000  0.306359 -0.106918 -0.076816 0.002454 0.014384 0.004826  0.000000 -0.000000  0.000000 0.000000 0.000000 0.000000
17.610000  0.304224 -0.134272 -0.085130 0.002328 0.014132 0.005078  0.000000 -0.000000  0.000000 0.000000 0.000000 0.000000
17.640000  0.349474 -0.166672 -0.054816 0.002010 0.014068 0.004895  0.000000 -0.000000  0.000000 0.000000 0.000000 0.000000
17.676000  0.343694 -0.150689 -0.068351 0.002145 0.013962 0.005064  0.000000 -0.000000  0.000000 0.000000 0.000000 0.000000
17.710000  0.321423 -0.166193 -0.128942 0.001959 0.014250 0.005061  0.000000 -0.000000  0.000000 0.000000 0.000000 0.000000
17.745000  0.370071 -0.180946 -0.077361 0.001927 0.014497 0.004952  0.000000 -0.000000  0.000000 0.000000 0.000000 0.000000
17.777000  0.350150 -0.167941 -0.086416 0.001831 0.014462 0.004867  0.000000 -0.000000  0.000000 0.000000 0.000000 0.000000
17.816000  0.354909 -0.180647 -0.078056 0.001749 0.014515 0.004758  0.000000 -0.000000  0.000000 0.000000 0.000000 0.000000
17.867000  0.354116 -0.166193 -0.078376 0.001995 0.014577 0.004475  0.000000 -0.000000  0.000000 0.000000 0.000000 0.000000
17.904000  0.354619 -0.190746 -0.079060 0.002329 0.014749 0.004229  0.000000 -0.000000  0.000000 0.000000 0.000000 0.000000
17.941000  0.351688 -0.173261 -0.075259 0.002305 0.014687 0.004034  0.000000 -0.000000  0.000000 0.000000 0.000000 0.000000
17.971000  0.343612 -0.164427 -0.085423 0.002192 0.014765 0.004261  0.000000 -0.000000  0.000000 0.000000 0.000000 0.000000
18.008000  0.355473 -0.171015 -0.070294 0.002118 0.014790 0.003968  0.000000 -0.000000  0.000000 0.000000 0.000000 0.000000
18.040000  0.339838 -0.163894 -0.073859 0.002355 0.014716 0.004025  0.000000 -0.000000  0.000000 0.000000 0.000000 0.000000
18.118000  0.351923 -0.166609 -0.070747 0.001796 0.014320 0.004307  0.000000 -0.000000  0.000000 0.000000 0.000000 0.000000
18.155000  0.342571 -0.156075 -0.094774 0.002406 0.014565 0.004653  0.000000 -0.000000  0.000000 0.000000 0.000000 0.000000
18.189000  0.365568 -0.173475 -0.070737 0.002236 0.014640 0.005061  0.000000 -0.000000  0.000000 0.000000 0.000000 0.000000
18.225000  0.349027 -0.186942 -0.090341 0.002988 0.014978 0.004830  0.000000 -0.000000  0.000000 0.000000 0.000000 0.000000
18.297000  0.345390 -0.162196 -0.069863 0.003222 0.014589 0.004664  0.000000 -0.000000  0.000000 0.000000 0.000000 0.000000
18.330000  0.341756 -0.162152 -0.064377 0.002867 0.014624 0.004677  0.000000 -0.000000  0.000000 0.000000 0.000000 0.000000
18.365000  0.350539 -0.169419 -0.069721 0.002986 0.014545 0.004570  0.000000 -0.000000  0.000000 0.000000 0.000000 0.000000
18.398000  0.336231 -0.164124 -0.084471 0.002976 0.014787 0.004597  0.000000 -0.000000  0.000000 0.000000 0.000000 0.000000
18.432000  0.356577 -0.200225 -0.074919 0.002876 0.014771 0.004525  0.000000 -0.000000  0.000000 0.000000 0.000000 0.000000
18.466000  0.338857 -0.161587 -0.059665 0.002629 0.014734 0.004642  0.000000 -0.000000  0.000000 0.000000 0.000000 0.000000
18.501000  0.372346 -0.168089 -0.077867 0.002763 0.014890 0.004831  0.000000 -0.000000  0.000000 0.000000 0.000000 0.000000
18.531000  0.346034 -0.169855 -0.067169 0.002462 0.014829 0.004822  0.000000 -0.000000  0.000000 0.000000 0.000000 0.000000
18.570000  0.347568 -0.166612 -0.072816 0.002486 0.014866 0.004607  0.000000 -0.000000  0.000000 0.000000 0.000000 0.000000
18.603000  0.343894 -0.162656 -0.093621 0.002776 0.014668 0.004571  0.000000 -0.000000  0.000000 0.000000 0.000000 0.000000
18.636000  0.355204 -0.186747 -0.072311 0.002852 0.014787 0.004313  0.000000 -0.000000  0.000000 0.000000 0.000000 0.000000
18.671000  0.352959 -0.164853 -0.082154 0.002984 0.015137 0.004472  0.000000 -0.000000  0.000000 0.000000 0.000000 0.000000
18.706000  0.336697 -0.170921 -0.076367 0.002794 0.015013 0.004951  0.000000 -0.000000  0.000000 0.000000 0.000000 0.000000
18.738000  0.340635 -0.155293 -0.083663 0.002908 0.015037 0.004769  0.000000 -0.000000  0.000000 0.000000 0.000000 0.000000
18.772000  0.341136 -0.151651 -0.075847 0.002593 0.014956 0.004896  0.000000 -0.000000  0.000000 0.000000 0.000000 0.000000
18.807000  0.334329 -0.161710 -0.078785 0.002506 0.014876 0.005155  0.000000 -0.000000  0.000000 0.000000 0.000000 0.000000
18.845000  0.333836 -0.151791 -0.077539 0.002495 0.014794 0.005360  0.000000 -0.000000  0.000000 0.000000 0.000000 0.000000
18.876000  0.339786 -0.165101 -0.094166 0.002477 0.014885 0.005279  0.000000 -0.000000  0.000000 0.000000 0.000000 0.000000
18.911000  0.357920 -0.169383 -0.055899 0.002013 0.014680 0.005346  0.000000 -0.000000  0.000000 0.000000 0.000000 0.000000
18.947000  0.344054 -0.156828 -0.081981 0.002313 0.014856 0.005347  0.000000 -0.000000  0.000000 0.000000 0.000000 0.000000
18.981000  0.322759 -0.136762 -0.061539 0.001966 0.014807 0.005792  0.000000 -0.000000  0.000000 0.000000 0.000000 0.000000
19.013000  0.323808 -0.143565 -0.074004 0.002155 0.014785 0.005817  0.000000 -0.000000  0.000000 0.000000 0.000000 0.000000
19.049000  0.332398 -0.147839 -0.071678 0.001849 0.014894 0.005818  0.000000 -0.000000  0.000000 0.000000 0.000000 0.000000
19.082000  0.336804 -0.156127 -0.081115 0.001735 0.014780 0.005761  0.000000 -0.000000  0.000000 0.000000 0.000000 0.000000
19.119000  0.303617 -0.132812 -0.076743 0.001830 0.014696 0.006397  0.000000 -0.000000  0.000000 0.000000 0.000000 0.000000
19.148000  0.336507 -0.163233 -0.082269 0.001965 0.014951 0.005993  0.000000 -0.000000  0.000000 0.000000 0.000000 0.000000
19.186000  0.338541 -0.160692 -0.063273 0.002346 0.014988 0.005789  0.000000 -0.000000  0.000000 0.000000 0.000000 0.000000
19.218000  0.349592 -0.161610 -0.074892 0.001961 0.014977 0.006176  0.000000 -0.000000  0.000000 0.000000 0.000000 0.000000
19.256000  0.332705 -0.174430 -0.084971 0.001893 0.015015 0.005242  0.000000 -0.000000  0.000000 0.000000 0.000000 0.000000
19.324000  0.319312 -0.145069 -0.085190 0.001880 0.014932 0.005355  0.000000 -0.000000  0.000000 0.000000 0.000000 0.000000
19.393000  0.292952 -0.149886 -0.085572 0.001312 0.014411 0.005919  0.000000 -0.000000  0.000000 0.000000 0.000000 0.000000
19.458000  0.329115 -0.162188 -0.073804 0.001257 0.014915 0.006005  0.000000 -0.000000  0.000000 0.000000 0.000000 0.000000
19.498000  0.341149 -0.162333 -0.071992 0.001376 0.014988 0.005731  0.000000 -0.000000  0.000000 0.000000 0.000000 0.000000
19.532000  0.345312 -0.159388 -0.088973 0.002037 0.015036 0.005264  0.000000 -0.000000  0.000000 0.000000 0.000000 0.000000
19.564000  0.364880 -0.166109 -0.075027 0.002407 0.015297 0.005086  0.000000 -0.000000  0.000000 0.000000 0.000000 0.000000
19.596000  0.340489 -0.148043 -0.078196 0.002658 0.015109 0.005540  0.000000 -0.000000  0.000000 0.000000 0.000000 0.000000
19.636000  0.340670 -0.160777 -0.063847 0.002358 0.014865 0.005702  0.000000 -0.000000  0.000000 0.000000 0.000000 0.000000
19.668000  0.348687 -0.158243 -0.077006 0.002604 0.014915 0.005685  0.000000 -0.000000  0.000000 0.000000 0.000000 0.000000
19.700000  0.370872 -0.181953 -0.075970 0.002621 0.015172 0.005227  0.000000 -0.000000  0.000000 0.000000 0.000000 0.000000
19.736000  0.352414 -0.167879 -0.065766 0.002792 0.015135 0.005049  0.000000 -0.000000  0.000000 0.000000 0.000000 0.000000
19.773000  0.347164 -0.165427 -0.080607 0.003069 0.015260 0.005196  0.000000 -0.000000  0.000000 0.000000 0.000000 0.000000
19.802000  0.334577 -0.167757 -0.070257 0.002282 0.014958 0.005150  0.000000 -0.000000  0.000000 0.000000 0.000000 0.000000
19.839000  0.329830 -0.147584 -0.079760 0.002654 0.014942 0.005474  0.000000 -0.000000  0.000000 0.000000 0.000000 0.000000
19.872000  0.326536 -0.154395 -0.068204 0.002301 0.014894 0.005741  0.000000 -0.000000  0.000000 0.000000 0.000000 0.000000
19.906000  0.298968 -0.106932 -0.089049 0.001483 0.014536 0.006521  0.000000 -0.000000  0.000000 0.000000 0.000000 0.000000
19.939000  0.347045 -0.151450 -0.084676 0.001828 0.014621 0.006679  0.000000 -0.000000  0.000000 0.000000 0.000000 0.000000
19.974000  0.326108 -0.149706 -0.076874 0.001641 0.014478 0.006941  0.000000 -0.000000  0.000000 0.000000 0.000000 0.000000
20.007000  0.315281 -0.144934 -0.065636 0.001534 0.014378 0.006926  0.000000 -0.000000  0.000000 0.000000 0.000000 0.000000
20.041000  0.309682 -0.129025 -0.084229 0.001685 0.014362 0.007380  0.000000 -0.000000  0.000000 0.000000 0.000000 0.000000
20.077000  0.332096 -0.159799 -0.096147 0.002091 0.014565 0.006795  0.000000 -0.000000  0.000000 0.000000 0.000000 0.000000
20.112000  0.338649 -0.152585 -0.055593 0.002195 0.014655 0.006477  0.000000 -0.000000  0.000000 0.000000 0.000000 0.000000
20.149000  0.323529 -0.145003 -0.075873 0.002320 0.014563 0.006509  0.000000 -0.000000  0.000000 0.000000 0.000000 0.000000
20.181000  0.332679 -0.157150 -0.077275 0.002402 0.014903 0.006379  0.000000 -0.000000  0.000000 0.000000 0.000000 0.000000
20.215000  0.337063 -0.159699 -0.076136 0.002386 0.015100 0.006323  0.000000 -0.000000  0.000000 0.000000 0.000000 0.000000
20.247000  0.342729 -0.158813 -0.079946 0.002221 0.015183 0.005974  0.000000 -0.000000  0.000000 0.000000 0.000000 0.000000
20.283000  0.322835 -0.148836 -0.084625 0.002357 0.015141 0.005919  0.000000 -0.000000  0.000000 0.000000 0.000000 0.000000
20.316000  0.357607 -0.177008 -0.058800 0.002309 0.015328 0.006088  0.000000 -0.000000  0.000000 0.000000 0.000000 0.000000
20.350000  0.334467 -0.160085 -0.090942 0.002658 0.015570 0.005985  0.000000 -0.000000  0.000000 0.000000 0.000000 0.000000
20.383000  0.343732 -0.160822 -0.069285 0.002381 0.015433 0.005824  0.000000 -0.000000  0.000000 0.000000 0.000000 0.000000
20.416000  0.347130 -0.163701 -0.058020 0.001874 0.015104 0.005961  0.000000 -0.000000  0.000000 0.000000 0.000000 0.000000
20.464000  0.357017 -0.167326 -0.076316 0.001470 0.015326 0.005863  0.000000 -0.000000  0.000000 0.000000 0.000000 0.000000
20.495000  0.341189 -0.161098 -0.070894 0.001420 0.015355 0.006009  0.000000 -0.000000  0.000000 0.000000 0.000000 0.000000
20.532000  0.330089 -0.157493 -0.086725 0.001287 0.015419 0.006419  0.000000 -0.000000  0.000000 0.000000 0.000000 0.000000
20.564000  0.368815 -0.170507 -0.078483 0.001797 0.015665 0.005049  0.000000 -0.000000  0.000000 0.000000 0.000000 0.000000
20.597000  0.349976 -0.157311 -0.072376 0.002185 0.015589 0.005240  0.000000 -0.000000  0.000000 0.000000 0.000000 0.000000
20.630000  0.364309 -0.174082 -0.074257 0.002358 0.015399 0.005011  0.000000 -0.000000  0.000000 0.000000 0.000000 0.000000
20.666000  0.316571 -0.143314 -0.110485 0.001301 0.015286 0.005258  0.000000 -0.000000  0.000000 0.000000 0.000000 0.000000
20.698000  0.364089 -0.171352 -0.074294 0.001748 0.015234 0.005642  0.000000 -0.000000  0.000000 0.000000 0.000000 0.000000
20.734000  0.335281 -0.147723 -0.077006 0.001765 0.015008 0.005996  0.000000 -0.000000  0.000000 0.000000 0.000000 0.000000
20.768000  0.334493 -0.155468 -0.062742 0.001521 0.014938 0.006114  0.000000 -0.000000  0.000000 0.000000 0.000000 0.000000
20.806000  0.341220 -0.153735 -0.074986 0.001419 0.015129 0.006558  0.000000 -0.000000  0.000000 0.000000 0.000000 0.000000
20.836000  0.318474 -0.135929 -0.093083 0.001277 0.014943 0.006823  0.000000 -0.000000  0.000000 0.000000 0.000000 0.000000
20.870000  0.314658 -0.139945 -0.065533 0.000964 0.014779 0.006913  0.000000 -0.000000  0.000000 0.000000 0.000000 0.000000
20.905000  0.327540 -0.150174 -0.087919 0.001015 0.014859 0.006961  0.000000 -0.000000  0.000000 0.000000 0.000000 0.000000
20.952000  0.336252 -0.152986 -0.062109 0.000729 0.014442 0.006961  0.000000 -0.000000  0.000000 0.000000 0.000000 0.000000
21.000000  0.318816 -0.137468 -0.088005 0.001327 0.014574 0.007075  0.000000 -0.000000  0.000000 0.000000 0.000000 0.000000
21.041000  0.325045 -0.147021 -0.092837 0.001105 0.014681 0.007053  0.000000 -0.000000  0.000000 0.000000 0.000000 0.000000
21.073000  0.316939 -0.143639 -0.071015 0.001333 0.014922 0.006873  0.000000 -0.000000  0.000000 0.000000 0.000000 0.000000
21.106000  0.369112 -0.168740 -0.065916 0.001509 0.015311 0.006767  0.000000 -0.000000  0.000000 0.000000 0.000000 0.000000
21.141000  0.339305 -0.171451 -0.099748 0.001754 0.015560 0.006475  0.000000 -0.000000  0.000000 0.000000 0.000000 0.000000
21.175000  0.342847 -0.158687 -0.056986 0.001380 0.015325 0.006468  0.000000 -0.000000  0.000000 0.000000 0.000000 0.000000
21.208000  0.340076 -0.155431 -0.071620 0.001885 0.015483 0.006371  0.000000 -0.000000  0.000000 0.000000 0.000000 0.000000
21.276000  0.350289 -0.170162 -0.073626 0.001638 0.015034 0.006196  0.000000 -0.000000  0.000000 0.000000 0.000000 0.000000
21.313000  0.344416 -0.162032 -0.084473 0.001760 0.015198 0.006066  0.000000 -0.000000  0.000000 0.000000 0.000000 0.000000
21.344000  0.342730 -0.175317 -0.085124 0.001792 0.015057 0.005910  0.000000 -0.000000  0.000000 0.000000 0.000000 0.000000
21.378000  0.333591 -0.161656 -0.072944 0.001776 0.015081 0.005765  0.000000 -0.000000  0.000000 0.000000 0.000000 0.000000
21.417000  0.361407 -0.163690 -0.068211 0.001927 0.015246 0.005953  0.000000 -0.000000  0.000000 0.000000 0.000000 0.000000
21.448000  0.350483 -0.179714 -0.074442 0.001678 0.015332 0.005851  0.000000 -0.000000  0.000000 0.000000 0.000000 0.000000
21.494000  0.316333 -0.145049 -0.076066 0.001617 0.015149 0.006285  0.000000 -0.000000  0.000000 0.000000 0.000000 0.000000
21.532000  0.322820 -0.156241 -0.092404 0.001910 0.015216 0.006484  0.000000 -0.000000  0.000000 0.000000 0.000000 0.000000
21.568000  0.336601 -0.163722 -0.067251 0.002057 0.015136 0.006448  0.000000 -0.000000  0.000000 0.000000 0.000000 0.000000
21.603000  0.336528 -0.148161 -0.062740 0.001955 0.014969 0.006494  0.000000 -0.000000  0.000000 0.000000 0.000000 0.000000
21.642000  0.321884 -0.146781 -0.084889 0.001928 0.015085 0.006524  0.000000 -0.000000  0.000000 0.000000 0.000000 0.000000
21.675000  0.337626 -0.169257 -0.070742 0.001726 0.015103 0.006469  0.000000 -0.000000  0.000000 0.000000 0.000000 0.000000
21.705000  0.388935 -0.191772 -0.059305 0.002133 0.015473 0.005740  0.000000 -0.000000  0.000000 0.000000 0.000000 0.000000
21.745000  0.346250 -0.159684 -0.070539 0.002172 0.015431 0.005800  0.000000 -0.000000  0.000000 0.000000 0.000000 0.000000
21.784000  0.333640 -0.162697 -0.075057 0.002117 0.015457 0.005659  0.000000 -0.000000  0.000000 0.000000 0.000000 0.000000
21.822000  0.344526 -0.161261 -0.075245 0.002158 0.015524 0.005790  0.000000 -0.000000  0.000000 0.000000 0.000000 0.000000
21.857000  0.330086 -0.150429 -0.060909 0.002241 0.015563 0.006307  0.000000 -0.000000  0.000000 0.000000 0.000000 0.000000
21.892000  0.344941 -0.159536 -0.059332 0.002185 0.015474 0.006111  0.000000 -0.000000  0.000000 0.000000 0.000000 0.000000
21.926000  0.341366 -0.156101 -0.069371 0.001945 0.015393 0.006057  0.000000 -0.000000  0.000000 0.000000 0.000000 0.000000
21.962000  0.340862 -0.164401 -0.066469 0.002121 0.015323 0.006003  0.000000 -0.000000  0.000000 0.000000 0.000000 0.000000
21.993000  0.327245 -0.145938 -0.069638 0.002006 0.015276 0.006380  0.000000 -0.000000  0.000000 0.000000 0.000000 0.000000
22.031000  0.332645 -0.157970 -0.076449 0.002057 0.015256 0.006587  0.000000 -0.000000  0.000000 0.000000 0.000000 0.000000
22.065000  0.360622 -0.168938 -0.077449 0.002324 0.015614 0.006475  0.000000 -0.000000  0.000000 0.000000 0.000000 0.000000
22.100000  0.357012 -0.180446 -0.076439 0.002511 0.015921 0.006098  0.000000 -0.000000  0.000000 0.000000 0.000000 0.000000
22.135000  0.342670 -0.162266 -0.067727 0.002769 0.015633 0.006210  0.000000 -0.000000  0.000000 0.000000 0.000000 0.000000
22.172000  0.348112 -0.155796 -0.060908 0.002244 0.015359 0.006590  0.000000 -0.000000  0.000000 0.000000 0.000000 0.000000
22.208000  0.337789 -0.159335 -0.072129 0.001974 0.015074 0.006518  0.000000 -0.000000  0.000000 0.000000 0.000000 0.000000
22.238000  0.324221 -0.134402 -0.072358 0.001794 0.015184 0.006838  0.000000 -0.000000  0.000000 0.000000 0.000000 0.000000
22.273000  0.307027 -0.149433 -0.085513 0.001548 0.015054 0.006882  0.000000 -0.000000  0.000000 0.000000 0.000000 0.000000
22.309000  0.330096 -0.155956 -0.082213 0.001818 0.015113 0.007021  0.000000 -0.000000  0.000000 0.000000 0.000000 0.000000
22.346000  0.326848 -0.147444 -0.065794 0.001945 0.015092 0.007115  0.000000 -0.000000  0.000000 0.000000 0.000000 0.000000
22.417000  0.322814 -0.149397 -0.080160 0.001515 0.015221 0.006677  0.000000 -0.000000  0.000000 0.000000 0.000000 0.000000
22.485000  0.326641 -0.146660 -0.063908 0.001466 0.015252 0.006779  0.000000 -0.000000  0.000000 0.000000 0.000000 0.000000
22.557000  0.352836 -0.151412 -0.066207 0.001085 0.015352 0.006979  0.000000 -0.000000  0.000000 0.000000 0.000000 0.000000
22.626000  0.315819 -0.150064 -0.067861 0.000366 0.015429 0.007085  0.000000 -0.000000  0.000000 0.000000 0.000000 0.000000
22.693000  0.335596 -0.145851 -0.080432 0.001457 0.015201 0.007043  0.000000 -0.000000  0.000000 0.000000 0.000000 0.000000
22.728000  0.349338 -0.166209 -0.087066 0.001669 0.015240 0.007052  0.000000 -0.000000  0.000000 0.000000 0.000000 0.000000
22.767000  0.339530 -0.165819 -0.053616 0.001060 0.014983 0.007024  0.000000 -0.000000  0.000000 0.000000 0.000000 0.000000
22.798000  0.352308 -0.153925 -0.069124 0.001419 0.015282 0.007062  0.000000 -0.000000  0.000000 0.000000 0.000000 0.000000
22.835000  0.294860 -0.132712 -0.094104 0.001529 0.014984 0.007863  0.000000 -0.000000  0.000000 0.000000 0.000000 0.000000
22.865000  0.330270 -0.140700 -0.076893 0.002095 0.014815 0.007592  0.000000 -0.000000  0.000000 0.000000 0.000000 0.000000
22.900000  0.321946 -0.150797 -0.065403 0.002081 0.014798 0.007377  0.000000 -0.000000  0.000000 0.000000 0.000000 0.000000
22.935000  0.320975 -0.141522 -0.071799 0.001799 0.014513 0.007363  0.000000 -0.000000  0.000000 0.000000 0.000000 0.000000
22.971000  0.338833 -0.153442 -0.072686 0.001997 0.014632 0.007018  0.000000 -0.000000  0.000000 0.000000 0.000000 0.000000
23.003000  0.376967 -0.165588 -0.078773 0.002081 0.015144 0.006849  0.000000 -0.000000  0.000000 0.000000 0.000000 0.000000
23.038000  0.357476 -0.153165 -0.064344 0.001994 0.015291 0.006770  0.000000 -0.000000  0.000000 0.000000 0.000000 0.000000
23.071000  0.360495 -0.169611 -0.059994 0.002059 0.015251 0.006818  0.000000 -0.000000  0.000000 0.000000 0.000000 0.000000
23.107000  0.329044 -0.155800 -0.065359 0.001984 0.015016 0.006660  0.000000 -0.000000  0.000000 0.000000 0.000000 0.000000
23.140000  0.327955 -0.145405 -0.047992 0.001892 0.015033 0.006560  0.000000 -0.000000  0.000000 0.000000 0.000000 0.000000
23.173000  0.341378 -0.153083 -0.042319 0.001608 0.014930 0.006758  0.000000 -0.000000  0.000000 0.000000 0.000000 0.000000
23.207000  0.328212 -0.150560 -0.078097 0.001734 0.015063 0.006712  0.000000 -0.000000  0.000000 0.000000 0.000000 0.000000
23.240000  0.339225 -0.149732 -0.085529 0.002128 0.015289 0.006737  0.000000 -0.000000  0.000000 0.000000 0.000000 0.000000
23.274000  0.339155 -0.153038 -0.074539 0.001888 0.015258 0.006705  0.000000 -0.000000  0.000000 0.000000 0.000000 0.000000
23.308000  0.303831 -0.143545 -0.098407 0.002588 0.015218 0.006533  0.000000 -0.000000  0.000000 0.000000 0.000000 0.000000
23.343000  0.340614 -0.150982 -0.055777 0.002429 0.015157 0.007067  0.000000 -0.000000  0.000000 0.000000 0.000000 0.000000
23.381000  0.336493 -0.161199 -0.099661 0.002546 0.015451 0.007175  0.000000 -0.000000  0.000000 0.000000 0.000000 0.000000
23.414000  0.332265 -0.142369 -0.060500 0.002471 0.015462 0.007382  0.000000 -0.000000  0.000000 0.000000 0.000000 0.000000
23.449000  0.322152 -0.139550 -0.087410 0.002458 0.015671 0.007655  0.000000 -0.000000  0.000000 0.000000 0.000000 0.000000
23.481000  0.348091 -0.163358 -0.072991 0.002230 0.015843 0.007344  0.000000 -0.000000  0.000000 0.000000 0.000000 0.000000
23.515000  0.295240 -0.148266 -0.070136 0.002175 0.015401 0.007780  0.000000 -0.000000  0.000000 0.000000 0.000000 0.000000
23.552000  0.353201 -0.131410 -0.070031 0.002117 0.015380 0.007701  0.000000 -0.000000  0.000000 0.000000 0.000000 0.000000
23.584000  0.326070 -0.143407 -0.084549 0.002246 0.015406 0.007298  0.000000 -0.000000  0.000000 0.000000 0.000000 0.000000
23.617000  0.348504 -0.145696 -0.067685 0.002155 0.015423 0.007134  0.000000 -0.000000  0.000000 0.000000 0.000000 0.000000
23.651000  0.321883 -0.146324 -0.076039 0.001961 0.015363 0.007072  0.000000 -0.000000  0.000000 0.000000 0.000000 0.000000
23.682000  0.314395 -0.158594 -0.093257 0.001994 0.015377 0.006978  0.000000 -0.000000  0.000000 0.000000 0.000000 0.000000
23.720000  0.353943 -0.161089 -0.073159 0.001787 0.015322 0.006976  0.000000 -0.000000  0.000000 0.000000 0.000000 0.000000
23.768000  0.346044 -0.164493 -0.084249 0.001994 0.015475 0.006792  0.000000 -0.000000  0.000000 0.000000 0.000000 0.000000
23.817000  0.330782 -0.159755 -0.091027 0.002181 0.015560 0.006660  0.000000 -0.000000  0.000000 0.000000 0.000000 0.000000
23.848000  0.342971 -0.155549 -0.077968 0.002350 0.015716 0.006898  0.000000 -0.000000  0.000000 0.000000 0.000000 0.000000
23.882000  0.330837 -0.163822 -0.094996 0.002239 0.015709 0.007004  0.000000 -0.000000  0.000000 0.000000 0.000000 0.000000
23.922000  0.344028 -0.162875 -0.066979 0.002034 0.015719 0.006709  0.000000 -0.000000  0.000000 0.000000 0.000000 0.000000
23.954000  0.344560 -0.162951 -0.058399 0.001907 0.015377 0.006684  0.000000 -0.000000  0.000000 0.000000 0.000000 0.000000
23.990000  0.348141 -0.160572 -0.078811 0.001935 0.015290 0.006847  0.000000 -0.000000  0.000000 0.000000 0.000000 0.000000
24.021000  0.337845 -0.155150 -0.076784 0.001837 0.015138 0.006917  0.000000 -0.000000  0.000000 0.000000 0.000000 0.000000
24.055000  0.323150 -0.149891 -0.094407 0.001715 0.014989 0.007060  0.000000 -0.000000  0.000000 0.000000 0.000000 0.000000
24.090000  0.316078 -0.134961 -0.084130 0.001876 0.014949 0.007040  0.000000 -0.000000  0.000000 0.000000 0.000000 0.000000
24.123000  0.355964 -0.161885 -0.060554 0.001895 0.015086 0.007186  0.000000 -0.000000  0.000000 0.000000 0.000000 0.000000
24.159000  0.334477 -0.167047 -0.077429 0.002212 0.015072 0.007291  0.000000 -0.000000  0.000000 0.000000 0.000000 0.000000
24.193000  0.340775 -0.151357 -0.062541 0.002272 0.015044 0.007126  0.000000 -0.000000  0.000000 0.000000 0.000000 0.000000
24.228000  0.335042 -0.152078 -0.055930 0.002122 0.015165 0.007296  0.000000 -0.000000  0.000000 0.000000 0.000000 0.000000
24.258000  0.334747 -0.151013 -0.045953 0.001528 0.014885 0.007455  0.000000 -0.000000  0.000000 0.000000 0.000000 0.000000
24.292000  0.312690 -0.133129 -0.076800 0.001838 0.014950 0.007696  0.000000 -0.000000  0.000000 0.000000 0.000000 0.000000
24.327000  0.326804 -0.153767 -0.067226 0.001507 0.014840 0.007626  0.000000 -0.000000  0.000000 0.000000 0.000000 0.000000
24.361000  0.346000 -0.174921 -0.069799 0.002065 0.015036 0.006938  0.000000 -0.000000  0.000000 0.000000 0.000000 0.000000
24.397000  0.348327 -0.151943 -0.061311 0.001750 0.015091 0.007400  0.000000 -0.000000  0.000000 0.000000 0.000000 0.000000
24.433000  0.349336 -0.191481 -0.072297 0.001902 0.015421 0.007383  0.000000 -0.000000  0.000000 0.000000 0.000000 0.000000
24.466000  0.331758 -0.150031 -0.073786 0.001983 0.015443 0.007441  0.000000 -0.000000  0.000000 0.000000 0.000000 0.000000
24.500000  0.337804 -0.157372 -0.065654 0.002311 0.015417 0.007136  0.000000 -0.000000  0.000000 0.000000 0.000000 0.000000
24.533000  0.344910 -0.163016 -0.063789 0.002125 0.015454 0.007185  0.000000 -0.000000  0.000000 0.000000 0.000000 0.000000
24.568000  0.345991 -0.152534 -0.084261 0.002628 0.015545 0.007167  0.000000 -0.000000  0.000000 0.000000 0.000000 0.000000
24.605000  0.331363 -0.140652 -0.075365 0.002529 0.015452 0.007475  0.000000 -0.000000  0.000000 0.000000 0.000000 0.000000
24.636000  0.328760 -0.151148 -0.072529 0.002410 0.015195 0.007775  0.000000 -0.000000  0.000000 0.000000 0.000000 0.000000
24.671000  0.364133 -0.170128 -0.052177 0.001908 0.015338 0.007143  0.000000 -0.000000  0.000000 0.000000 0.000000 0.000000
24.705000  0.339593 -0.149888 -0.068867 0.001852 0.015110 0.007286  0.000000 -0.000000  0.000000 0.000000 0.000000 0.000000
24.739000  0.328500 -0.150971 -0.083494 0.001776 0.015100 0.007333  0.000000 -0.000000  0.000000 0.000000 0.000000 0.000000
24.773000  0.338375 -0.159596 -0.069844 0.001822 0.015125 0.007453  0.000000 -0.000000  0.000000 0.000000 0.000000 0.000000
24.812000  0.324727 -0.143817 -0.079156 0.002011 0.015293 0.007608  0.000000 -0.000000  0.000000 0.000000 0.000000 0.000000
24.843000  0.335405 -0.150599 -0.081494 0.001994 0.015298 0.007607  0.000000 -0.000000  0.000000 0.000000 0.000000 0.000000
24.877000  0.331043 -0.146809 -0.064606 0.001610 0.015201 0.007680  0.000000 -0.000000  0.000000 0.000000 0.000000 0.000000
24.916000  0.314325 -0.147943 -0.069510 0.001529 0.014934 0.007759  0.000000 -0.000000  0.000000 0.000000 0.000000 0.000000
24.948000  0.322187 -0.138536 -0.063291 0.001099 0.014808 0.008169  0.000000 -0.000000  0.000000 0.000000 0.000000 0.000000
24.981000  0.318971 -0.146167 -0.068389 0.000919 0.014835 0.008219  0.000000 -0.000000  0.000000 0.000000 0.000000 0.000000
25.014000  0.316836 -0.140497 -0.070520 0.001243 0.014943 0.008318  0.000000 -0.000000  0.000000 0.000000 0.000000 0.000000
25.050000  0.349861 -0.171175 -0.067698 0.001766 0.015148 0.007599  0.000000 -0.000000  0.000000 0.000000 0.000000 0.000000
25.085000  0.328298 -0.151225 -0.067292 0.001789 0.015106 0.007783  0.000000 -0.000000  0.000000 0.000000 0.000000 0.000000
25.121000  0.329435 -0.152203 -0.072450 0.002078 0.015155 0.008023  0.000000 -0.000000  0.000000 0.000000 0.000000 0.000000
25.153000  0.334009 -0.156162 -0.058340 0.001779 0.014924 0.007704  0.000000 -0.000000  0.000000 0.000000 0.000000 0.000000
25.188000  0.314999 -0.135991 -0.081124 0.002505 0.015156 0.007670  0.000000 -0.000000  0.000000 0.000000 0.000000 0.000000
25.222000  0.327341 -0.147127 -0.070731 0.002268 0.014975 0.007983  0.000000 -0.000000  0.000000 0.000000 0.000000 0.000000
25.255000  0.332238 -0.151857 -0.061798 0.002120 0.014789 0.008135  0.000000 -0.000000  0.000000 0.000000 0.000000 0.000000
25.296000  0.325191 -0.149584 -0.064070 0.002043 0.015028 0.008206  0.000000 -0.000000  0.000000 0.000000 0.000000 0.000000
25.344000  0.324668 -0.127894 -0.071462 0.001432 0.015273 0.008442  0.000000 -0.000000  0.000000 0.000000 0.000000 0.000000
25.391000  0.330732 -0.146813 -0.077481 0.002049 0.015250 0.008231  0.000000 -0.000000  0.000000 0.000000 0.000000 0.000000
25.434000  0.341456 -0.149282 -0.061387 0.002409 0.015225 0.008385  0.000000 -0.000000  0.000000 0.000000 0.000000 0.000000
25.465000  0.327532 -0.172348 -0.077851 0.002665 0.015274 0.007840  0.000000 -0.000000  0.000000 0.000000 0.000000 0.000000
25.500000  0.342730 -0.160470 -0.078720 0.002676 0.015373 0.007607  0.000000 -0.000000  0.000000 0.000000 0.000000 0.000000
25.535000  0.317068 -0.161996 -0.072580 0.002804 0.015337 0.007481  0.000000 -0.000000  0.000000 0.000000 0.000000 0.000000
25.570000  0.330094 -0.143752 -0.075505 0.003174 0.015256 0.007876  0.000000 -0.000000  0.000000 0.000000 0.000000 0.000000
25.602000  0.346087 -0.160649 -0.067432 0.003194 0.015506 0.007770  0.000000 -0.000000  0.000000 0.000000 0.000000 0.000000
25.637000  0.337273 -0.158444 -0.072006 0.002672 0.015442 0.007751  0.000000 -0.000000  0.000000 0.000000 0.000000 0.000000
25.671000  0.340212 -0.151311 -0.062055 0.002471 0.015421 0.007433  0.000000 -0.000000  0.000000 0.000000 0.000000 0.000000
25.704000  0.331414 -0.162136 -0.046876 0.002855 0.015145 0.007581  0.000000 -0.000000  0.000000 0.000000 0.000000 0.000000
25.735000  0.335904 -0.158623 -0.081433 0.002441 0.015304 0.007566  0.000000 -0.000000  0.000000 0.000000 0.000000 0.000000
25.808000  0.322362 -0.136450 -0.089988 0.002856 0.015339 0.008011  0.000000 -0.000000  0.000000 0.000000 0.000000 0.000000
25.880000  0.354061 -0.159102 -0.084526 0.002739 0.015454 0.008046  0.000000 -0.000000  0.000000 0.000000 0.000000 0.000000
25.951000  0.328981 -0.153738 -0.110263 0.002040 0.015939 0.008118  0.000000 -0.000000  0.000000 0.000000 0.000000 0.000000
26.017000  0.330807 -0.132212 -0.087241 0.002079 0.015977 0.008270  0.000000 -0.000000  0.000000 0.000000 0.000000 0.000000
26.054000  0.340648 -0.164401 -0.078933 0.001803 0.015739 0.007537  0.000000 -0.000000  0.000000 0.000000 0.000000 0.000000
26.124000  0.359369 -0.153801 -0.059008 0.001622 0.015655 0.007023  0.000000 -0.000000  0.000000 0.000000 0.000000 0.000000
26.191000  0.339983 -0.153423 -0.073483 0.001424 0.015723 0.006942  0.000000 -0.000000  0.000000 0.000000 0.000000 0.000000
26.224000  0.338293 -0.154262 -0.069482 0.001604 0.015470 0.007109  0.000000 -0.000000  0.000000 0.000000 0.000000 0.000000
26.259000  0.337447 -0.150375 -0.067375 0.001573 0.015105 0.007579  0.000000 -0.000000  0.000000 0.000000 0.000000 0.000000
26.292000  0.327463 -0.154248 -0.074146 0.001555 0.015080 0.007266  0.000000 -0.000000  0.000000 0.000000 0.000000 0.000000
26.364000  0.315178 -0.142325 -0.076913 0.001827 0.014652 0.007693  0.000000 -0.000000  0.000000 0.000000 0.000000 0.000000
26.430000  0.329889 -0.133013 -0.057944 0.001652 0.014744 0.008285  0.000000 -0.000000  0.000000 0.000000 0.000000 0.000000
26.464000  0.320834 -0.154321 -0.103935 0.002200 0.015199 0.008428  0.000000 -0.000000  0.000000 0.000000 0.000000 0.000000
26.500000  0.327839 -0.144055 -0.078422 0.002688 0.015172 0.008177  0.000000 -0.000000  0.000000 0.000000 0.000000 0.000000
26.533000  0.330464 -0.146041 -0.067096 0.002715 0.015399 0.008031  0.000000 -0.000000  0.000000 0.000000 0.000000 0.000000
26.587000  0.345467 -0.167896 -0.059294 0.001943 0.015482 0.008053  0.000000 -0.000000  0.000000 0.000000 0.000000 0.000000
26.621000  0.315190 -0.139007 -0.077541 0.001616 0.015552 0.008247  0.000000 -0.000000  0.000000 0.000000 0.000000 0.000000
26.656000  0.319546 -0.157644 -0.074490 0.001527 0.015465 0.008222  0.000000 -0.000000  0.000000 0.000000 0.000000 0.000000
26.694000  0.321434 -0.147837 -0.073750 0.001317 0.015373 0.008317  0.000000 -0.000000  0.000000 0.000000 0.000000 0.000000
26.731000  0.343672 -0.153005 -0.065830 0.001457 0.015357 0.007984  0.000000 -0.000000  0.000000 0.000000 0.000000 0.000000
26.822000  0.344634 -0.151802 -0.063756 0.001047 0.014962 0.007816  0.000000 -0.000000  0.000000 0.000000 0.000000 0.000000
26.852000  0.321181 -0.152761 -0.074613 0.001099 0.015119 0.007824  0.000000 -0.000000  0.000000 0.000000 0.000000 0.000000
26.889000  0.335286 -0.149495 -0.070273 0.001074 0.014888 0.008171  0.000000 -0.000000  0.000000 0.000000 0.000000 0.000000
26.924000  0.320816 -0.144966 -0.074895 0.001326 0.014807 0.007948  0.000000 -0.000000  0.000000 0.000000 0.000000 0.000000
26.956000  0.312643 -0.124515 -0.065009 0.001121 0.014621 0.008176  0.000000 -0.000000  0.000000 0.000000 0.000000 0.000000
26.990000  0.320836 -0.134407 -0.072474 0.001326 0.014788 0.008321  0.000000 -0.000000  0.000000 0.000000 0.000000 0.000000
27.025000  0.341824 -0.162870 -0.074913 0.001462 0.015024 0.007924  0.000000 -0.000000  0.000000 0.000000 0.000000 0.000000
27.058000  0.309222 -0.139193 -0.066178 0.001503 0.014977 0.008101  0.000000 -0.000000  0.000000 0.000000 0.000000 0.000000
27.096000  0.347237 -0.146204 -0.049830 0.001203 0.014933 0.008037  0.000000 -0.000000  0.000000 0.000000 0.000000 0.000000
27.136000  0.330050 -0.147821 -0.056084 0.000624 0.014558 0.008190  0.000000 -0.000000  0.000000 0.000000 0.000000 0.000000
27.173000  0.328189 -0.144149 -0.089370 0.001127 0.014960 0.008387  0.000000 -0.000000  0.000000 0.000000 0.000000 0.000000
27.205000  0.339772 -0.161153 -0.087223 0.001437 0.015184 0.008128  0.000000 -0.000000  0.000000 0.000000 0.000000 0.000000
27.244000  0.318234 -0.146670 -0.069587 0.001499 0.014994 0.007959  0.000000 -0.000000  0.000000 0.000000 0.000000 0.000000
27.293000  0.343794 -0.160001 -0.061952 0.001399 0.014876 0.008265  0.000000 -0.000000  0.000000 0.000000 0.000000 0.000000
27.334000  0.351651 -0.207653 -0.082681 0.002013 0.015416 0.007765  0.000000 -0.000000  0.000000 0.000000 0.000000 0.000000
27.367000  0.342254 -0.158109 -0.069464 0.002654 0.015488 0.007499  0.000000 -0.000000  0.000000 0.000000 0.000000 0.000000
27.401000  0.349197 -0.162649 -0.060681 0.002686 0.015783 0.007287  0.000000 -0.000000  0.000000 0.000000 0.000000 0.000000
27.434000  0.354918 -0.154560 -0.076350 0.002288 0.015698 0.007472  0.000000 -0.000000  0.000000 0.000000 0.000000 0.000000
27.469000  0.314973 -0.136683 -0.091322 0.002149 0.015744 0.008032  0.000000 -0.000000  0.000000 0.000000 0.000000 0.000000
27.504000  0.334093 -0.191927 -0.080505 0.001921 0.015684 0.007861  0.000000 -0.000000  0.000000 0.000000 0.000000 0.000000
27.535000  0.338028 -0.166398 -0.067368 0.001594 0.015407 0.007769  0.000000 -0.000000  0.000000 0.000000 0.000000 0.000000
27.571000  0.360832 -0.158890 -0.065473 0.001325 0.015447 0.007836  0.000000 -0.000000  0.000000 0.000000 0.000000 0.000000
27.605000  0.340358 -0.159122 -0.087889 0.001476 0.015564 0.007867  0.000000 -0.000000  0.000000 0.000000 0.000000 0.000000
27.637000  0.260004 -0.095568 -0.160199 0.000239 0.015791 0.009250  0.000000 -0.000000  0.000000 0.000000 0.000000 0.000000
27.671000  0.318323 -0.137336 -0.083029 0.000158 0.015555 0.009069  0.000000 -0.000000  0.000000 0.000000 0.000000 0.000000
27.705000  0.332230 -0.141432 -0.068767 0.000078 0.015384 0.009126  0.000000 -0.000000  0.000000 0.000000 0.000000 0.000000
27.739000  0.332978 -0.137733 -0.071420 0.000298 0.015376 0.008989  0.000000 -0.000000  0.000000 0.000000 0.000000 0.000000
27.774000  0.321502 -0.141132 -0.072012 -0.000070  0.015123  0.008850  0.000000 -0.000000  0.000000 0.000000 0.000000 0.000000
27.808000  0.312499 -0.133363 -0.075813 0.000477 0.014952 0.008733  0.000000 -0.000000  0.000000 0.000000 0.000000 0.000000
27.841000  0.332945 -0.131743 -0.062637 0.000694 0.015123 0.008842  0.000000 -0.000000  0.000000 0.000000 0.000000 0.000000
27.879000  0.316679 -0.143795 -0.085547 0.001148 0.015282 0.008870  0.000000 -0.000000  0.000000 0.000000 0.000000 0.000000
27.913000  0.331452 -0.157879 -0.086595 0.001669 0.015515 0.008260  0.000000 -0.000000  0.000000 0.000000 0.000000 0.000000
27.950000  0.317636 -0.133614 -0.083645 0.001716 0.015538 0.008422  0.000000 -0.000000  0.000000 0.000000 0.000000 0.000000
27.996000  0.327703 -0.150857 -0.071968 0.001791 0.015371 0.008163  0.000000 -0.000000  0.000000 0.000000 0.000000 0.000000
28.046000  0.333002 -0.145935 -0.075647 0.002060 0.015317 0.008091  0.000000 -0.000000  0.000000 0.000000 0.000000 0.000000
28.092000  0.335745 -0.151028 -0.069097 0.001632 0.015221 0.007960  0.000000 -0.000000  0.000000 0.000000 0.000000 0.000000
28.125000  0.333333 -0.156254 -0.059542 0.001618 0.015052 0.007855  0.000000 -0.000000  0.000000 0.000000 0.000000 0.000000
28.158000  0.328682 -0.155550 -0.067286 0.001494 0.014961 0.008120  0.000000 -0.000000  0.000000 0.000000 0.000000 0.000000
28.194000  0.330711 -0.157462 -0.063356 0.001279 0.014931 0.008126  0.000000 -0.000000  0.000000 0.000000 0.000000 0.000000
28.228000  0.326363 -0.147918 -0.078170 0.001840 0.015022 0.007858  0.000000 -0.000000  0.000000 0.000000 0.000000 0.000000
28.261000  0.329334 -0.143636 -0.070441 0.001940 0.014874 0.007985  0.000000 -0.000000  0.000000 0.000000 0.000000 0.000000
28.291000  0.341278 -0.152777 -0.054570 0.001815 0.014960 0.008079  0.000000 -0.000000  0.000000 0.000000 0.000000 0.000000
28.332000  0.334004 -0.142649 -0.074603 0.002498 0.015062 0.008385  0.000000 -0.000000  0.000000 0.000000 0.000000 0.000000
28.365000  0.334126 -0.150834 -0.072907 0.002499 0.014755 0.008226  0.000000 -0.000000  0.000000 0.000000 0.000000 0.000000
28.397000  0.316814 -0.135835 -0.081995 0.002766 0.014774 0.008405  0.000000 -0.000000  0.000000 0.000000 0.000000 0.000000
28.433000  0.342892 -0.155202 -0.059993 0.002296 0.014838 0.008419  0.000000 -0.000000  0.000000 0.000000 0.000000 0.000000
28.469000  0.331130 -0.155960 -0.069857 0.002086 0.014823 0.008601  0.000000 -0.000000  0.000000 0.000000 0.000000 0.000000
28.501000  0.326918 -0.146524 -0.068594 0.002133 0.014899 0.008592  0.000000 -0.000000  0.000000 0.000000 0.000000 0.000000
28.535000  0.322065 -0.134529 -0.097343 0.002005 0.015064 0.008034  0.000000 -0.000000  0.000000 0.000000 0.000000 0.000000
28.569000  0.322750 -0.142857 -0.072869 0.002304 0.015103 0.008312  0.000000 -0.000000  0.000000 0.000000 0.000000 0.000000
28.602000  0.335094 -0.142588 -0.074605 0.002667 0.015190 0.008570  0.000000 -0.000000  0.000000 0.000000 0.000000 0.000000
28.636000  0.321703 -0.141927 -0.066327 0.002318 0.014976 0.008440  0.000000 -0.000000  0.000000 0.000000 0.000000 0.000000
28.671000  0.330637 -0.142441 -0.077535 0.002616 0.014867 0.008589  0.000000 -0.000000  0.000000 0.000000 0.000000 0.000000
28.705000  0.323029 -0.156447 -0.073606 0.002459 0.014989 0.008424  0.000000 -0.000000  0.000000 0.000000 0.000000 0.000000
28.739000  0.338200 -0.159176 -0.063873 0.002131 0.014940 0.008338  0.000000 -0.000000  0.000000 0.000000 0.000000 0.000000
28.776000  0.358327 -0.152501 -0.065443 0.002528 0.015248 0.008261  0.000000 -0.000000  0.000000 0.000000 0.000000 0.000000
28.808000  0.331992 -0.151782 -0.075475 0.002909 0.015281 0.007893  0.000000 -0.000000  0.000000 0.000000 0.000000 0.000000
28.844000  0.331365 -0.154799 -0.068751 0.002797 0.015098 0.008118  0.000000 -0.000000  0.000000 0.000000 0.000000 0.000000
28.874000  0.337962 -0.161496 -0.054908 0.002405 0.015030 0.008056  0.000000 -0.000000  0.000000 0.000000 0.000000 0.000000
28.913000  0.332176 -0.148176 -0.059972 0.001923 0.014938 0.008115  0.000000 -0.000000  0.000000 0.000000 0.000000 0.000000
28.947000  0.331542 -0.147091 -0.084194 0.002402 0.015357 0.008162  0.000000 -0.000000  0.000000 0.000000 0.000000 0.000000
28.979000  0.340542 -0.159236 -0.068202 0.002516 0.015411 0.008060  0.000000 -0.000000  0.000000 0.000000 0.000000 0.000000
29.012000  0.343106 -0.169499 -0.054177 0.002297 0.015103 0.007907  0.000000 -0.000000  0.000000 0.000000 0.000000 0.000000
29.048000  0.323077 -0.169249 -0.074723 0.002346 0.015034 0.008011  0.000000 -0.000000  0.000000 0.000000 0.000000 0.000000
29.084000  0.310124 -0.146122 -0.075166 0.002108 0.014764 0.008534  0.000000 -0.000000  0.000000 0.000000 0.000000 0.000000
29.116000  0.342553 -0.143501 -0.057383 0.002169 0.014746 0.008390  0.000000 -0.000000  0.000000 0.000000 0.000000 0.000000
29.147000  0.328586 -0.146270 -0.063319 0.002306 0.014814 0.008002  0.000000 -0.000000  0.000000 0.000000 0.000000 0.000000
29.184000  0.333965 -0.155013 -0.058021 0.002264 0.014642 0.008111  0.000000 -0.000000  0.000000 0.000000 0.000000 0.000000
29.220000  0.318092 -0.135705 -0.088481 0.002517 0.014815 0.008428  0.000000 -0.000000  0.000000 0.000000 0.000000 0.000000
29.252000  0.335049 -0.158161 -0.076929 0.002502 0.015060 0.008465  0.000000 -0.000000  0.000000 0.000000 0.000000 0.000000
29.287000  0.313010 -0.138688 -0.074806 0.002564 0.015008 0.008401  0.000000 -0.000000  0.000000 0.000000 0.000000 0.000000
29.321000  0.320480 -0.137155 -0.057623 0.002100 0.014840 0.009024  0.000000 -0.000000  0.000000 0.000000 0.000000 0.000000
29.359000  0.321553 -0.143021 -0.070642 0.001946 0.014886 0.008589  0.000000 -0.000000  0.000000 0.000000 0.000000 0.000000
29.424000  0.323550 -0.141478 -0.067415 0.001969 0.014779 0.008852  0.000000 -0.000000  0.000000 0.000000 0.000000 0.000000
29.460000  0.344848 -0.150462 -0.051757 0.001320 0.014888 0.008440  0.000000 -0.000000  0.000000 0.000000 0.000000 0.000000
29.495000  0.347626 -0.169516 -0.069106 0.001325 0.015192 0.007995  0.000000 -0.000000  0.000000 0.000000 0.000000 0.000000
29.528000  0.306505 -0.126835 -0.084666 0.001968 0.014931 0.008507  0.000000 -0.000000  0.000000 0.000000 0.000000 0.000000
29.562000  0.339276 -0.133849 -0.077622 0.002177 0.015307 0.008245  0.000000 -0.000000  0.000000 0.000000 0.000000 0.000000
29.597000  0.335044 -0.152827 -0.059434 0.001968 0.015352 0.008144  0.000000 -0.000000  0.000000 0.000000 0.000000 0.000000
29.630000  0.339549 -0.132708 -0.069301 0.001984 0.015452 0.007981  0.000000 -0.000000  0.000000 0.000000 0.000000 0.000000
29.665000  0.324357 -0.147106 -0.061556 0.002170 0.015320 0.008120  0.000000 -0.000000  0.000000 0.000000 0.000000 0.000000
29.700000  0.329144 -0.154054 -0.063769 0.001787 0.015118 0.008229  0.000000 -0.000000  0.000000 0.000000 0.000000 0.000000
29.732000  0.335237 -0.142671 -0.100611 0.002467 0.015304 0.008139  0.000000 -0.000000  0.000000 0.000000 0.000000 0.000000
29.766000  0.349463 -0.175860 -0.061336 0.002183 0.015477 0.007916  0.000000 -0.000000  0.000000 0.000000 0.000000 0.000000
29.801000  0.331287 -0.158120 -0.072272 0.002184 0.015440 0.008033  0.000000 -0.000000  0.000000 0.000000 0.000000 0.000000
29.837000  0.346252 -0.164246 -0.068759 0.002149 0.015508 0.007839  0.000000 -0.000000  0.000000 0.000000 0.000000 0.000000
29.875000  0.350466 -0.171282 -0.087818 0.002407 0.015535 0.007448  0.000000 -0.000000  0.000000 0.000000 0.000000 0.000000
29.907000  0.339422 -0.159397 -0.069538 0.002021 0.015612 0.007351  0.000000 -0.000000  0.000000 0.000000 0.000000 0.000000
29.941000  0.337871 -0.157340 -0.073911 0.001627 0.015422 0.007501  0.000000 -0.000000  0.000000 0.000000 0.000000 0.000000
29.974000  0.339684 -0.154055 -0.074927 0.001926 0.015082 0.007902  0.000000 -0.000000  0.000000 0.000000 0.000000 0.000000
30.008000  0.345923 -0.160364 -0.079410 0.002408 0.015178 0.007778  0.000000 -0.000000  0.000000 0.000000 0.000000 0.000000
30.043000  0.347681 -0.166381 -0.063006 0.001563 0.015163 0.007800  0.000000 -0.000000  0.000000 0.000000 0.000000 0.000000
30.078000  0.316377 -0.142828 -0.079014 0.001923 0.015214 0.008077  0.000000 -0.000000  0.000000 0.000000 0.000000 0.000000
30.110000  0.359775 -0.171652 -0.055126 0.001834 0.015329 0.007857  0.000000 -0.000000  0.000000 0.000000 0.000000 0.000000
30.144000  0.368028 -0.188499 -0.073326 0.001814 0.015507 0.007519  0.000000 -0.000000  0.000000 0.000000 0.000000 0.000000
30.179000  0.356459 -0.168967 -0.070223 0.001812 0.015657 0.007143  0.000000 -0.000000  0.000000 0.000000 0.000000 0.000000
30.212000  0.336170 -0.151069 -0.074846 0.002070 0.015824 0.007231  0.000000 -0.000000  0.000000 0.000000 0.000000 0.000000
30.247000 -0.054517  0.313895 -0.050903 0.002595 0.016277 0.009893  0.000000 -0.000000  0.000000 0.000000 0.000000 0.000000
30.280000 -0.411439  0.766012 -0.014758 0.003617 0.016985 0.018947  0.000000 -0.000000  0.000000 0.000000 0.000000 0.000000
30.320000 -0.738928  1.216259 -0.016016 0.004665 0.018608 0.035015  0.000000 -0.000000  0.000000 0.000000 0.000000 0.000000
30.352000 -1.042682  1.559856  0.000340 0.006157 0.019670 0.049102  0.000000 -0.000000  0.000000 0.000000 0.000000 0.000000
30.388000 -1.302494  1.847327 -0.032247 0.007089 0.020413 0.063588  0.000000 -0.000000  0.000000 0.000000 0.000000 0.000000
30.427000 -1.399124  1.987170 -0.073432 0.009409 0.021790 0.075368  0.000000 -0.000000  0.000000 0.000000 0.000000 0.000000
30.460000 -1.403311  1.954090 -0.056010 0.010596 0.023019 0.082828  0.000000 -0.000000  0.000000 0.000000 0.000000 0.000000
30.494000 -1.324676  1.872210 -0.058808 0.011970 0.024340 0.089210  0.000000 -0.000000  0.000000 0.000000 0.000000 0.000000
30.531000 -1.077128  1.472155 -0.327770 0.013360 0.029879 0.092658  0.000000 -0.000000  0.000000 0.000000 0.000000 0.000000
30.563000 -0.996075  1.428800 -0.094341 0.015631 0.031154 0.100014  0.000000 -0.000000  0.000000 0.000000 0.000000 0.000000
30.595000 -0.704696  1.241289 -0.057656 0.018245 0.032857 0.108743  0.000000 -0.000000  0.000000 0.000000 0.000000 0.000000
30.630000 -0.415083  0.948851 -0.047277 0.021412 0.034434 0.120057  0.000000 -0.000000  0.000000 0.000000 0.000000 0.000000
30.665000 -0.101755  0.661607 -0.053224 0.024745 0.036529 0.132853  0.000000 -0.000000  0.000000 0.000000 0.000000 0.000000
30.700000  0.177908  0.328242 -0.075252 0.028227 0.038886 0.147452  0.000000 -0.000000  0.000000 0.000000 0.000000 0.000000
30.733000  0.474391 -0.002401 -0.040876 0.031947 0.040921 0.161927  0.000000 -0.000000  0.000000 0.000000 0.000000 0.000000
30.769000  0.677527 -0.359184 -0.033113 0.035014 0.043271 0.179155  0.000000 -0.000000  0.000000 0.000000 0.000000 0.000000
30.801000  0.819942 -0.636391 -0.071725 0.038302 0.045427 0.195965  0.000000 -0.000000  0.000000 0.000000 0.000000 0.000000
30.836000  0.970432 -0.912584 -0.085911 0.041555 0.048533 0.214701  0.000000 -0.000000  0.000000 0.000000 0.000000 0.000000
30.870000  1.092186 -1.142142 -0.100505 0.044770 0.051351 0.234036  0.000000 -0.000000  0.000000 0.000000 0.000000 0.000000
30.903000  1.215031 -1.345468 -0.088911 0.047782 0.053759 0.253265  0.000000 -0.000000  0.000000 0.000000 0.000000 0.000000
30.937000  1.315436 -1.517804 -0.067170 0.050554 0.056006 0.274585  0.000000 -0.000000  0.000000 0.000000 0.000000 0.000000
30.971000  1.411906 -1.642577 -0.078207 0.052957 0.058339 0.297000  0.000000 -0.000000  0.000000 0.000000 0.000000 0.000000
31.008000  1.470838 -1.728466 -0.094924 0.055433 0.060663 0.322697  0.000000 -0.000000  0.000000 0.000000 0.000000 0.000000
31.041000  1.501039 -1.751186 -0.081804 0.057169 0.062457 0.346327  0.000000 -0.000000  0.000000 0.000000 0.000000 0.000000
31.074000  1.470423 -1.706840 -0.066610 0.059391 0.063198 0.372588  0.000000 -0.000000  0.000000 0.000000 0.000000 0.000000
31.108000  1.549027 -1.732788 -0.109147 0.061081 0.065008 0.398859  0.000000 -0.000000  0.000000 0.000000 0.000000 0.000000
31.142000  1.528049 -1.648615 -0.074648 0.062418 0.066057 0.426648  0.000000 -0.000000  0.000000 0.000000 0.000000 0.000000
31.176000  1.474230 -1.585988 -0.067961 0.063748 0.066930 0.455503  0.000000 -0.000000  0.000000 0.000000 0.000000 0.000000
31.209000  1.417887 -1.493281 -0.058764 0.064261 0.067594 0.484635  0.000000 -0.000000  0.000000 0.000000 0.000000 0.000000
31.244000  1.341319 -1.398170 -0.083398 0.064838 0.068202 0.515770  0.000000 -0.000000  0.000000 0.000000 0.000000 0.000000
31.285000  1.241136 -1.252572 -0.069095 0.064690 0.068384 0.553025  0.000000 -0.000000  0.000000 0.000000 0.000000 0.000000
31.318000  1.142967 -1.136632 -0.063435 0.064223 0.068046 0.583732  0.000000 -0.000000  0.000000 0.000000 0.000000 0.000000
31.354000  1.052900 -0.986275 -0.032216 0.063661 0.067791 0.616762  0.000000 -0.000000  0.000000 0.000000 0.000000 0.000000
31.386000  0.935302 -0.864366 -0.108007 0.063224 0.067680 0.646995  0.000000 -0.000000  0.000000 0.000000 0.000000 0.000000
31.420000  0.820335 -0.684977 -0.064081 0.062444 0.067383 0.679604  0.000000 -0.000000  0.000000 0.000000 0.000000 0.000000
31.460000  0.687073 -0.497057 -0.071756 0.061639 0.067012 0.717773  0.000000 -0.000000  0.000000 0.000000 0.000000 0.000000
31.492000  0.568764 -0.336422 -0.040513 0.061168 0.066289 0.749525  0.000000 -0.000000  0.000000 0.000000 0.000000 0.000000
31.527000  0.465705 -0.160863 -0.008413 0.060613 0.065688 0.786291  0.000000 -0.000000  0.000000 0.000000 0.000000 0.000000
31.592000  0.251310  0.088463 -0.056005 0.059122 0.064453 0.861552  0.000000 -0.000000  0.000000 0.000000 0.000000 0.000000
31.628000  0.146248  0.178823 -0.154124 0.056766 0.064641 0.903583  0.000000 -0.000000  0.000000 0.000000 0.000000 0.000000
31.665000  0.087117  0.258278 -0.061031 0.056347 0.064027 0.948892  0.000000 -0.000000  0.000000 0.000000 0.000000 0.000000
31.732000  0.054102  0.385858 -0.018692 0.054603 0.062702 1.026366  0.000000 -0.000000  0.000000 0.000000 0.000000 0.000000
31.767000  0.052255  0.442103 -0.005340 0.053970 0.061681 1.063499  0.000000 -0.000000  0.000000 0.000000 0.000000 0.000000
31.839000  0.041320  0.513843 -0.029276 0.052666 0.060634 1.129714  0.000000 -0.000000  0.000000 0.000000 0.000000 0.000000
31.911000  0.039813  0.503883 -0.022334 0.052916 0.059321 1.181399  0.000000 -0.000000  0.000000 0.000000 0.000000 0.000000
31.975000 0.029830 0.450391 0.054838 0.052712 0.057725 1.213134  0.000000 -0.000000  0.000000 0.000000 0.000000 0.000000
32.010000 0.022329 0.372953 0.046602 0.052959 0.056900 1.227118  0.000000 -0.000000  0.000000 0.000000 0.000000 0.000000
32.045000 0.006491 0.302389 0.000169 0.053252 0.057191 1.237818  0.000000 -0.000000  0.000000 0.000000 0.000000 0.000000
32.080000 -0.006737  0.196562 -0.015021 0.053834 0.057664 1.245300  0.000000 -0.000000  0.000000 0.000000 0.000000 0.000000
32.113000 -0.033982  0.136095  0.009660 0.053626 0.057809 1.251596  0.000000 -0.000000  0.000000 0.000000 0.000000 0.000000
32.145000 0.000334 0.029002 0.010687 0.053608 0.058375 1.256686  0.000000 -0.000000  0.000000 0.000000 0.000000 0.000000
32.184000  0.035996 -0.069594  0.040008 0.054816 0.058451 1.261611  0.000000 -0.000000  0.000000 0.000000 0.000000 0.000000
32.216000  0.099993 -0.147598 -0.004430 0.055483 0.058509 1.264547  0.000000 -0.000000  0.000000 0.000000 0.000000 0.000000
32.249000  0.184559 -0.231046 -0.021385 0.055988 0.059270 1.267465  0.000000 -0.000000  0.000000 0.000000 0.000000 0.000000
32.283000  0.246997 -0.321417 -0.017608 0.056690 0.059691 1.269934  0.000000 -0.000000  0.000000 0.000000 0.000000 0.000000
32.322000  0.314955 -0.406035 -0.011730 0.056634 0.059798 1.272301  0.000000 -0.000000  0.000000 0.000000 0.000000 0.000000
32.372000  0.433499 -0.492377 -0.027830 0.057422 0.060485 1.274987  0.000000 -0.000000  0.000000 0.000000 0.000000 0.000000
32.416000  0.535313 -0.563865  0.017130 0.058051 0.060457 1.276758  0.000000 -0.000000  0.000000 0.000000 0.000000 0.000000
32.466000  0.609883 -0.576743 -0.016642 0.057846 0.060428 1.277665  0.000000 -0.000000  0.000000 0.000000 0.000000 0.000000
32.512000  0.602316 -0.564316 -0.010612 0.058615 0.060323 1.279038  0.000000 -0.000000  0.000000 0.000000 0.000000 0.000000
32.560000  0.616342 -0.533954  0.004444 0.059056 0.060386 1.280533  0.000000 -0.000000  0.000000 0.000000 0.000000 0.000000
32.597000  0.596140 -0.525219  0.067276 0.060698 0.059468 1.281084  0.000000 -0.000000  0.000000 0.000000 0.000000 0.000000
32.630000  0.509665 -0.486443  0.004817 0.061072 0.059923 1.282177  0.000000 -0.000000  0.000000 0.000000 0.000000 0.000000
32.664000  0.477442 -0.493311 -0.010573 0.060291 0.060364 1.281861  0.000000 -0.000000  0.000000 0.000000 0.000000 0.000000
32.697000  0.407426 -0.505564 -0.012973 0.059773 0.060490 1.281576  0.000000 -0.000000  0.000000 0.000000 0.000000 0.000000
32.731000  0.379952 -0.506177 -0.028961 0.059815 0.060832 1.281444  0.000000 -0.000000  0.000000 0.000000 0.000000 0.000000
32.765000  0.395349 -0.510330  0.057481 0.060706 0.060273 1.277716  0.000000 -0.000000  0.000000 0.000000 0.000000 0.000000
32.800000  0.396691 -0.460465 -0.134678 0.059787 0.061531 1.276943  0.000000 -0.000000  0.000000 0.000000 0.000000 0.000000
32.833000  0.353076 -0.424994  0.001451 0.058861 0.061245 1.277390  0.000000 -0.000000  0.000000 0.000000 0.000000 0.000000
32.867000  0.469407 -0.442715  0.024692 0.057892 0.061040 1.277198  0.000000 -0.000000  0.000000 0.000000 0.000000 0.000000
32.900000  0.590488 -0.408181  0.139397 0.057963 0.060540 1.278582  0.000000 -0.000000  0.000000 0.000000 0.000000 0.000000
32.944000  0.588221 -0.308434  0.367930 0.057065 0.059827 1.281783  0.000000 -0.000000  0.000000 0.000000 0.000000 0.000000
32.981000  0.504677 -0.188064  0.470790 0.056212 0.059606 1.284703  0.000000 -0.000000  0.000000 0.000000 0.000000 0.000000
33.014000  0.342129 -0.039155  0.637149 0.055732 0.059681 1.286242  0.000000 -0.000000  0.000000 0.000000 0.000000 0.000000
33.047000 0.043926 0.141449 0.835113 0.054754 0.060231 1.287048  0.000000 -0.000000  0.000000 0.000000 0.000000 0.000000
33.082000 -0.236376  0.347727  1.062578 0.054196 0.061130 1.288314  0.000000 -0.000000  0.000000 0.000000 0.000000 0.000000
33.120000 -0.623654  0.586854  1.345106 0.054270 0.062084 1.288618  0.000000 -0.000000  0.000000 0.000000 0.000000 0.000000
33.153000 -0.898191  0.824088  1.602002 0.054434 0.062805 1.288322  0.000000 -0.000000  0.000000 0.000000 0.000000 0.000000
33.186000 -1.247362  1.023532  1.870234 0.054921 0.063682 1.287949  0.000000 -0.000000  0.000000 0.000000 0.000000 0.000000
33.219000 -1.481691  1.230410  2.180625 0.055068 0.064866 1.287457  0.000000 -0.000000  0.000000 0.000000 0.000000 0.000000
33.254000 -1.811532  1.380738  2.492940 0.055744 0.066505 1.287110  0.000000 -0.000000  0.000000 0.000000 0.000000 0.000000
33.288000 -2.048801  1.539278  2.809021 0.056529 0.068416 1.286160  0.000000 -0.000000  0.000000 0.000000 0.000000 0.000000
33.322000 -2.287864  1.640169  3.108282 0.057240 0.070986 1.284205  0.000000 -0.000000  0.000000 0.000000 0.000000 0.000000
33.355000 -2.461934  1.749084  3.489707 0.058100 0.073345 1.283522  0.000000 -0.000000  0.000000 0.000000 0.000000 0.000000
33.389000 -2.681946  1.829828  3.853582 0.059251 0.076387 1.283898  0.000000 -0.000000  0.000000 0.000000 0.000000 0.000000
33.425000 -2.870611  1.979099  4.234484 0.061213 0.079950 1.286552  0.000000 -0.000000  0.000000 0.000000 0.000000 0.000000
33.458000 -2.971467  1.985143  4.579108 0.063399 0.084412 1.286847  0.000000 -0.000000  0.000000 0.000000 0.000000 0.000000
33.493000 -3.029762  2.035606  4.981767 0.066207 0.089585 1.286728  0.000000 -0.000000  0.000000 0.000000 0.000000 0.000000
33.526000 -3.167476  2.092659  5.355522 0.069372 0.094970 1.287394  0.000000 -0.000000  0.000000 0.000000 0.000000 0.000000
33.561000 -3.231016  2.124833  5.754256 0.072847 0.101744 1.287304  0.000000 -0.000000  0.000000 0.000000 0.000000 0.000000
33.595000 -3.290895  2.130295  6.177269 0.076997 0.109065 1.286700  0.000000 -0.000000  0.000000 0.000000 0.000000 0.000000
33.628000 -3.318210  2.129185  6.569934 0.081294 0.117274 1.286338  0.000000 -0.000000  0.000000 0.000000 0.000000 0.000000
33.664000 -3.284640  2.070219  6.987319 0.085607 0.127092 1.284498  0.000000 -0.000000  0.000000 0.000000 0.000000 0.000000
33.695000 -3.290052  2.073033  7.384807 0.090585 0.136145 1.283499  0.000000 -0.000000  0.000000 0.000000 0.000000 0.000000
33.730000 -3.239130  2.033612  7.915697 0.095857 0.146661 1.284217  0.000000 -0.000000  0.000000 0.000000 0.000000 0.000000
33.764000 -3.131800  1.976107  8.334171 0.101526 0.157505 1.284577  0.000000 -0.000000  0.000000 0.000000 0.000000 0.000000
33.801000 -3.032946  1.899997  8.857277 0.107919 0.170513 1.284749  0.000000 -0.000000  0.000000 0.000000 0.000000 0.000000
33.832000 -2.961160  1.853364  9.264088 0.113339 0.182079 1.284958  0.000000 -0.000000  0.000000 0.000000 0.000000 0.000000
33.866000 -2.890428  1.846539  9.723342 0.119683 0.195133 1.285690  0.000000 -0.000000  0.000000 0.000000 0.000000 0.000000
33.902000 -2.803676  1.792952 10.249741 0.126658 0.208425 1.285720  0.000000 -0.000000  0.000000 0.000000 0.000000 0.000000
33.940000 -2.698982  1.783932 10.682038 0.134713 0.224602 1.286412  0.000000 -0.000000  0.000000 0.000000 0.000000 0.000000
33.972000 -2.675987  1.800645 11.195770 0.142202 0.238137 1.286347  0.000000 -0.000000  0.000000 0.000000 0.000000 0.000000
34.005000 -2.649598  1.821522 11.705228 0.150065 0.253066 1.286251  0.000000 -0.000000  0.000000 0.000000 0.000000 0.000000
34.039000 -2.650553  1.843461 12.199409 0.158348 0.269568 1.286347  0.000000 -0.000000  0.000000 0.000000 0.000000 0.000000
34.073000 -2.646824  1.835586 12.716288 0.166502 0.287209 1.285561  0.000000 -0.000000  0.000000 0.000000 0.000000 0.000000
34.107000 -2.646719  1.841867 13.153768 0.174299 0.306148 1.283859  0.000000 -0.000000  0.000000 0.000000 0.000000 0.000000
34.142000 -2.641046  1.841708 13.747290 0.184437 0.325446 1.282835  0.000000 -0.000000  0.000000 0.000000 0.000000 0.000000
34.176000 -2.607801  1.867328 14.366523 0.193687 0.343764 1.283368  0.000000 -0.000000  0.000000 0.000000 0.000000 0.000000
34.210000 -2.532043  1.895028 14.872675 0.202538 0.363679 1.284071  0.000000 -0.000000  0.000000 0.000000 0.000000 0.000000
34.244000 -2.479421  1.890813 15.403578 0.211494 0.384067 1.285170  0.000000 -0.000000  0.000000 0.000000 0.000000 0.000000
34.278000 -2.407774  1.887223 15.977064 0.221190 0.405144 1.286569  0.000000 -0.000000  0.000000 0.000000 0.000000 0.000000
34.317000 -2.327513  1.942786 16.567785 0.232963 0.429426 1.287251  0.000000 -0.000000  0.000000 0.000000 0.000000 0.000000
34.349000 -2.234305  1.982055 17.113790 0.242595 0.450943 1.287597  0.000000 -0.000000  0.000000 0.000000 0.000000 0.000000
34.383000 -2.170565  2.013197 17.651981 0.252852 0.473887 1.286667  0.000000 -0.000000  0.000000 0.000000 0.000000 0.000000
34.427000 -2.049389  2.025771 18.397549 0.266596 0.504155 1.285933  0.000000 -0.000000  0.000000 0.000000 0.000000 0.000000
34.460000 -1.963557  2.034917 18.958599 0.277250 0.527831 1.285584  0.000000 -0.000000  0.000000 0.000000 0.000000 0.000000
34.494000 -1.875440  2.089406 19.554326 0.288541 0.552521 1.286545  0.000000 -0.000000  0.000000 0.000000 0.000000 0.000000
34.529000 -1.763990  2.083687 20.143355 0.299954 0.579289 1.286277  0.000000 -0.000000  0.000000 0.000000 0.000000 0.000000
34.561000 -1.636781  2.067355 20.691944 0.310964 0.604151 1.286574  0.000000 -0.000000  0.000000 0.000000 0.000000 0.000000
34.598000 -1.519523  2.068157 21.338657 0.325147 0.633018 1.286269  0.000000 -0.000000  0.000000 0.000000 0.000000 0.000000
34.631000 -1.347211  2.010447 21.976693 0.338282 0.658644 1.284604  0.000000 -0.000000  0.000000 0.000000 0.000000 0.000000
34.663000 -1.242043  1.946734 22.529867 0.349996 0.684439 1.284039  0.000000 -0.000000  0.000000 0.000000 0.000000 0.000000
34.700000 -1.146307  1.848996 23.379424 0.365100 0.713812 1.284225  0.000000 -0.000000  0.000000 0.000000 0.000000 0.000000
34.733000 -1.031513  1.746131 23.811670 0.377803 0.741372 1.284016  0.000000 -0.000000  0.000000 0.000000 0.000000 0.000000
34.768000 -0.934188  1.591797 24.439670 0.391760 0.771404 1.284444  0.000000 -0.000000  0.000000 0.000000 0.000000 0.000000
34.801000 -0.883538  1.453762 25.045403 0.405124 0.799678 1.284667  0.000000 -0.000000  0.000000 0.000000 0.000000 0.000000
34.838000 -0.769075  1.251442 25.727185 0.419980 0.832274 1.283940  0.000000 -0.000000  0.000000 0.000000 0.000000 0.000000
34.875000 -0.696202  1.111786 26.434430 0.435382 0.864585 1.283726  0.000000 -0.000000  0.000000 0.000000 0.000000 0.000000
34.910000 -0.565877  0.936424 27.135847 0.450088 0.895132 1.283937  0.000000 -0.000000  0.000000 0.000000 0.000000 0.000000
34.944000 -0.486690  0.833252 27.772265 0.465151 0.925328 1.284070  0.000000 -0.000000  0.000000 0.000000 0.000000 0.000000
34.990000 -0.367488  0.641453 28.669549 0.485191 0.966898 1.284104  0.000000 -0.000000  0.000000 0.000000 0.000000 0.000000
35.023000 -0.308144  0.565517 29.335478 0.499862 0.996974 1.284391  0.000000 -0.000000  0.000000 0.000000 0.000000 0.000000
35.056000 -0.244566  0.412018 30.010244 0.514600 1.027180 1.284993  0.000000 -0.000000  0.000000 0.000000 0.000000 0.000000
35.090000 -0.166446  0.295657 30.671791 0.529472 1.058224 1.285408  0.000000 -0.000000  0.000000 0.000000 0.000000 0.000000
35.123000 -0.112418  0.138536 31.358871 0.544585 1.088470 1.285344  0.000000 -0.000000  0.000000 0.000000 0.000000 0.000000
35.158000 -0.044520  0.007688 32.054509 0.559695 1.120415 1.285989  0.000000 -0.000000  0.000000 0.000000 0.000000 0.000000
35.192000  0.007904 -0.131704 32.766755 0.574800 1.151835 1.285744  0.000000 -0.000000  0.000000 0.000000 0.000000 0.000000
35.228000  0.073928 -0.294238 33.485579 0.591021 1.185338 1.286028  0.000000 -0.000000  0.000000 0.000000 0.000000 0.000000
35.262000  0.115659 -0.397533 34.171243 0.607131 1.216599 1.287286  0.000000 -0.000000  0.000000 0.000000 0.000000 0.000000
35.300000  0.158756 -0.480693 34.948408 0.624469 1.251479 1.287444  0.000000 -0.000000  0.000000 0.000000 0.000000 0.000000
35.337000  0.166740 -0.539998 35.765381 0.642684 1.286079 1.288113  0.000000 -0.000000  0.000000 0.000000 0.000000 0.000000
35.373000  0.158838 -0.609511 36.496165 0.658402 1.319442 1.287782  0.000000 -0.000000  0.000000 0.000000 0.000000 0.000000
35.405000  0.151499 -0.702709 37.127760 0.671825 1.348850 1.286670  0.000000 -0.000000  0.000000 0.000000 0.000000 0.000000
35.440000  0.137714 -0.825109 37.806945 0.686801 1.380022 1.286273  0.000000 -0.000000  0.000000 0.000000 0.000000 0.000000
35.475000  0.162213 -0.937354 38.673451 0.701056 1.412095 1.286289  0.000000 -0.000000  0.000000 0.000000 0.000000 0.000000
35.515000  0.160652 -1.015487 39.443040 0.715881 1.447476 1.286093  0.000000 -0.000000  0.000000 0.000000 0.000000 0.000000
35.548000  0.204610 -1.011501 40.197809 0.729147 1.477357 1.285099  0.000000 -0.000000  0.000000 0.000000 0.000000 0.000000
35.581000  0.294609 -1.029120 40.912138 0.742073 1.507259 1.284676  0.000000 -0.000000  0.000000 0.000000 0.000000 0.000000
35.615000  0.418053 -1.082535 41.618803 0.756145 1.537277 1.285329  0.000000 -0.000000  0.000000 0.000000 0.000000 0.000000
35.649000  0.539730 -1.046953 42.353901 0.769434 1.567278 1.284526  0.000000 -0.000000  0.000000 0.000000 0.000000 0.000000
35.682000  0.671797 -1.086522 42.996647 0.782796 1.595566 1.282688  0.000000 -0.000000  0.000000 0.000000 0.000000 0.000000
35.719000  0.844030 -1.241219 43.743273 0.798010 1.626858 1.282336  0.000000 -0.000000  0.000000 0.000000 0.000000 0.000000
35.750000  0.960035 -1.366018 44.560450 0.810072 1.653473 1.280878  0.000000 -0.000000  0.000000 0.000000 0.000000 0.000000
35.784000  1.069143 -1.578982 45.084545 0.822841 1.680829 1.279832  0.000000 -0.000000  0.000000 0.000000 0.000000 0.000000
35.820000  1.110574 -1.797064 45.929988 0.835688 1.709860 1.280267  0.000000 -0.000000  0.000000 0.000000 0.000000 0.000000
35.853000  1.192064 -2.090424 46.561550 0.847087 1.735316 1.281445  0.000000 -0.000000  0.000000 0.000000 0.000000 0.000000
35.887000  1.227069 -2.315631 47.349136 0.860640 1.763575 1.282491  0.000000 -0.000000  0.000000 0.000000 0.000000 0.000000
35.920000  1.276334 -2.513994 48.020838 0.873316 1.790354 1.282626  0.000000 -0.000000  0.000000 0.000000 0.000000 0.000000
35.955000  1.290039 -2.785692 48.747552 0.887385 1.816413 1.282736  0.000000 -0.000000  0.000000 0.000000 0.000000 0.000000
35.988000  1.312103 -3.120894 49.397016 0.898937 1.840927 1.284190  0.000000 -0.000000  0.000000 0.000000 0.000000 0.000000
36.021000  1.334189 -3.627168 50.170832 0.911689 1.865573 1.285001  0.000000 -0.000000  0.000000 0.000000 0.000000 0.000000
36.056000  1.225245 -3.933348 50.805978 0.923218 1.890339 1.287447  0.000000 -0.000000  0.000000 0.000000 0.000000 0.000000
36.092000  1.233893 -4.606350 51.501516 0.934955 1.915914 1.288257  0.000000 -0.000000  0.000000 0.000000 0.000000 0.000000
36.125000  1.210723 -5.031597 52.189262 0.946073 1.939459 1.287020  0.000000 -0.000000  0.000000 0.000000 0.000000 0.000000
36.159000  1.164099 -5.491084 52.707804 0.957686 1.961792 1.289314  0.000000 -0.000000  0.000000 0.000000 0.000000 0.000000
36.192000  1.201249 -6.040157 53.375581 0.969109 1.982297 1.290307  0.000000 -0.000000  0.000000 0.000000 0.000000 0.000000
36.227000  1.175301 -6.594324 53.992061 0.981359 2.004253 1.291200  0.000000 -0.000000  0.000000 0.000000 0.000000 0.000000
36.260000  1.127653 -7.005664 54.603875 0.989779 2.025265 1.291768  0.000000 -0.000000  0.000000 0.000000 0.000000 0.000000
36.296000  1.039640 -7.524374 55.303353 1.000380 2.046447 1.291726  0.000000 -0.000000  0.000000 0.000000 0.000000 0.000000
36.333000  0.984152 -8.039146 55.879389 1.009653 2.066101 1.292687  0.000000 -0.000000  0.000000 0.000000 0.000000 0.000000
36.367000  0.945958 -8.444673 56.480135 1.017485 2.082310 1.289829  0.000000 -0.000000  0.000000 0.000000 0.000000 0.000000
36.400000  0.931178 -8.966824 57.104530 1.024668 2.098172 1.288815  0.000000 -0.000000  0.000000 0.000000 0.000000 0.000000
36.434000  0.971045 -9.611552 57.546740 1.030228 2.111046 1.289222  0.000000 -0.000000  0.000000 0.000000 0.000000 0.000000
36.468000   0.978641 -10.087377  58.081241 1.036627 2.122400 1.287223  0.000000 -0.000000  0.000000 0.000000 0.000000 0.000000
36.502000   0.883503 -10.124479  58.713236 1.042612 2.132441 1.286986  0.000000 -0.000000  0.000000 0.000000 0.000000 0.000000
36.536000  0.751784 -9.684580 59.433706 1.046899 2.142230 1.285860  0.000000 -0.000000  0.000000 0.000000 0.000000 0.000000
36.570000  0.615453 -9.328698 60.124346 1.051020 2.149261 1.285937  0.000000 -0.000000  0.000000 0.000000 0.000000 0.000000
36.607000  0.514577 -9.093221 60.687590 1.053553 2.154518 1.282916  0.000000 -0.000000  0.000000 0.000000 0.000000 0.000000
36.640000  0.488426 -9.093873 61.090699 1.056818 2.159044 1.281654  0.000000 -0.000000  0.000000 0.000000 0.000000 0.000000
36.677000  0.465446 -9.089230 61.390892 1.057578 2.160292 1.283151  0.000000 -0.000000  0.000000 0.000000 0.000000 0.000000
36.712000  0.363761 -8.786942 61.909833 1.057695 2.160231 1.282777  0.000000 -0.000000  0.000000 0.000000 0.000000 0.000000
36.747000  0.241192 -8.371980 62.481791 1.057543 2.160524 1.284363  0.000000 -0.000000  0.000000 0.000000 0.000000 0.000000
36.779000  0.138418 -7.969226 62.949546 1.058275 2.158786 1.283296  0.000000 -0.000000  0.000000 0.000000 0.000000 0.000000
36.814000  0.097462 -7.539281 63.295018 1.056912 2.155175 1.282543  0.000000 -0.000000  0.000000 0.000000 0.000000 0.000000
36.846000  0.028045 -7.198114 63.585810 1.056231 2.150727 1.283745  0.000000 -0.000000  0.000000 0.000000 0.000000 0.000000
36.881000 -0.029169 -6.809122 63.961675 1.054009 2.144986 1.283265  0.000000 -0.000000  0.000000 0.000000 0.000000 0.000000
36.920000 -0.148099 -6.436220 64.416390 1.051838 2.137730 1.283967  0.000000 -0.000000  0.000000 0.000000 0.000000 0.000000
36.952000 -0.223244 -6.131360 64.679308 1.048827 2.130675 1.285081  0.000000 -0.000000  0.000000 0.000000 0.000000 0.000000
36.976000 -0.286736 -6.029313 64.901619 1.046780 2.124417 1.291237  0.000000 -0.000000  0.000000 0.000000 0.000000 0.000000
37.021000 -0.404989 -5.663616 65.284986 1.040781 2.112193 1.291800  0.000000 -0.000000  0.000000 0.000000 0.000000 0.000000
37.054000 -0.474460 -5.433961 65.595460 1.036076 2.101959 1.288378  0.000000 -0.000000  0.000000 0.000000 0.000000 0.000000
37.088000 -0.496706 -5.297509 65.822827 1.030812 2.091012 1.288651  0.000000 -0.000000  0.000000 0.000000 0.000000 0.000000
37.120000 -0.537869 -5.138237 66.078861 1.026272 2.078536 1.292553  0.000000 -0.000000  0.000000 0.000000 0.000000 0.000000
37.156000 -0.527296 -4.925666 66.323351 1.020428 2.064687 1.292085  0.000000 -0.000000  0.000000 0.000000 0.000000 0.000000
37.190000 -0.489140 -4.741816 66.573337 1.013718 2.050330 1.291647  0.000000 -0.000000  0.000000 0.000000 0.000000 0.000000
37.228000 -0.490115 -4.533414 66.825886 1.005203 2.033042 1.289450  0.000000 -0.000000  0.000000 0.000000 0.000000 0.000000
37.262000 -0.484153 -4.331870 67.014067 0.998734 2.017546 1.287147  0.000000 -0.000000  0.000000 0.000000 0.000000 0.000000
37.295000 -0.465748 -4.096710 67.178933 0.990961 2.001276 1.285572  0.000000 -0.000000  0.000000 0.000000 0.000000 0.000000
37.331000 -0.429283 -3.812060 67.358822 0.982912 1.983166 1.280743  0.000000 -0.000000  0.000000 0.000000 0.000000 0.000000
37.366000 -0.406622 -3.437974 67.487131 0.974073 1.964937 1.279769  0.000000 -0.000000  0.000000 0.000000 0.000000 0.000000
37.400000 -0.392957 -3.191730 67.618227 0.965125 1.946119 1.277913  0.000000 -0.000000  0.000000 0.000000 0.000000 0.000000
37.432000 -0.397136 -2.918146 67.694462 0.956731 1.929079 1.278346  0.000000 -0.000000  0.000000 0.000000 0.000000 0.000000
37.467000 -0.351207 -2.536176 67.838684 0.947802 1.909637 1.276823  0.000000 -0.000000  0.000000 0.000000 0.000000 0.000000
37.505000 -0.307339 -2.130807 67.943441 0.938003 1.888881 1.274828  0.000000 -0.000000  0.000000 0.000000 0.000000 0.000000
37.542000 -0.268706 -1.830030 67.985320 0.928033 1.867797 1.274396  0.000000 -0.000000  0.000000 0.000000 0.000000 0.000000
37.574000 -0.224143 -1.401623 68.021388 0.919056 1.850370 1.271330  0.000000 -0.000000  0.000000 0.000000 0.000000 0.000000
37.608000 -0.175694 -1.096395 68.098634 0.910297 1.830374 1.270231  0.000000 -0.000000  0.000000 0.000000 0.000000 0.000000
37.643000 -0.112265 -0.718929 68.096497 0.901425 1.810884 1.267355  0.000000 -0.000000  0.000000 0.000000 0.000000 0.000000
37.676000 -0.035297 -0.454452 68.119935 0.891930 1.791032 1.262071  0.000000 -0.000000  0.000000 0.000000 0.000000 0.000000
37.711000  0.018110 -0.104869 68.064859 0.881296 1.769843 1.255871  0.000000 -0.000000  0.000000 0.000000 0.000000 0.000000
37.752000  0.063197  0.289249 68.063567 0.870188 1.746126 1.249091  0.000000 -0.000000  0.000000 0.000000 0.000000 0.000000
37.784000  0.121202  0.659390 68.021752 0.861191 1.727184 1.245652  0.000000 -0.000000  0.000000 0.000000 0.000000 0.000000
37.818000  0.163651  1.021885 67.939703 0.851000 1.706979 1.239065  0.000000 -0.000000  0.000000 0.000000 0.000000 0.000000
37.856000  0.209998  1.490644 67.873905 0.840539 1.685003 1.231761  0.000000 -0.000000  0.000000 0.000000 0.000000 0.000000
37.892000  0.258866  1.889324 67.790073 0.831500 1.664301 1.225822  0.000000 -0.000000  0.000000 0.000000 0.000000 0.000000
37.924000  0.313839  2.295013 67.773565 0.822734 1.646851 1.220770  0.000000 -0.000000  0.000000 0.000000 0.000000 0.000000
37.959000  0.358965  2.718557 67.687989 0.814435 1.627753 1.211463  0.000000 -0.000000  0.000000 0.000000 0.000000 0.000000
37.991000  0.391188  3.077445 67.675649 0.806998 1.612022 1.205770  0.000000 -0.000000  0.000000 0.000000 0.000000 0.000000
38.027000  0.436339  3.410256 67.587782 0.798231 1.593787 1.197835  0.000000 -0.000000  0.000000 0.000000 0.000000 0.000000
38.060000  0.438230  3.736675 67.497295 0.790811 1.577757 1.189427  0.000000 -0.000000  0.000000 0.000000 0.000000 0.000000
38.094000  0.486908  3.967985 67.395918 0.784468 1.561277 1.182359  0.000000 -0.000000  0.000000 0.000000 0.000000 0.000000
38.129000  0.515695  4.239789 67.256534 0.778119 1.545781 1.175034  0.000000 -0.000000  0.000000 0.000000 0.000000 0.000000
38.163000  0.524520  4.421704 67.093747 0.772394 1.531658 1.167124  0.000000 -0.000000  0.000000 0.000000 0.000000 0.000000
38.198000  0.493289  4.525831 66.915946 0.766396 1.517531 1.159039  0.000000 -0.000000  0.000000 0.000000 0.000000 0.000000
38.230000  0.437166  4.620263 66.740712 0.760859 1.505299 1.153046  0.000000 -0.000000  0.000000 0.000000 0.000000 0.000000
38.265000  0.381323  4.668267 66.501353 0.755733 1.492436 1.145980  0.000000 -0.000000  0.000000 0.000000 0.000000 0.000000
38.300000  0.331338  4.647085 66.295992 0.751398 1.480383 1.138654  0.000000 -0.000000  0.000000 0.000000 0.000000 0.000000
38.332000  0.323148  4.720664 66.159520 0.747581 1.470456 1.132347  0.000000 -0.000000  0.000000 0.000000 0.000000 0.000000
38.366000  0.293771  4.722345 65.957649 0.743205 1.460826 1.124685  0.000000 -0.000000  0.000000 0.000000 0.000000 0.000000
38.401000  0.299496  4.835731 65.821623 0.739512 1.452410 1.115714  0.000000 -0.000000  0.000000 0.000000 0.000000 0.000000
38.434000  0.301210  4.800221 65.647270 0.737555 1.444376 1.107865  0.000000 -0.000000  0.000000 0.000000 0.000000 0.000000
38.468000  0.332127  4.922397 65.459097 0.735719 1.436950 1.100714  0.000000 -0.000000  0.000000 0.000000 0.000000 0.000000
38.502000  0.383055  4.795925 65.327316 0.733420 1.430852 1.092869  0.000000 -0.000000  0.000000 0.000000 0.000000 0.000000
38.538000  0.422020  4.726234 65.061918 0.731859 1.425229 1.081140  0.000000 -0.000000  0.000000 0.000000 0.000000 0.000000
38.564000  0.443709  4.691474 64.948432 0.730707 1.421846 1.073924  0.000000 -0.000000  0.000000 0.000000 0.000000 0.000000
38.602000  0.520728  4.562944 64.735896 0.729293 1.417545 1.060834  0.000000 -0.000000  0.000000 0.000000 0.000000 0.000000
38.638000  0.599707  4.448558 64.533052 0.730264 1.414812 1.048038  0.000000 -0.000000  0.000000 0.000000 0.000000 0.000000
38.675000  0.706953  4.319098 64.268189 0.731220 1.412146 1.034762  0.000000 -0.000000  0.000000 0.000000 0.000000 0.000000
38.708000  0.817268  4.195390 64.087253 0.732845 1.410016 1.021918  0.000000 -0.000000  0.000000 0.000000 0.000000 0.000000
38.743000  0.903043  4.058370 63.944137 0.735851 1.408729 1.010407  0.000000 -0.000000  0.000000 0.000000 0.000000 0.000000
38.778000  0.972612  3.889754 63.751461 0.738469 1.408976 0.997288  0.000000 -0.000000  0.000000 0.000000 0.000000 0.000000
38.812000  0.987863  3.706231 63.494421 0.741965 1.409660 0.984945  0.000000 -0.000000  0.000000 0.000000 0.000000 0.000000
38.846000  0.999096  3.536662 63.334392 0.745269 1.410894 0.970665  0.000000 -0.000000  0.000000 0.000000 0.000000 0.000000
38.887000  1.011985  3.301393 63.073230 0.750152 1.413008 0.955865  0.000000 -0.000000  0.000000 0.000000 0.000000 0.000000
38.920000  1.047819  3.156316 62.845740 0.755059 1.415240 0.944312  0.000000 -0.000000  0.000000 0.000000 0.000000 0.000000
38.954000  1.075012  2.952425 62.630615 0.760705 1.418224 0.931858  0.000000 -0.000000  0.000000 0.000000 0.000000 0.000000
38.987000  1.093961  2.731875 62.454371 0.766553 1.421747 0.918835  0.000000 -0.000000  0.000000 0.000000 0.000000 0.000000
39.020000  1.132752  2.576392 62.238030 0.772819 1.425649 0.907538  0.000000 -0.000000  0.000000 0.000000 0.000000 0.000000
39.055000  1.176585  2.382769 62.034755 0.779406 1.429672 0.892906  0.000000 -0.000000  0.000000 0.000000 0.000000 0.000000
39.089000  1.202051  2.162029 61.769336 0.786336 1.433133 0.881852  0.000000 -0.000000  0.000000 0.000000 0.000000 0.000000
39.117000  1.266170  2.016450 61.716877 0.792486 1.437572 0.868732  0.000000 -0.000000  0.000000 0.000000 0.000000 0.000000
39.156000  1.338110  1.775059 61.475493 0.800551 1.443199 0.849051  0.000000 -0.000000  0.000000 0.000000 0.000000 0.000000
39.191000  1.432225  1.696621 61.193603 0.808298 1.447754 0.834754  0.000000 -0.000000  0.000000 0.000000 0.000000 0.000000
39.226000  1.552357  1.513636 61.011489 0.816103 1.453580 0.817628  0.000000 -0.000000  0.000000 0.000000 0.000000 0.000000
39.260000  1.687134  1.454438 60.796287 0.824175 1.458876 0.801861  0.000000 -0.000000  0.000000 0.000000 0.000000 0.000000
39.294000  1.821385  1.411817 60.579793 0.834338 1.464701 0.787097  0.000000 -0.000000  0.000000 0.000000 0.000000 0.000000
39.328000  2.001448  1.376570 60.355159 0.843870 1.469558 0.771798  0.000000 -0.000000  0.000000 0.000000 0.000000 0.000000
39.362000  2.142963  1.382515 60.147243 0.854083 1.475070 0.758424  0.000000 -0.000000  0.000000 0.000000 0.000000 0.000000
39.397000  2.293876  1.317755 59.982298 0.865660 1.480927 0.748044  0.000000 -0.000000  0.000000 0.000000 0.000000 0.000000
39.429000  2.398268  1.356431 59.784489 0.876867 1.487084 0.736926  0.000000 -0.000000  0.000000 0.000000 0.000000 0.000000
39.466000  2.522845  1.313335 59.551024 0.890126 1.494391 0.723025  0.000000 -0.000000  0.000000 0.000000 0.000000 0.000000
39.498000  2.600977  1.273671 59.423582 0.901983 1.501185 0.709244  0.000000 -0.000000  0.000000 0.000000 0.000000 0.000000
39.532000  2.691768  1.097039 59.179523 0.915770 1.507880 0.693791  0.000000 -0.000000  0.000000 0.000000 0.000000 0.000000
39.566000  2.713888  0.954883 58.963139 0.930439 1.514289 0.680280  0.000000 -0.000000  0.000000 0.000000 0.000000 0.000000
39.603000  2.789312  0.697247 58.709549 0.947045 1.520626 0.666247  0.000000 -0.000000  0.000000 0.000000 0.000000 0.000000
39.635000  2.793598  0.650380 58.506092 0.961491 1.526611 0.652562  0.000000 -0.000000  0.000000 0.000000 0.000000 0.000000
39.668000  2.752162  0.387572 58.335139 0.976686 1.532543 0.639157  0.000000 -0.000000  0.000000 0.000000 0.000000 0.000000
39.705000  2.671823  0.126165 58.078909 0.993361 1.538678 0.626346  0.000000 -0.000000  0.000000 0.000000 0.000000 0.000000
39.738000  2.647093 -0.184705 57.718099 1.007793 1.545956 0.609248  0.000000 -0.000000  0.000000 0.000000 0.000000 0.000000
39.770000  2.576253 -0.281264 57.681035 1.024251 1.550694 0.593937  0.000000 -0.000000  0.000000 0.000000 0.000000 0.000000
39.808000  2.567887 -0.325615 57.512004 1.043602 1.556605 0.577111  0.000000 -0.000000  0.000000 0.000000 0.000000 0.000000
39.843000  2.568209 -0.468004 57.241073 1.061180 1.561084 0.560978  0.000000 -0.000000  0.000000 0.000000 0.000000 0.000000
39.876000  2.569121 -0.535811 57.078673 1.078593 1.565140 0.548866  0.000000 -0.000000  0.000000 0.000000 0.000000 0.000000
39.909000  2.545472 -0.558045 56.844272 1.096459 1.569508 0.533110  0.000000 -0.000000  0.000000 0.000000 0.000000 0.000000
39.944000  2.559298 -0.635789 56.702308 1.117436 1.574546 0.517294  0.000000 -0.000000  0.000000 0.000000 0.000000 0.000000
39.979000  2.463708 -0.578390 56.466536 1.138176 1.578729 0.503491  0.000000 -0.000000  0.000000 0.000000 0.000000 0.000000
40.012000  2.431161 -0.633292 56.303231 1.157579 1.583236 0.491626  0.000000 -0.000000  0.000000 0.000000 0.000000 0.000000
40.053000  2.384390 -0.655083 56.041296 1.182144 1.587187 0.473745  0.000000 -0.000000  0.000000 0.000000 0.000000 0.000000
40.086000  2.259940 -0.779801 55.865432 1.202690 1.590321 0.460838  0.000000 -0.000000  0.000000 0.000000 0.000000 0.000000
40.119000  2.180757 -0.818972 55.637882 1.223103 1.592177 0.446561  0.000000 -0.000000  0.000000 0.000000 0.000000 0.000000
40.154000  2.085364 -0.804203 55.359647 1.244617 1.594032 0.435508  0.000000 -0.000000  0.000000 0.000000 0.000000 0.000000
40.187000  2.007612 -0.723815 55.117537 1.266151 1.597525 0.424232  0.000000 -0.000000  0.000000 0.000000 0.000000 0.000000
40.222000  1.986753 -0.724105 54.761002 1.289247 1.600368 0.414621  0.000000 -0.000000  0.000000 0.000000 0.000000 0.000000
40.261000  1.955818 -0.710244 54.474371 1.315180 1.602883 0.404062  0.000000 -0.000000  0.000000 0.000000 0.000000 0.000000
40.293000  1.977163 -0.732928 54.243318 1.336332 1.605207 0.395720  0.000000 -0.000000  0.000000 0.000000 0.000000 0.000000
40.330000  1.995053 -0.710099 53.907417 1.361849 1.607483 0.386458  0.000000 -0.000000  0.000000 0.000000 0.000000 0.000000
40.363000  2.009688 -0.722582 53.606961 1.385408 1.608769 0.378727  0.000000 -0.000000  0.000000 0.000000 0.000000 0.000000
40.396000  2.069737 -0.518902 53.279560 1.407977 1.609099 0.367950  0.000000 -0.000000  0.000000 0.000000 0.000000 0.000000
40.430000  2.203633 -0.584789 52.961414 1.431824 1.609563 0.355767  0.000000 -0.000000  0.000000 0.000000 0.000000 0.000000
40.464000  2.211996 -0.550369 52.629198 1.455395 1.608754 0.344710  0.000000 -0.000000  0.000000 0.000000 0.000000 0.000000
40.497000  2.199018 -0.470701 52.364993 1.479210 1.608381 0.333750  0.000000 -0.000000  0.000000 0.000000 0.000000 0.000000
40.532000  2.221136 -0.389886 52.023055 1.504247 1.607337 0.327665  0.000000 -0.000000  0.000000 0.000000 0.000000 0.000000
40.566000  2.061186  0.072412 51.725151 1.529695 1.606600 0.317417  0.000000 -0.000000  0.000000 0.000000 0.000000 0.000000
40.600000  2.039781  0.181452 51.310565 1.555377 1.605695 0.308401  0.000000 -0.000000  0.000000 0.000000 0.000000 0.000000
40.633000  1.907243  0.361709 50.992927 1.581508 1.605487 0.298229  0.000000 -0.000000  0.000000 0.000000 0.000000 0.000000
40.668000  1.845551  0.478410 50.645145 1.609279 1.604520 0.290399  0.000000 -0.000000  0.000000 0.000000 0.000000 0.000000
40.700000  1.682657  0.636875 50.323994 1.635927 1.604050 0.281929  0.000000 -0.000000  0.000000 0.000000 0.000000 0.000000
40.736000  1.467093  0.686766 49.933617 1.663780 1.602104 0.273137  0.000000 -0.000000  0.000000 0.000000 0.000000 0.000000
40.770000  1.248744  0.819799 49.552317 1.691886 1.601008 0.265423  0.000000 -0.000000  0.000000 0.000000 0.000000 0.000000
40.804000  0.995331  0.868327 49.096954 1.719132 1.598724 0.257371  0.000000 -0.000000  0.000000 0.000000 0.000000 0.000000
40.841000  0.778222  0.946667 48.643891 1.750814 1.596598 0.251252  0.000000 -0.000000  0.000000 0.000000 0.000000 0.000000
40.873000  0.522527  1.134609 48.299474 1.777592 1.595528 0.243101  0.000000 -0.000000  0.000000 0.000000 0.000000 0.000000
40.907000  0.259696  1.217862 47.851152 1.806774 1.593900 0.235919  0.000000 -0.000000  0.000000 0.000000 0.000000 0.000000
40.941000 -0.137151  1.301323 47.351692 1.835451 1.593002 0.230367  0.000000 -0.000000  0.000000 0.000000 0.000000 0.000000
40.978000 -0.374756  1.320929 46.933869 1.867863 1.592868 0.222829  0.000000 -0.000000  0.000000 0.000000 0.000000 0.000000
41.012000 -0.673521  1.297095 46.413220 1.896416 1.593045 0.218379  0.000000 -0.000000  0.000000 0.000000 0.000000 0.000000
41.050000 -0.977292  1.314381 45.929946 1.929584 1.593604 0.211676  0.000000 -0.000000  0.000000 0.000000 0.000000 0.000000
41.081000 -1.221167  1.285107 45.527646 1.958435 1.594342 0.206529  0.000000 -0.000000  0.000000 0.000000 0.000000 0.000000
41.117000 -1.425134  1.255214 45.046777 1.989825 1.596668 0.200454  0.000000 -0.000000  0.000000 0.000000 0.000000 0.000000
41.151000 -1.648818  1.165954 44.469254 2.018577 1.598077 0.193410  0.000000 -0.000000  0.000000 0.000000 0.000000 0.000000
41.186000 -1.869574  1.073042 43.998812 2.048893 1.600590 0.186467  0.000000 -0.000000  0.000000 0.000000 0.000000 0.000000
41.221000 -1.996881  0.910389 43.474791 2.079823 1.602947 0.180113  0.000000 -0.000000  0.000000 0.000000 0.000000 0.000000
41.254000 -2.101182  0.774214 42.944955 2.107004 1.605639 0.174480  0.000000 -0.000000  0.000000 0.000000 0.000000 0.000000
41.287000 -2.204012  0.742557 42.408659 2.135217 1.607797 0.170211  0.000000 -0.000000  0.000000 0.000000 0.000000 0.000000
41.323000 -2.311425  0.666118 41.860099 2.165620 1.609905 0.165663  0.000000 -0.000000  0.000000 0.000000 0.000000 0.000000
41.356000 -2.439662  0.705808 41.324339 2.194095 1.613323 0.160678  0.000000 -0.000000  0.000000 0.000000 0.000000 0.000000
41.389000 -2.570571  0.696244 40.818037 2.221753 1.616995 0.157861  0.000000 -0.000000  0.000000 0.000000 0.000000 0.000000
41.424000 -2.768341  0.761504 40.210792 2.251417 1.621617 0.153881  0.000000 -0.000000  0.000000 0.000000 0.000000 0.000000
41.459000 -2.933364  0.790145 39.698419 2.280736 1.627681 0.148551  0.000000 -0.000000  0.000000 0.000000 0.000000 0.000000
41.492000 -3.186131  0.924332 39.109862 2.308874 1.633138 0.144328  0.000000 -0.000000  0.000000 0.000000 0.000000 0.000000
41.526000 -3.406775  1.031453 38.541250 2.338284 1.639870 0.138534  0.000000 -0.000000  0.000000 0.000000 0.000000 0.000000
41.560000 -3.626019  1.014635 37.961885 2.366117 1.646628 0.133636  0.000000 -0.000000  0.000000 0.000000 0.000000 0.000000
41.594000 -3.855537  1.024181 37.372971 2.393333 1.653131 0.128489  0.000000 -0.000000  0.000000 0.000000 0.000000 0.000000
41.626000 -4.090148  0.977044 36.792303 2.418805 1.660946 0.123809  0.000000 -0.000000  0.000000 0.000000 0.000000 0.000000
41.659000 -4.304931  0.979492 36.249133 2.445392 1.669873 0.118516  0.000000 -0.000000  0.000000 0.000000 0.000000 0.000000
41.698000 -4.474582  0.914982 35.526089 2.476789 1.682277 0.111383  0.000000 -0.000000  0.000000 0.000000 0.000000 0.000000
41.731000 -4.562743  0.860954 34.947451 2.503328 1.693418 0.103722  0.000000 -0.000000  0.000000 0.000000 0.000000 0.000000
41.767000 -4.658195  0.140057 35.168861 2.528731 1.702725 0.096814  0.000000 -0.000000  0.000000 0.000000 0.000000 0.000000
41.799000 -4.298326 -2.093030 39.052001 2.542175 1.698056 0.087007  0.000000 -0.000000  0.000000 0.000000 0.000000 0.000000
41.834000 -3.142162 -1.842958 41.997198 2.562348 1.695595 0.081812  0.000000 -0.000000  0.000000 0.000000 0.000000 0.000000
41.869000 -4.020131 -1.353140 40.690300 2.580447 1.696624 0.081875  0.000000 -0.000000  0.000000 0.000000 0.000000 0.000000
41.901000 -4.523679  1.481262 37.529235 2.602505 1.701529 0.083038  0.000000 -0.000000  0.000000 0.000000 0.000000 0.000000
41.936000 -5.705301  4.156573 34.855845 2.625314 1.705948 0.083219  0.000000 -0.000000  0.000000 0.000000 0.000000 0.000000
41.972000 -7.441147  7.042235 33.321469 2.646986 1.713173 0.076735  0.000000 -0.000000  0.000000 0.000000 0.000000 0.000000
42.007000 -8.325056  8.972997 32.925430 2.667747 1.720228 0.070319  0.000000 -0.000000  0.000000 0.000000 0.000000 0.000000
42.039000 -7.001237 10.669988 35.615951 2.683352 1.718853 0.072863  0.000000 -0.000000  0.000000 0.000000 0.000000 0.000000
42.075000 -7.825740 11.658992 37.307367 2.697709 1.723074 0.077282  0.000000 -0.000000  0.000000 0.000000 0.000000 0.000000
42.107000 -8.019933 14.044764 36.592349 2.714072 1.730038 0.082505  0.000000 -0.000000  0.000000 0.000000 0.000000 0.000000
42.136000 -8.298707 16.506276 37.367175 2.729160 1.737931 0.086492  0.000000 -0.000000  0.000000 0.000000 0.000000 0.000000
42.175000 -8.872377 19.597202 39.721961 2.746856 1.752150 0.092262  0.000000 -0.000000  0.000000 0.000000 0.000000 0.000000
42.211000 -9.435184 22.773063 41.742969 2.762625 1.767861 0.097697  0.000000 -0.000000  0.000000 0.000000 0.000000 0.000000
42.249000 -10.614521  25.385185  42.982098 2.778025 1.784985 0.100106  0.000000 -0.000000  0.000000 0.000000 0.000000 0.000000
42.281000 -11.587379  27.385749  42.811434 2.793769 1.804144 0.102444  0.000000 -0.000000  0.000000 0.000000 0.000000 0.000000
42.317000 -12.126777  31.488855  44.713598 2.811099 1.822473 0.103286  0.000000 -0.000000  0.000000 0.000000 0.000000 0.000000
42.354000 -10.957122  35.038509  48.412572 2.829602 1.837081 0.098744  0.000000 -0.000000  0.000000 0.000000 0.000000 0.000000
42.387000 -8.112827 37.691715 52.933664 2.848790 1.845591 0.095150  0.000000 -0.000000  0.000000 0.000000 0.000000 0.000000
42.420000 -3.344324 39.172821 58.907971 2.870581 1.848869 0.084295  0.000000 -0.000000  0.000000 0.000000 0.000000 0.000000
42.453000  0.625217 40.932716 63.464410 2.890396 1.851443 0.078501  0.000000 -0.000000  0.000000 0.000000 0.000000 0.000000
42.486000  0.640136 42.766168 64.419169 2.893073 1.856043 0.079055  0.000000 -0.000000  0.000000 0.000000 0.000000 0.000000
42.522000 -0.026828 43.755474 64.420667 2.892919 1.860341 0.077367  0.000000 -0.000000  0.000000 0.000000 0.000000 0.000000
42.556000 -0.008754 43.829217 64.415831 2.893597 1.860063 0.078273  0.000000 -0.000000  0.000000 0.000000 0.000000 0.000000
42.590000  0.167022 43.121779 64.613330 2.893756 1.857917 0.077674  0.000000 -0.000000  0.000000 0.000000 0.000000 0.000000
42.626000  0.152959 42.070966 64.573872 2.890866 1.853643 0.078980  0.000000 -0.000000  0.000000 0.000000 0.000000 0.000000
42.663000  0.085573 39.939701 64.491896 2.886346 1.847153 0.078731  0.000000 -0.000000  0.000000 0.000000 0.000000 0.000000
42.697000 -0.109267 37.419959 64.381190 2.881042 1.837907 0.079097  0.000000 -0.000000  0.000000 0.000000 0.000000 0.000000
42.731000 -0.250160 34.069722 64.265880 2.874882 1.824543 0.078686  0.000000 -0.000000  0.000000 0.000000 0.000000 0.000000
42.766000 -0.017446 29.391237 64.411821 2.862870 1.809044 0.076533  0.000000 -0.000000  0.000000 0.000000 0.000000 0.000000
42.799000  0.007834 24.429578 64.393317 2.852537 1.790652 0.073648  0.000000 -0.000000  0.000000 0.000000 0.000000 0.000000
42.835000 -0.016800 19.325123 64.396894 2.841322 1.771692 0.071582  0.000000 -0.000000  0.000000 0.000000 0.000000 0.000000
42.867000 -0.314068 15.446246 63.801629 2.832914 1.758731 0.068490  0.000000 -0.000000  0.000000 0.000000 0.000000 0.000000
42.901000 -2.102298 11.481212 61.250846 2.826009 1.750367 0.066516  0.000000 -0.000000  0.000000 0.000000 0.000000 0.000000
42.936000 -3.890156  8.257509 58.194549 2.819621 1.746236 0.066257  0.000000 -0.000000  0.000000 0.000000 0.000000 0.000000
42.970000 -5.362322  5.511544 55.633330 2.812701 1.745849 0.068323  0.000000 -0.000000  0.000000 0.000000 0.000000 0.000000
43.010000 -6.318398  3.236100 53.576979 2.804386 1.746778 0.073017  0.000000 -0.000000  0.000000 0.000000 0.000000 0.000000
43.042000 -6.385631  1.641254 52.215327 2.799983 1.748675 0.078486  0.000000 -0.000000  0.000000 0.000000 0.000000 0.000000
43.080000 -5.806294  0.288746 50.573446 2.796516 1.751351 0.083443  0.000000 -0.000000  0.000000 0.000000 0.000000 0.000000
43.109000 -4.997602 -0.299374 49.201506 2.793690 1.753689 0.086899  0.000000 -0.000000  0.000000 0.000000 0.000000 0.000000
43.148000 -3.593027 -0.949142 47.592353 2.789530 1.758325 0.088950  0.000000 -0.000000  0.000000 0.000000 0.000000 0.000000
43.181000 -2.302209 -1.080178 46.414895 2.786454 1.763177 0.091669  0.000000 -0.000000  0.000000 0.000000 0.000000 0.000000
43.215000 -1.005185 -1.060771 45.274224 2.782167 1.768627 0.093840  0.000000 -0.000000  0.000000 0.000000 0.000000 0.000000
43.251000  0.511875 -0.833048 44.130004 2.777266 1.774565 0.097310  0.000000 -0.000000  0.000000 0.000000 0.000000 0.000000
43.288000  1.908578 -0.498937 43.105265 2.772645 1.781484 0.100852  0.000000 -0.000000  0.000000 0.000000 0.000000 0.000000
43.321000  3.125491  0.082859 42.222188 2.769875 1.786990 0.105016  0.000000 -0.000000  0.000000 0.000000 0.000000 0.000000
43.355000  4.182068  0.579148 41.480057 2.767217 1.792369 0.108565  0.000000 -0.000000  0.000000 0.000000 0.000000 0.000000
43.380000  5.073720  1.071798 40.927445 2.765939 1.795686 0.112050  0.000000 -0.000000  0.000000 0.000000 0.000000 0.000000
43.421000  5.951599  1.761460 40.181536 2.762847 1.799873 0.117910  0.000000 -0.000000  0.000000 0.000000 0.000000 0.000000
43.460000  6.749421  2.446425 39.554191 2.762006 1.803267 0.123235  0.000000 -0.000000  0.000000 0.000000 0.000000 0.000000
43.492000  6.244011  3.435056 39.015454 2.762390 1.805742 0.127891  0.000000 -0.000000  0.000000 0.000000 0.000000 0.000000
43.526000  6.362387  4.027197 38.791219 2.765120 1.806469 0.134484  0.000000 -0.000000  0.000000 0.000000 0.000000 0.000000
43.561000  6.307935  4.522680 38.653002 2.768217 1.804765 0.140631  0.000000 -0.000000  0.000000 0.000000 0.000000 0.000000
43.598000  6.377148  4.950047 38.286521 2.773220 1.803515 0.144992  0.000000 -0.000000  0.000000 0.000000 0.000000 0.000000
43.634000  6.196838  5.349937 37.855357 2.779200 1.803216 0.146259  0.000000 -0.000000  0.000000 0.000000 0.000000 0.000000
43.667000  5.965783  5.714668 37.510847 2.786538 1.802587 0.151160  0.000000 -0.000000  0.000000 0.000000 0.000000 0.000000
43.701000  5.439567  6.004678 37.191518 2.795094 1.801184 0.154966  0.000000 -0.000000  0.000000 0.000000 0.000000 0.000000
43.736000  5.119185  6.187730 36.978039 2.807507 1.798903 0.158795  0.000000 -0.000000  0.000000 0.000000 0.000000 0.000000
43.768000  4.721159  6.299910 36.729879 2.818937 1.797011 0.163712  0.000000 -0.000000  0.000000 0.000000 0.000000 0.000000
43.805000  4.356904  6.224153 36.413687 2.833739 1.795891 0.168467  0.000000 -0.000000  0.000000 0.000000 0.000000 0.000000
43.838000  3.940181  6.046533 36.101649 2.848177 1.794168 0.173857  0.000000 -0.000000  0.000000 0.000000 0.000000 0.000000
43.873000  3.628626  5.921890 35.748963 2.863692 1.794064 0.181838  0.000000 -0.000000  0.000000 0.000000 0.000000 0.000000
43.905000  3.287012  5.826060 35.468179 2.881360 1.792525 0.187193  0.000000 -0.000000  0.000000 0.000000 0.000000 0.000000
43.941000  2.915332  5.590949 35.146564 2.901430 1.792039 0.196191  0.000000 -0.000000  0.000000 0.000000 0.000000 0.000000
43.973000  2.665024  5.383602 34.923455 2.920604 1.791373 0.200738  0.000000 -0.000000  0.000000 0.000000 0.000000 0.000000
44.008000  2.275691  5.065072 34.645293 2.943265 1.790607 0.206468  0.000000 -0.000000  0.000000 0.000000 0.000000 0.000000
44.040000  1.982927  4.799778 34.414116 2.964468 1.789776 0.211401  0.000000 -0.000000  0.000000 0.000000 0.000000 0.000000
44.081000  1.467614  4.527585 34.065100 2.995365 1.789609 0.220491  0.000000 -0.000000  0.000000 0.000000 0.000000 0.000000
44.118000  1.075039  4.247463 33.757224 3.023434 1.790275 0.227936  0.000000 -0.000000  0.000000 0.000000 0.000000 0.000000
44.152000  0.757666  3.951781 33.513143 3.049275 1.792089 0.234500  0.000000 -0.000000  0.000000 0.000000 0.000000 0.000000
44.183000  0.440186  3.685370 33.245373 3.073164 1.794421 0.241007  0.000000 -0.000000  0.000000 0.000000 0.000000 0.000000
44.219000  0.117305  3.298618 32.981800 3.103574 1.796303 0.252380  0.000000 -0.000000  0.000000 0.000000 0.000000 0.000000
44.252000 -0.106676  3.037492 32.741322 3.131830 1.798844 0.259458  0.000000 -0.000000  0.000000 0.000000 0.000000 0.000000
44.286000 -0.228354  2.673006 32.552137 3.160902 1.801557 0.266561  0.000000 -0.000000  0.000000 0.000000 0.000000 0.000000
44.320000 -0.508073  2.392867 32.321247 3.188355 1.803786 0.274838  0.000000 -0.000000  0.000000 0.000000 0.000000 0.000000
44.356000 -0.695058  2.072480 32.058480 3.216405 1.806111 0.283697  0.000000 -0.000000  0.000000 0.000000 0.000000 0.000000
44.388000 -0.938230  1.852839 31.832771 3.243161 1.809222 0.291276  0.000000 -0.000000  0.000000 0.000000 0.000000 0.000000
44.423000 -1.114869  1.658408 31.574515 3.269681 1.812664 0.300507  0.000000 -0.000000  0.000000 0.000000 0.000000 0.000000
44.456000 -1.270817  1.796866 31.310512 3.298343 1.816374 0.307146  0.000000 -0.000000  0.000000 0.000000 0.000000 0.000000
44.490000 -1.460332  1.941463 30.996513 3.327661 1.821359 0.316200  0.000000 -0.000000  0.000000 0.000000 0.000000 0.000000
44.525000 -1.686970  2.096611 30.695075 3.359476 1.827715 0.325444  0.000000 -0.000000  0.000000 0.000000 0.000000 0.000000
44.558000 -1.796444  2.250812 30.393332 3.390805 1.833464 0.334679  0.000000 -0.000000  0.000000 0.000000 0.000000 0.000000
44.592000 -1.966400  2.300667 30.037118 3.422236 1.840796 0.345733  0.000000 -0.000000  0.000000 0.000000 0.000000 0.000000
44.630000 -2.046466  2.162222 29.815828 3.457405 1.848574 0.356387  0.000000 -0.000000  0.000000 0.000000 0.000000 0.000000
44.663000 -2.261828  2.197445 29.501258 3.487685 1.856682 0.364501  0.000000 -0.000000  0.000000 0.000000 0.000000 0.000000
44.698000 -2.379744  1.943715 29.220434 3.520445 1.865733 0.372597  0.000000 -0.000000  0.000000 0.000000 0.000000 0.000000
44.730000 -2.523581  1.908449 28.942566 3.549698 1.874118 0.378275  0.000000 -0.000000  0.000000 0.000000 0.000000 0.000000
44.764000 -2.725082  1.674124 28.600369 3.580824 1.883912 0.385709  0.000000 -0.000000  0.000000 0.000000 0.000000 0.000000
44.806000 -2.948246  1.343597 28.185793 3.619427 1.897262 0.394837  0.000000 -0.000000  0.000000 0.000000 0.000000 0.000000
44.838000 -2.960808  1.102423 27.868754 3.647809 1.908336 0.397950  0.000000 -0.000000  0.000000 0.000000 0.000000 0.000000
44.872000 -3.208794  0.980498 27.473884 3.679740 1.921611 0.404776  0.000000 -0.000000  0.000000 0.000000 0.000000 0.000000
44.907000 -3.223182  0.756560 27.191040 3.712701 1.934268 0.409572  0.000000 -0.000000  0.000000 0.000000 0.000000 0.000000
44.942000 -3.314019  0.537790 26.826041 3.745649 1.948220 0.413557  0.000000 -0.000000  0.000000 0.000000 0.000000 0.000000
44.973000 -3.407959  0.367795 26.541384 3.776460 1.960407 0.416481  0.000000 -0.000000  0.000000 0.000000 0.000000 0.000000
45.009000 -3.395605  0.007538 26.176100 3.808704 1.976396 0.420838  0.000000 -0.000000  0.000000 0.000000 0.000000 0.000000
45.057000 -3.507968 -0.378997 25.664642 3.850408 1.999135 0.426111  0.000000 -0.000000  0.000000 0.000000 0.000000 0.000000
45.099000 -3.600963 -0.641410 25.253856 3.888455 2.019551 0.430850  0.000000 -0.000000  0.000000 0.000000 0.000000 0.000000
45.133000 -3.673230 -0.774249 24.904126 3.918731 2.036401 0.438695  0.000000 -0.000000  0.000000 0.000000 0.000000 0.000000
45.168000 -3.686306 -0.968181 24.540499 3.950862 2.055020 0.442576  0.000000 -0.000000  0.000000 0.000000 0.000000 0.000000
45.203000 -3.559306 -1.300504 24.211912 3.982183 2.073915 0.446612  0.000000 -0.000000  0.000000 0.000000 0.000000 0.000000
45.236000 -3.516537 -1.541440 23.909859 4.010040 2.092303 0.450748  0.000000 -0.000000  0.000000 0.000000 0.000000 0.000000
45.269000 -3.412166 -2.016829 23.561055 4.038358 2.111472 0.454403  0.000000 -0.000000  0.000000 0.000000 0.000000 0.000000
45.305000 -3.488222 -2.185187 23.203349 4.067246 2.132626 0.458778  0.000000 -0.000000  0.000000 0.000000 0.000000 0.000000
45.340000 -3.599236 -2.442030 22.822379 4.094124 2.153674 0.464508  0.000000 -0.000000  0.000000 0.000000 0.000000 0.000000
45.373000 -3.449062 -2.769864 22.555535 4.120452 2.174087 0.466493  0.000000 -0.000000  0.000000 0.000000 0.000000 0.000000
45.407000 -3.232365 -3.075169 22.244084 4.145172 2.194900 0.467764  0.000000 -0.000000  0.000000 0.000000 0.000000 0.000000
45.441000 -3.013559 -3.321495 21.901101 4.168658 2.216787 0.465945  0.000000 -0.000000  0.000000 0.000000 0.000000 0.000000
45.474000 -3.009206 -3.416790 21.546263 4.191601 2.237954 0.466018  0.000000 -0.000000  0.000000 0.000000 0.000000 0.000000
45.509000 -2.693196 -3.580429 21.217980 4.216070 2.260951 0.462835  0.000000 -0.000000  0.000000 0.000000 0.000000 0.000000
45.546000 -2.440503 -3.592971 20.824454 4.240971 2.286026 0.460038  0.000000 -0.000000  0.000000 0.000000 0.000000 0.000000
45.578000 -2.173545 -3.608541 20.530478 4.262275 2.308620 0.455252  0.000000 -0.000000  0.000000 0.000000 0.000000 0.000000
45.612000 -1.954930 -3.541276 20.156309 4.282767 2.332409 0.452061  0.000000 -0.000000  0.000000 0.000000 0.000000 0.000000
45.648000 -1.734965 -3.444829 19.812523 4.304793 2.357289 0.450712  0.000000 -0.000000  0.000000 0.000000 0.000000 0.000000
45.679000 -1.428327 -3.395802 19.477830 4.322588 2.379307 0.449319  0.000000 -0.000000  0.000000 0.000000 0.000000 0.000000
45.714000 -0.983073 -3.296651 19.202707 4.342262 2.403811 0.444788  0.000000 -0.000000  0.000000 0.000000 0.000000 0.000000
45.750000 -0.520950 -3.175565 18.829644 4.362441 2.429564 0.441906  0.000000 -0.000000  0.000000 0.000000 0.000000 0.000000
45.784000 -0.233094 -3.012033 18.511596 4.380495 2.453643 0.439962  0.000000 -0.000000  0.000000 0.000000 0.000000 0.000000
45.817000  0.255873 -2.969654 18.224420 4.399352 2.477790 0.437488  0.000000 -0.000000  0.000000 0.000000 0.000000 0.000000
45.852000  0.686602 -2.810174 17.969180 4.418448 2.503250 0.433319  0.000000 -0.000000  0.000000 0.000000 0.000000 0.000000
45.885000  0.858738 -2.680481 17.773247 4.435234 2.525614 0.430550  0.000000 -0.000000  0.000000 0.000000 0.000000 0.000000
45.919000  1.224318 -2.646867 17.384177 4.451468 2.549925 0.429493  0.000000 -0.000000  0.000000 0.000000 0.000000 0.000000
45.955000  1.553060 -2.513669 17.116717 4.469684 2.574744 0.428593  0.000000 -0.000000  0.000000 0.000000 0.000000 0.000000
45.989000  1.755413 -2.399244 16.864036 4.486239 2.597817 0.426494  0.000000 -0.000000  0.000000 0.000000 0.000000 0.000000
46.022000  1.934244 -2.306534 16.558475 4.502283 2.620831 0.427412  0.000000 -0.000000  0.000000 0.000000 0.000000 0.000000
46.056000  2.302825 -2.223986 16.365556 4.519023 2.643769 0.422199  0.000000 -0.000000  0.000000 0.000000 0.000000 0.000000
46.088000  2.566938 -2.160691 16.038629 4.533369 2.665731 0.421757  0.000000 -0.000000  0.000000 0.000000 0.000000 0.000000
46.129000  2.816476 -2.012094 15.748324 4.551287 2.693019 0.416043  0.000000 -0.000000  0.000000 0.000000 0.000000 0.000000
46.160000  3.007071 -1.927447 15.405156 4.563176 2.713333 0.413574  0.000000 -0.000000  0.000000 0.000000 0.000000 0.000000
46.195000  3.333986 -1.819640 15.144451 4.579285 2.735113 0.408736  0.000000 -0.000000  0.000000 0.000000 0.000000 0.000000
46.229000  3.582006 -1.596115 14.939436 4.593194 2.755539 0.403979  0.000000 -0.000000  0.000000 0.000000 0.000000 0.000000
46.268000  4.018027 -1.405638 14.792773 4.612639 2.778377 0.398700  0.000000 -0.000000  0.000000 0.000000 0.000000 0.000000
46.304000  4.183902 -1.133272 14.486569 4.629187 2.798366 0.397139  0.000000 -0.000000  0.000000 0.000000 0.000000 0.000000
46.337000  4.122535 -0.848212 14.346713 4.646055 2.815696 0.395399  0.000000 -0.000000  0.000000 0.000000 0.000000 0.000000
46.372000  4.210468 -0.628466 14.118517 4.663776 2.833953 0.394587  0.000000 -0.000000  0.000000 0.000000 0.000000 0.000000
46.437000  4.086253 -0.293945 13.735442 4.697575 2.864651 0.392511  0.000000 -0.000000  0.000000 0.000000 0.000000 0.000000
46.474000  4.036105 -0.201278 13.460415 4.716926 2.880992 0.392251  0.000000 -0.000000  0.000000 0.000000 0.000000 0.000000
46.509000  3.997365 -0.190257 13.125440 4.732378 2.896471 0.390833  0.000000 -0.000000  0.000000 0.000000 0.000000 0.000000
46.576000  3.692693 -0.063217 12.572347 4.762028 2.922727 0.391135  0.000000 -0.000000  0.000000 0.000000 0.000000 0.000000
46.614000  3.457218  0.048269 12.303660 4.779050 2.938285 0.391525  0.000000 -0.000000  0.000000 0.000000 0.000000 0.000000
46.647000  3.106439  0.314692 11.978462 4.793389 2.950322 0.394178  0.000000 -0.000000  0.000000 0.000000 0.000000 0.000000
46.680000  3.068197  0.612407 11.831159 4.809206 2.961948 0.393352  0.000000 -0.000000  0.000000 0.000000 0.000000 0.000000
46.715000  3.113067  0.905753 11.612628 4.826502 2.974591 0.394641  0.000000 -0.000000  0.000000 0.000000 0.000000 0.000000
46.748000  3.076530  1.247635 11.442626 4.842403 2.986331 0.395404  0.000000 -0.000000  0.000000 0.000000 0.000000 0.000000
46.783000  3.324696  1.649447 11.345061 4.859190 2.997465 0.397166  0.000000 -0.000000  0.000000 0.000000 0.000000 0.000000
46.827000  3.281247  2.095909 11.021693 4.882326 3.012373 0.400131  0.000000 -0.000000  0.000000 0.000000 0.000000 0.000000
46.875000  3.919594  2.528366 11.026202 4.911147 3.027119 0.403861  0.000000 -0.000000  0.000000 0.000000 0.000000 0.000000
46.920000  3.956738  2.869078 10.742256 4.941185 3.038850 0.406175  0.000000 -0.000000  0.000000 0.000000 0.000000 0.000000
46.956000  3.861144  3.132896 10.415814 4.963981 3.048496 0.409146  0.000000 -0.000000  0.000000 0.000000 0.000000 0.000000
46.990000  3.954634  3.134566 10.270981 4.986033 3.056684 0.412090  0.000000 -0.000000  0.000000 0.000000 0.000000 0.000000
47.024000  4.079409  3.109637 10.126839 5.007564 3.063902 0.418630  0.000000 -0.000000  0.000000 0.000000 0.000000 0.000000
47.057000 4.220468 2.790336 9.993433 5.028647 3.070417 0.420658  0.000000 -0.000000  0.000000 0.000000 0.000000 0.000000
47.091000 4.033560 2.794734 9.831070 5.052171 3.075328 0.427586  0.000000 -0.000000  0.000000 0.000000 0.000000 0.000000
47.125000 4.249490 2.390492 9.876932 5.075311 3.080651 0.429642  0.000000 -0.000000  0.000000 0.000000 0.000000 0.000000
47.159000 3.833209 2.572593 9.540828 5.097869 3.083861 0.440041  0.000000 -0.000000  0.000000 0.000000 0.000000 0.000000
47.194000 3.498473 2.528665 9.447589 5.122211 3.085966 0.449201  0.000000 -0.000000  0.000000 0.000000 0.000000 0.000000
47.230000 3.240213 2.526995 9.229149 5.150782 3.088207 0.459666  0.000000 -0.000000  0.000000 0.000000 0.000000 0.000000
47.267000 3.125047 2.487575 9.276903 5.179819 3.091103 0.470707  0.000000 -0.000000  0.000000 0.000000 0.000000 0.000000
47.299000 2.870818 2.460593 9.000116 5.205619 3.092556 0.477918  0.000000 -0.000000  0.000000 0.000000 0.000000 0.000000
47.337000 2.558805 2.455759 8.921487 5.239752 3.094251 0.489255  0.000000 -0.000000  0.000000 0.000000 0.000000 0.000000
47.369000 2.305228 2.336258 9.004303 5.267105 3.094047 0.497931  0.000000 -0.000000  0.000000 0.000000 0.000000 0.000000
47.404000 2.180956 2.046879 8.852027 5.297892 3.095007 0.503798  0.000000 -0.000000  0.000000 0.000000 0.000000 0.000000
47.438000 1.924815 1.962856 8.751621 5.328550 3.095511 0.513023  0.000000 -0.000000  0.000000 0.000000 0.000000 0.000000
47.476000 1.563654 1.703948 8.562919 5.361118 3.095697 0.522892  0.000000 -0.000000  0.000000 0.000000 0.000000 0.000000
47.509000 1.204517 1.462169 8.344483 5.389669 3.095925 0.529131  0.000000 -0.000000  0.000000 0.000000 0.000000 0.000000
47.543000 1.023359 1.232565 8.249166 5.419025 3.096680 0.536953  0.000000 -0.000000  0.000000 0.000000 0.000000 0.000000
47.583000 0.956145 1.002570 8.133321 5.456292 3.098099 0.547654  0.000000 -0.000000  0.000000 0.000000 0.000000 0.000000
47.612000 0.761519 0.930132 8.092072 5.483126 3.098836 0.554786  0.000000 -0.000000  0.000000 0.000000 0.000000 0.000000
47.651000 0.852035 0.723992 7.849994 5.519090 3.100453 0.565817  0.000000 -0.000000  0.000000 0.000000 0.000000 0.000000
47.686000 0.777760 0.662044 7.733787 5.552329 3.100996 0.576016  0.000000 -0.000000  0.000000 0.000000 0.000000 0.000000
47.720000 0.995267 0.563523 7.628448 5.585075 3.101842 0.585633  0.000000 -0.000000  0.000000 0.000000 0.000000 0.000000
47.753000 1.171433 0.451909 7.613709 5.616135 3.102616 0.594447  0.000000 -0.000000  0.000000 0.000000 0.000000 0.000000
47.790000 1.387425 0.383685 7.541818 5.650958 3.102115 0.604822  0.000000 -0.000000  0.000000 0.000000 0.000000 0.000000
47.822000 1.492200 0.291666 7.467500 5.682745 3.102234 0.614347  0.000000 -0.000000  0.000000 0.000000 0.000000 0.000000
47.850000 1.720694 0.219449 7.453507 5.710236 3.101240 0.623451  0.000000 -0.000000  0.000000 0.000000 0.000000 0.000000
47.888000 1.857328 0.182456 7.218593 5.745623 3.100685 0.633698  0.000000 -0.000000  0.000000 0.000000 0.000000 0.000000
47.933000 1.754044 0.146398 7.078459 5.789907 3.099646 0.647380  0.000000 -0.000000  0.000000 0.000000 0.000000 0.000000
47.966000 1.816375 0.084424 7.089209 5.822320 3.099077 0.656739  0.000000 -0.000000  0.000000 0.000000 0.000000 0.000000
48.002000 1.696203 0.116044 6.804830 5.858805 3.097684 0.666459  0.000000 -0.000000  0.000000 0.000000 0.000000 0.000000
48.035000 1.686078 0.079024 6.761493 5.891847 3.097158 0.676010  0.000000 -0.000000  0.000000 0.000000 0.000000 0.000000
48.070000 1.667602 0.025196 6.666232 5.928090 3.095759 0.684280  0.000000 -0.000000  0.000000 0.000000 0.000000 0.000000
48.104000 1.510902 0.027693 6.628520 5.961391 3.093879 0.693795  0.000000 -0.000000  0.000000 0.000000 0.000000 0.000000
48.136000  1.464869 -0.094529  6.622569 5.994212 3.091673 0.701560  0.000000 -0.000000  0.000000 0.000000 0.000000 0.000000
48.170000  1.312141 -0.184268  6.578115 6.027718 3.089649 0.709361  0.000000 -0.000000  0.000000 0.000000 0.000000 0.000000
48.206000  1.162652 -0.274275  6.522518 6.062717 3.086885 0.717164  0.000000 -0.000000  0.000000 0.000000 0.000000 0.000000
48.239000  0.988174 -0.319383  6.537849 6.094948 3.084872 0.723310  0.000000 -0.000000  0.000000 0.000000 0.000000 0.000000
48.277000  0.804792 -0.394053  6.423246 6.132425 3.081921 0.731926  0.000000 -0.000000  0.000000 0.000000 0.000000 0.000000
48.311000  0.635725 -0.394483  6.371788 6.166687 3.080259 0.739805  0.000000 -0.000000  0.000000 0.000000 0.000000 0.000000
48.342000  0.415227 -0.406631  6.282971 6.198715 3.078260 0.747320  0.000000 -0.000000  0.000000 0.000000 0.000000 0.000000
48.378000  0.312070 -0.335805  6.178080 6.235732 3.075730 0.755641  0.000000 -0.000000  0.000000 0.000000 0.000000 0.000000
48.408000  0.264731 -0.338065  6.170074 6.264614 3.072855 0.763730  0.000000 -0.000000  0.000000 0.000000 0.000000 0.000000
48.444000  0.111429 -0.353941  6.151536 6.299866 3.069451 0.773259  0.000000 -0.000000  0.000000 0.000000 0.000000 0.000000
48.479000  0.113417 -0.391296  6.104764 6.331804 3.066393 0.781624  0.000000 -0.000000  0.000000 0.000000 0.000000 0.000000
48.513000 -0.135528 -0.341021  6.101254 6.363821 3.063333 0.787835  0.000000 -0.000000  0.000000 0.000000 0.000000 0.000000
48.547000 -0.256940 -0.299551  6.011301 6.397130 3.061026 0.794552  0.000000 -0.000000  0.000000 0.000000 0.000000 0.000000
48.584000 -0.469185 -0.139424  6.013485 6.433873 3.058316 0.801106  0.000000 -0.000000  0.000000 0.000000 0.000000 0.000000
48.617000 -0.652873  0.017512  5.919178 6.467515 3.055467 0.805979  0.000000 -0.000000  0.000000 0.000000 0.000000 0.000000
48.651000 -0.805663  0.152903  5.945509 6.501547 3.053447 0.810979  0.000000 -0.000000  0.000000 0.000000 0.000000 0.000000
48.685000 -0.861696  0.208823  5.840632 6.535286 3.050692 0.815616  0.000000 -0.000000  0.000000 0.000000 0.000000 0.000000
48.719000 -1.061805  0.294359  5.908348 6.569826 3.048189 0.820999  0.000000 -0.000000  0.000000 0.000000 0.000000 0.000000
48.754000 -1.154041  0.253227  5.879830 6.603754 3.046520 0.827104  0.000000 -0.000000  0.000000 0.000000 0.000000 0.000000
48.787000 -1.353685  0.249361  5.857956 6.635491 3.044768 0.832609  0.000000 -0.000000  0.000000 0.000000 0.000000 0.000000
48.820000 -1.387665  0.165626  5.792902 6.668648 3.044280 0.837920  0.000000 -0.000000  0.000000 0.000000 0.000000 0.000000
48.853000 -1.393765  0.098765  5.755934 6.701284 3.044492 0.843927  0.000000 -0.000000  0.000000 0.000000 0.000000 0.000000
48.889000 -1.460332  0.052671  5.748658 6.738122 3.044081 0.849687  0.000000 -0.000000  0.000000 0.000000 0.000000 0.000000
48.922000 -1.436193 -0.005862  5.760548 6.770441 3.044903 0.853467  0.000000 -0.000000  0.000000 0.000000 0.000000 0.000000
48.956000 -1.438963 -0.079255  5.725116 6.804534 3.045841 0.857358  0.000000 -0.000000  0.000000 0.000000 0.000000 0.000000
48.994000 -1.417026 -0.164252  5.714570 6.842159 3.046845 0.860756  0.000000 -0.000000  0.000000 0.000000 0.000000 0.000000
49.041000 -1.200269 -0.296087  5.677925 6.889992 3.048972 0.865053  0.000000 -0.000000  0.000000 0.000000 0.000000 0.000000
49.085000 -1.036664 -0.438426  5.615631 6.931219 3.050607 0.868984  0.000000 -0.000000  0.000000 0.000000 0.000000 0.000000
49.134000 -0.800747 -0.482075  5.512807 6.980033 3.053322 0.871609  0.000000 -0.000000  0.000000 0.000000 0.000000 0.000000
49.178000 -0.800597 -0.458571  5.749740 7.022986 3.055598 0.871989  0.000000 -0.000000  0.000000 0.000000 0.000000 0.000000
49.210000 -0.803295 -0.420554  5.553561 7.054162 3.056687 0.870620  0.000000 -0.000000  0.000000 0.000000 0.000000 0.000000
49.247000 -0.620614 -0.425152  5.490971 7.090035 3.059392 0.872754  0.000000 -0.000000  0.000000 0.000000 0.000000 0.000000
49.280000 -0.644541 -0.401110  5.540668 7.120124 3.061188 0.872686  0.000000 -0.000000  0.000000 0.000000 0.000000 0.000000
49.318000 -0.772707 -0.344955  5.588574 7.156042 3.064687 0.872912  0.000000 -0.000000  0.000000 0.000000 0.000000 0.000000
49.350000 -0.652394 -0.353194  5.416406 7.185532 3.068166 0.871900  0.000000 -0.000000  0.000000 0.000000 0.000000 0.000000
49.384000 -0.784319 -0.217802  5.587854 7.217874 3.072013 0.872471  0.000000 -0.000000  0.000000 0.000000 0.000000 0.000000
49.418000 -0.835217 -0.082552  5.604953 7.250385 3.075053 0.871483  0.000000 -0.000000  0.000000 0.000000 0.000000 0.000000
49.452000 -0.814447  0.039751  5.635688 7.283107 3.078213 0.870834  0.000000 -0.000000  0.000000 0.000000 0.000000 0.000000
49.486000 -0.814113  0.179264  5.558935 7.315762 3.081785 0.869692  0.000000 -0.000000  0.000000 0.000000 0.000000 0.000000
49.520000 -0.873621  0.293025  5.603394 7.347564 3.085551 0.868427  0.000000 -0.000000  0.000000 0.000000 0.000000 0.000000
49.560000 -0.888987  0.371660  5.571165 7.387679 3.090855 0.866287  0.000000 -0.000000  0.000000 0.000000 0.000000 0.000000
49.591000 -0.944814  0.457955  5.515563 7.416655 3.094934 0.863696  0.000000 -0.000000  0.000000 0.000000 0.000000 0.000000
49.626000 -1.140463  0.578629  5.661782 7.450151 3.098922 0.861789  0.000000 -0.000000  0.000000 0.000000 0.000000 0.000000
49.666000 -0.864148  0.457307  5.589338 7.486610 3.104966 0.859939  0.000000 -0.000000  0.000000 0.000000 0.000000 0.000000
49.717000 -0.380771  0.366281  5.531413 7.534382 3.112223 0.856560  0.000000 -0.000000  0.000000 0.000000 0.000000 0.000000
49.769000 0.509951 0.284666 5.588460 7.585519 3.118981 0.854251  0.000000 -0.000000  0.000000 0.000000 0.000000 0.000000
49.817000 1.428461 0.177839 5.544527 7.630857 3.124770 0.850829  0.000000 -0.000000  0.000000 0.000000 0.000000 0.000000
49.863000 2.253568 0.004692 5.665776 7.674901 3.129886 0.849190  0.000000 -0.000000  0.000000 0.000000 0.000000 0.000000
49.909000  3.139147 -0.261567  5.785319 7.719999 3.133771 0.845616  0.000000 -0.000000  0.000000 0.000000 0.000000 0.000000
49.957000  4.046063 -0.631068  5.734090 7.764232 3.137482 0.844537  0.000000 -0.000000  0.000000 0.000000 0.000000 0.000000
49.994000  4.643341 -0.861233  5.881457 7.800392 3.138826 0.842804  0.000000 -0.000000  0.000000 0.000000 0.000000 0.000000
50.027000  5.121006 -1.143244  5.957793 7.835974 3.139596 0.842234  0.000000 -0.000000  0.000000 0.000000 0.000000 0.000000
50.060000  5.577529 -1.370888  5.657257 7.870469 3.139998 0.842784  0.000000 -0.000000  0.000000 0.000000 0.000000 0.000000
50.098000  6.061846 -1.872914  5.682202 7.909623 3.138136 0.842576  0.000000 -0.000000  0.000000 0.000000 0.000000 0.000000
50.133000  6.328010 -2.313303  5.761254 7.943272 3.135448 0.842827  0.000000 -0.000000  0.000000 0.000000 0.000000 0.000000
50.170000  6.580820 -2.876951  5.857464 7.977846 3.131353 0.842524  0.000000 -0.000000  0.000000 0.000000 0.000000 0.000000
50.202000  6.824145 -3.334019  5.787004 8.009331 3.127059 0.842769  0.000000 -0.000000  0.000000 0.000000 0.000000 0.000000
50.235000  6.955983 -3.770248  5.897103 8.039169 3.121293 0.841667  0.000000 -0.000000  0.000000 0.000000 0.000000 0.000000
50.271000  6.980421 -4.095186  6.029102 8.070270 3.113406 0.840034  0.000000 -0.000000  0.000000 0.000000 0.000000 0.000000
50.304000  7.347065 -3.859374  7.704629 8.095040 3.102343 0.837910  0.000000 -0.000000  0.000000 0.000000 0.000000 0.000000
50.344000  6.793227 -2.986363 14.735448 8.116172 3.081814 0.841439  0.000000 -0.000000  0.000000 0.000000 0.000000 0.000000
50.381000  5.743610 -1.204620 17.795843 8.136927 3.063721 0.847710  0.000000 -0.000000  0.000000 0.000000 0.000000 0.000000
50.416000  4.956139  0.996317 15.791159 8.156989 3.044504 0.855364  0.000000 -0.000000  0.000000 0.000000 0.000000 0.000000
50.466000  3.575675  3.106237 11.920927 8.187608 3.014908 0.862823  0.000000 -0.000000  0.000000 0.000000 0.000000 0.000000
50.504000  3.006800  4.144520 11.186074 8.209728 2.991585 0.863575  0.000000 -0.000000  0.000000 0.000000 0.000000 0.000000
50.536000  2.357649  4.889861 11.126882 8.226783 2.971700 0.860714  0.000000 -0.000000  0.000000 0.000000 0.000000 0.000000
50.576000  1.481021  5.376859 11.306921 8.246440 2.949538 0.855994  0.000000 -0.000000  0.000000 0.000000 0.000000 0.000000
50.609000  0.816445  5.652262 11.083055 8.264983 2.931059 0.852802  0.000000 -0.000000  0.000000 0.000000 0.000000 0.000000
50.642000  0.146159  5.618215 10.804623 8.286402 2.913224 0.850149  0.000000 -0.000000  0.000000 0.000000 0.000000 0.000000
50.676000 -2.194038  3.361636 10.535251 8.304613 2.898248 0.845292  0.000000 -0.000000  0.000000 0.000000 0.000000 0.000000
50.713000 -6.068427 -0.147736 10.591750 8.321869 2.883962 0.848524  0.000000 -0.000000  0.000000 0.000000 0.000000 0.000000
50.746000 -8.903720 -3.400277 11.137807 8.338110 2.873109 0.847847  0.000000 -0.000000  0.000000 0.000000 0.000000 0.000000
50.783000 -12.158327  -6.748943  11.880373 8.357214 2.862480 0.848670  0.000000 -0.000000  0.000000 0.000000 0.000000 0.000000
50.816000 -13.995008  -9.502581  12.604044 8.370497 2.854343 0.853252  0.000000 -0.000000  0.000000 0.000000 0.000000 0.000000
50.851000 -15.569627 -11.748435  13.212433 8.384574 2.849906 0.861194  0.000000 -0.000000  0.000000 0.000000 0.000000 0.000000
50.886000 -16.130151 -13.202198  13.770146 8.393881 2.845810 0.873320  0.000000 -0.000000  0.000000 0.000000 0.000000 0.000000
50.920000 -16.155259 -14.242281  13.964659 8.402111 2.845497 0.889448  0.000000 -0.000000  0.000000 0.000000 0.000000 0.000000
50.953000 -15.429880 -14.657735  13.887809 8.407755 2.845636 0.905170  0.000000 -0.000000  0.000000 0.000000 0.000000 0.000000
50.989000 -14.319307 -14.690188  13.781815 8.412709 2.846498 0.921101  0.000000 -0.000000  0.000000 0.000000 0.000000 0.000000
51.023000 -12.915320 -14.310273  13.667097 8.414927 2.847906 0.933293  0.000000 -0.000000  0.000000 0.000000 0.000000 0.000000
51.055000 -11.209330 -13.679398  13.134314 8.417048 2.849371 0.941650  0.000000 -0.000000  0.000000 0.000000 0.000000 0.000000
51.091000  -9.480661 -12.735833  12.939365 8.413477 2.852557 0.945967  0.000000 -0.000000  0.000000 0.000000 0.000000 0.000000
51.131000  -7.765335 -11.248314  12.708686 8.410850 2.854296 0.945837  0.000000 -0.000000  0.000000 0.000000 0.000000 0.000000
51.164000  -6.222013 -10.035792  12.545139 8.405675 2.857103 0.940993  0.000000 -0.000000  0.000000 0.000000 0.000000 0.000000
51.197000 -4.655045 -8.670946 12.122331 8.401976 2.860093 0.936410  0.000000 -0.000000  0.000000 0.000000 0.000000 0.000000
51.231000 -3.523034 -7.132447 11.977948 8.395607 2.865237 0.930666  0.000000 -0.000000  0.000000 0.000000 0.000000 0.000000
51.264000 -2.297369 -5.658866 11.798855 8.389572 2.869570 0.925195  0.000000 -0.000000  0.000000 0.000000 0.000000 0.000000
51.302000 -1.412240 -4.548368 11.562060 8.377873 2.875435 0.921011  0.000000 -0.000000  0.000000 0.000000 0.000000 0.000000
51.335000 -0.873170 -3.516787 11.397933 8.366299 2.879502 0.918587  0.000000 -0.000000  0.000000 0.000000 0.000000 0.000000
51.372000 -0.246080 -2.476648 11.307629 8.349340 2.886988 0.918892  0.000000 -0.000000  0.000000 0.000000 0.000000 0.000000
51.403000  0.499246 -1.546887 11.220757 8.337930 2.893042 0.922000  0.000000 -0.000000  0.000000 0.000000 0.000000 0.000000
51.439000  1.149618 -0.333775 11.270942 8.323757 2.900459 0.923511  0.000000 -0.000000  0.000000 0.000000 0.000000 0.000000
51.473000  1.876292  0.980140 11.293725 8.312672 2.908246 0.924202  0.000000 -0.000000  0.000000 0.000000 0.000000 0.000000
51.507000  2.503693  2.221219 11.270827 8.300150 2.915600 0.925146  0.000000 -0.000000  0.000000 0.000000 0.000000 0.000000
51.533000  3.025256  3.153246 11.306309 8.291450 2.921117 0.923584  0.000000 -0.000000  0.000000 0.000000 0.000000 0.000000
51.573000  3.627191  4.384750 11.442374 8.274681 2.928967 0.918466  0.000000 -0.000000  0.000000 0.000000 0.000000 0.000000
51.609000  4.225838  5.372257 11.468520 8.261249 2.936254 0.914025  0.000000 -0.000000  0.000000 0.000000 0.000000 0.000000
51.647000  4.638413  6.246764 11.715523 8.249397 2.943721 0.909128  0.000000 -0.000000  0.000000 0.000000 0.000000 0.000000
51.680000  4.996523  6.988023 11.682876 8.242164 2.950011 0.907733  0.000000 -0.000000  0.000000 0.000000 0.000000 0.000000
51.714000  5.251219  7.524008 11.722019 8.232339 2.956127 0.904927  0.000000 -0.000000  0.000000 0.000000 0.000000 0.000000
51.748000  5.509587  7.902986 11.857882 8.228192 2.961575 0.904142  0.000000 -0.000000  0.000000 0.000000 0.000000 0.000000
51.781000  5.631142  8.117933 12.002785 8.223775 2.966174 0.903635  0.000000 -0.000000  0.000000 0.000000 0.000000 0.000000
51.813000  5.705582  8.256624 12.100061 8.219053 2.970318 0.904597  0.000000 -0.000000  0.000000 0.000000 0.000000 0.000000
51.850000  5.774311  8.191720 12.300225 8.215340 2.973728 0.904605  0.000000 -0.000000  0.000000 0.000000 0.000000 0.000000
51.883000  5.704548  8.030031 12.360035 8.216078 2.976632 0.903755  0.000000 -0.000000  0.000000 0.000000 0.000000 0.000000
51.917000  5.567897  7.815487 12.623706 8.217035 2.978733 0.902074  0.000000 -0.000000  0.000000 0.000000 0.000000 0.000000
51.959000  5.358457  7.412699 12.767868 8.221190 2.981521 0.898140  0.000000 -0.000000  0.000000 0.000000 0.000000 0.000000
51.992000  5.147189  7.057938 12.846368 8.224888 2.983324 0.894343  0.000000 -0.000000  0.000000 0.000000 0.000000 0.000000
52.025000  4.896905  6.565814 12.967237 8.230695 2.985286 0.888788  0.000000 -0.000000  0.000000 0.000000 0.000000 0.000000
52.059000  4.560281  6.204508 13.250141 8.260304 2.993384 0.898405  0.000000 -0.000000  0.000000 0.000000 0.000000 0.000000
52.098000  4.200176  5.565585 13.320587 8.267087 2.993174 0.890187  0.000000 -0.000000  0.000000 0.000000 0.000000 0.000000
52.169000  3.723071  3.765055 13.497875 8.285304 2.990982 0.875262  0.000000 -0.000000  0.000000 0.000000 0.000000 0.000000
52.202000  3.400226  2.883138 13.700231 8.292621 2.989823 0.863806  0.000000 -0.000000  0.000000 0.000000 0.000000 0.000000
52.237000  3.082134  2.150449 13.907609 8.302723 2.989004 0.851919  0.000000 -0.000000  0.000000 0.000000 0.000000 0.000000
52.272000  2.653812  1.712966 13.999391 8.315002 2.988068 0.839412  0.000000 -0.000000  0.000000 0.000000 0.000000 0.000000
52.297000  2.385779  1.472652 14.195128 8.319160 2.987540 0.829833  0.000000 -0.000000  0.000000 0.000000 0.000000 0.000000
52.338000  1.986933  1.376071 14.408068 8.333127 2.985923 0.818630  0.000000 -0.000000  0.000000 0.000000 0.000000 0.000000
52.374000  1.649550  1.472471 14.735102 8.347092 2.984438 0.810809  0.000000 -0.000000  0.000000 0.000000 0.000000 0.000000
52.407000  1.444586  1.683485 14.876795 8.361825 2.982777 0.805125  0.000000 -0.000000  0.000000 0.000000 0.000000 0.000000
52.452000  1.124372  2.056736 15.277254 8.382741 2.980124 0.797742  0.000000 -0.000000  0.000000 0.000000 0.000000 0.000000
52.489000  0.890316  2.362983 15.528031 8.400509 2.978531 0.791259  0.000000 -0.000000  0.000000 0.000000 0.000000 0.000000
52.524000  0.679601  2.638096 15.699783 8.417760 2.977367 0.785856  0.000000 -0.000000  0.000000 0.000000 0.000000 0.000000
52.556000  0.414843  2.775597 15.884363 8.432270 2.975859 0.778990  0.000000 -0.000000  0.000000 0.000000 0.000000 0.000000
52.594000  0.101001  2.940824 15.928043 8.452068 2.974479 0.772207  0.000000 -0.000000  0.000000 0.000000 0.000000 0.000000
52.626000 -0.139152  2.980673 16.014687 8.470007 2.973074 0.765551  0.000000 -0.000000  0.000000 0.000000 0.000000 0.000000
52.661000 -0.371832  3.005087 16.148832 8.487784 2.971997 0.756447  0.000000 -0.000000  0.000000 0.000000 0.000000 0.000000
52.709000 -0.820788  2.961884 16.284019 8.514860 2.970833 0.745089  0.000000 -0.000000  0.000000 0.000000 0.000000 0.000000
52.759000 -1.279109  2.889329 16.602012 8.543429 2.969960 0.734060  0.000000 -0.000000  0.000000 0.000000 0.000000 0.000000
52.809000 -1.701386  2.795476 16.580712 8.572870 2.969150 0.722796  0.000000 -0.000000  0.000000 0.000000 0.000000 0.000000
52.845000 -2.020488  2.696976 16.634962 8.594119 2.969176 0.714440  0.000000 -0.000000  0.000000 0.000000 0.000000 0.000000
52.878000 -2.393623  2.661094 16.703409 8.610962 2.968930 0.707545  0.000000 -0.000000  0.000000 0.000000 0.000000 0.000000
52.911000 -2.797430  2.561529 16.852688 8.629132 2.970017 0.699878  0.000000 -0.000000  0.000000 0.000000 0.000000 0.000000
52.945000 -3.076447  2.492814 16.777335 8.650780 2.972064 0.690737  0.000000 -0.000000  0.000000 0.000000 0.000000 0.000000
52.985000 -3.553796  2.523272 16.867323 8.678483 2.975721 0.681817  0.000000 -0.000000  0.000000 0.000000 0.000000 0.000000
53.019000 -3.931708  2.527582 17.043196 8.702062 2.980394 0.673704  0.000000 -0.000000  0.000000 0.000000 0.000000 0.000000
53.052000 -4.228377  2.489392 17.139701 8.722341 2.984949 0.666678  0.000000 -0.000000  0.000000 0.000000 0.000000 0.000000
53.088000 -4.498175  2.369234 17.175398 8.744757 2.991074 0.658823  0.000000 -0.000000  0.000000 0.000000 0.000000 0.000000
53.120000 -4.680680  2.238196 17.118860 8.766902 2.997526 0.649718  0.000000 -0.000000  0.000000 0.000000 0.000000 0.000000
53.154000 -4.865273  2.150630 17.181333 8.790263 3.005016 0.641262  0.000000 -0.000000  0.000000 0.000000 0.000000 0.000000
53.188000 -4.947397  2.020566 17.177631 8.810519 3.014665 0.635134  0.000000 -0.000000  0.000000 0.000000 0.000000 0.000000
53.224000 -4.998693  1.847340 17.120897 8.833062 3.025235 0.627632  0.000000 -0.000000  0.000000 0.000000 0.000000 0.000000
53.256000 -4.960882  1.735719 17.070966 8.853336 3.035956 0.622947  0.000000 -0.000000  0.000000 0.000000 0.000000 0.000000
53.290000 -4.819421  1.626742 17.025346 8.879207 3.047927 0.617507  0.000000 -0.000000  0.000000 0.000000 0.000000 0.000000
53.324000 -4.699445  1.606606 17.032257 8.903048 3.061073 0.612700  0.000000 -0.000000  0.000000 0.000000 0.000000 0.000000
53.361000 -4.433186  1.482709 17.007831 8.927374 3.076535 0.607157  0.000000 -0.000000  0.000000 0.000000 0.000000 0.000000
53.393000 -4.227650  1.376051 16.870842 8.949819 3.090365 0.602742  0.000000 -0.000000  0.000000 0.000000 0.000000 0.000000
53.429000 -3.935203  1.246953 16.798568 8.975175 3.106895 0.597220  0.000000 -0.000000  0.000000 0.000000 0.000000 0.000000
53.462000 -3.731094  1.149174 16.661067 8.997958 3.122909 0.592309  0.000000 -0.000000  0.000000 0.000000 0.000000 0.000000
53.504000 -3.313243  0.989715 16.522201 9.026530 3.145008 0.588234  0.000000 -0.000000  0.000000 0.000000 0.000000 0.000000
53.537000 -3.030285  0.877209 16.443611 9.047467 3.162609 0.586417  0.000000 -0.000000  0.000000 0.000000 0.000000 0.000000
53.571000 -2.666979  0.780880 16.489295 9.070341 3.181612 0.584794  0.000000 -0.000000  0.000000 0.000000 0.000000 0.000000
53.605000 -2.359636  0.701202 16.398999 9.094202 3.201278 0.583997  0.000000 -0.000000  0.000000 0.000000 0.000000 0.000000
53.639000 -1.956920  0.665990 16.252212 9.120371 3.222448 0.584113  0.000000 -0.000000  0.000000 0.000000 0.000000 0.000000
53.674000 -1.620143  0.639783 16.115628 9.146386 3.244820 0.585280  0.000000 -0.000000  0.000000 0.000000 0.000000 0.000000
53.707000 -1.238227  0.593974 15.973671 9.169161 3.266555 0.586350  0.000000 -0.000000  0.000000 0.000000 0.000000 0.000000
53.742000 -0.841715  0.461852 15.876049 9.193851 3.288499 0.588263  0.000000 -0.000000  0.000000 0.000000 0.000000 0.000000
53.776000 -0.393556  0.353299 15.625873 9.219696 3.310036 0.591462  0.000000 -0.000000  0.000000 0.000000 0.000000 0.000000
53.810000  0.035339  0.198373 15.402482 9.243983 3.331669 0.594843  0.000000 -0.000000  0.000000 0.000000 0.000000 0.000000
53.845000  0.447556  0.100019 15.236474 9.268075 3.354623 0.599532  0.000000 -0.000000  0.000000 0.000000 0.000000 0.000000
53.911000  1.184730 -0.111153 14.889853 9.318267 3.397736 0.610418  0.000000 -0.000000  0.000000 0.000000 0.000000 0.000000
53.945000  1.571240 -0.215278 14.716218 9.344624 3.419441 0.618419  0.000000 -0.000000  0.000000 0.000000 0.000000 0.000000
53.981000  1.956039 -0.326779 14.572460 9.371033 3.442336 0.627290  0.000000 -0.000000  0.000000 0.000000 0.000000 0.000000
54.013000  2.249017 -0.460519 14.319225 9.394421 3.462784 0.635939  0.000000 -0.000000  0.000000 0.000000 0.000000 0.000000
54.047000  2.561039 -0.582522 14.068978 9.421045 3.483438 0.645521  0.000000 -0.000000  0.000000 0.000000 0.000000 0.000000
54.088000  2.942774 -0.732633 13.718955 9.453073 3.507413 0.657638  0.000000 -0.000000  0.000000 0.000000 0.000000 0.000000
54.122000  3.202123 -0.856140 13.647629 9.480789 3.526544 0.668089  0.000000 -0.000000  0.000000 0.000000 0.000000 0.000000
54.156000  3.433664 -0.932256 13.378762 9.506139 3.546482 0.679943  0.000000 -0.000000  0.000000 0.000000 0.000000 0.000000
54.190000  3.600473 -1.088559 13.240614 9.531032 3.564951 0.691143  0.000000 -0.000000  0.000000 0.000000 0.000000 0.000000
54.225000  3.767732 -1.193921 12.943458 9.557798 3.583282 0.703660  0.000000 -0.000000  0.000000 0.000000 0.000000 0.000000
54.263000  3.919789 -1.306202 12.722846 9.585100 3.602831 0.718756  0.000000 -0.000000  0.000000 0.000000 0.000000 0.000000
54.296000  4.055408 -1.381633 12.557243 9.609329 3.619359 0.732872  0.000000 -0.000000  0.000000 0.000000 0.000000 0.000000
54.333000  4.203192 -1.424924 12.327273 9.638412 3.637434 0.750780  0.000000 -0.000000  0.000000 0.000000 0.000000 0.000000
54.366000  4.314931 -1.430254 12.038422 9.664473 3.651890 0.766241  0.000000 -0.000000  0.000000 0.000000 0.000000 0.000000
54.400000  4.469791 -1.499493 11.956885 9.689849 3.665021 0.783374  0.000000 -0.000000  0.000000 0.000000 0.000000 0.000000
54.434000  4.609066 -1.563280 11.652949 9.714225 3.678368 0.802030  0.000000 -0.000000  0.000000 0.000000 0.000000 0.000000
54.467000  4.685317 -1.672556 11.301932 9.756491 3.682883 0.819160  0.000000 -0.000000  0.000000 0.000000 0.000000 0.000000
54.501000  4.691997 -1.783935 11.066355 9.780821 3.694642 0.837203  0.000000 -0.000000  0.000000 0.000000 0.000000 0.000000
54.535000  4.525001 -2.082839 10.778813 9.804223 3.705446 0.856638  0.000000 -0.000000  0.000000 0.000000 0.000000 0.000000
54.569000  4.200141 -2.535450 10.507889 9.828694 3.715508 0.875714  0.000000 -0.000000  0.000000 0.000000 0.000000 0.000000
54.604000  3.964152 -2.928696 10.220513 9.851582 3.724989 0.895910  0.000000 -0.000000  0.000000 0.000000 0.000000 0.000000
54.638000  3.689886 -3.327655 10.097702 9.871932 3.734784 0.914706  0.000000 -0.000000  0.000000 0.000000 0.000000 0.000000
54.671000  3.532873 -3.618447  9.895852 9.892621 3.742650 0.933681  0.000000 -0.000000  0.000000 0.000000 0.000000 0.000000
54.705000  3.398912 -3.836657  9.677197 9.912648 3.750406 0.954457  0.000000 -0.000000  0.000000 0.000000 0.000000 0.000000
54.739000  3.307512 -3.907929  9.276440 9.950495 3.746400 0.969642  0.000000 -0.000000  0.000000 0.000000 0.000000 0.000000
54.776000  3.260370 -4.029510  8.883042 9.970724 3.751617 0.990371  0.000000 -0.000000  0.000000 0.000000 0.000000 0.000000
54.808000  3.011469 -4.220855  8.735521 9.986903 3.756603 1.007939  0.000000 -0.000000  0.000000 0.000000 0.000000 0.000000
54.842000  2.656612 -4.573767  8.559097 10.004443  3.762675  1.026446  0.000000 -0.000000  0.000000 0.000000 0.000000 0.000000
54.876000  2.338584 -4.728134  8.123511 10.023642  3.766931  1.045088  0.000000 -0.000000  0.000000 0.000000 0.000000 0.000000
54.913000  2.021654 -4.872858  8.110060 10.043301  3.774040  1.063890  0.000000 -0.000000  0.000000 0.000000 0.000000 0.000000
54.982000  1.860426 -5.090162  7.377238 10.080109  3.779043  1.100687  0.000000 -0.000000  0.000000 0.000000 0.000000 0.000000
55.015000  1.786448 -5.116440  6.811490 10.117505  3.762233  1.087201  0.000000 -0.000000  0.000000 0.000000 0.000000 0.000000
55.048000  1.770120 -5.164817  6.604518 10.134201  3.765774  1.102515  0.000000 -0.000000  0.000000 0.000000 0.000000 0.000000
55.084000  1.421347 -5.520275  6.366929 10.151809  3.768294  1.117690  0.000000 -0.000000  0.000000 0.000000 0.000000 0.000000
55.121000  0.866767 -6.041049  6.147228 10.170347  3.771993  1.133209  0.000000 -0.000000  0.000000 0.000000 0.000000 0.000000
55.153000  0.472836 -6.395555  5.987330 10.181490  3.775232  1.146586  0.000000 -0.000000  0.000000 0.000000 0.000000 0.000000
55.187000  0.056620 -6.672798  5.754225 10.191685  3.776622  1.160766  0.000000 -0.000000  0.000000 0.000000 0.000000 0.000000
55.234000 -0.302939 -6.760481  5.119169 10.221313  3.752122  1.148872  0.000000 -0.000000  0.000000 0.000000 0.000000 0.000000
55.282000 -0.220861 -7.415437  4.701545 10.238095  3.752957  1.165176  0.000000 -0.000000  0.000000 0.000000 0.000000 0.000000
55.326000 -0.987661 -7.645067  4.635058 10.254228  3.757214  1.176670  0.000000 -0.000000  0.000000 0.000000 0.000000 0.000000
55.405000 -1.902434 -6.394905  3.944379 10.283926  3.731140  1.173144  0.000000 -0.000000  0.000000 0.000000 0.000000 0.000000
55.452000 -2.356765 -6.670667  3.528495 10.296506  3.714397  1.173731  0.000000 -0.000000  0.000000 0.000000 0.000000 0.000000
55.495000 -2.727800 -6.612906  3.389664 10.301481  3.710208  1.175983  0.000000 -0.000000  0.000000 0.000000 0.000000 0.000000
55.526000 -3.449040 -6.563611  3.266285 10.302350  3.706874  1.176549  0.000000 -0.000000  0.000000 0.000000 0.000000 0.000000
55.563000 -4.473031 -6.549492  3.300759 10.300415  3.705274  1.180669  0.000000 -0.000000  0.000000 0.000000 0.000000 0.000000
55.604000 -4.911405 -6.423089  3.171229 10.299871  3.703822  1.190925  0.000000 -0.000000  0.000000 0.000000 0.000000 0.000000
55.677000 -5.284754 -6.772049  3.116388 10.293386  3.705763  1.215084  0.000000 -0.000000  0.000000 0.000000 0.000000 0.000000
55.720000 -5.110726 -5.753196  3.247169 10.286210  3.709634  1.232170  0.000000 -0.000000  0.000000 0.000000 0.000000 0.000000
55.769000 -4.723400 -4.294418  3.049405 10.277539  3.713112  1.251522  0.000000 -0.000000  0.000000 0.000000 0.000000 0.000000
55.813000 -1.372817 -3.159807  2.926028 10.271219  3.730932  1.296368  0.000000 -0.000000  0.000000 0.000000 0.000000 0.000000
55.846000 -0.065664 -2.311924  2.825206 10.266810  3.741662  1.345647  0.000000 -0.000000  0.000000 0.000000 0.000000 0.000000
55.876000  0.796398 -1.078787  3.041498 10.257628  3.753578  1.420164  0.000000 -0.000000  0.000000 0.000000 0.000000 0.000000
55.914000  2.140650 -0.072354  3.208911 10.250522  3.765641  1.511801  0.000000 -0.000000  0.000000 0.000000 0.000000 0.000000
55.948000 3.151365 1.035113 3.328996 10.241283  3.775445  1.556104  0.000000 -0.000000  0.000000 0.000000 0.000000 0.000000
55.982000 4.035961 1.955102 3.537662 10.230451  3.784015  1.569763  0.000000 -0.000000  0.000000 0.000000 0.000000 0.000000
56.016000 5.022872 2.848844 3.655018 10.220553  3.791970  1.564727  0.000000 -0.000000  0.000000 0.000000 0.000000 0.000000
56.052000 5.920726 3.675759 3.588771 10.208438  3.796198  1.542110  0.000000 -0.000000  0.000000 0.000000 0.000000 0.000000
56.091000 6.801024 4.573850 3.489959 10.197400  3.799489  1.502391  0.000000 -0.000000  0.000000 0.000000 0.000000 0.000000
56.123000 7.214932 5.325995 3.447148 10.185203  3.803614  1.461494  0.000000 -0.000000  0.000000 0.000000 0.000000 0.000000
56.157000 7.399482 5.992556 3.247155 10.173329  3.806786  1.419998  0.000000 -0.000000  0.000000 0.000000 0.000000 0.000000
56.194000 7.165617 6.593163 3.056705 10.163811  3.806876  1.379041  0.000000 -0.000000  0.000000 0.000000 0.000000 0.000000
56.228000 6.692020 6.937195 2.919939 10.153816  3.805860  1.349429  0.000000 -0.000000  0.000000 0.000000 0.000000 0.000000
56.265000 5.846782 7.197202 2.835457 10.147489  3.803001  1.328971  0.000000 -0.000000  0.000000 0.000000 0.000000 0.000000
56.299000 4.752206 7.013581 2.287271 10.118289  3.781995  1.299636  0.000000 -0.000000  0.000000 0.000000 0.000000 0.000000
56.331000 3.711102 6.862336 2.262480 10.117249  3.777950  1.296118  0.000000 -0.000000  0.000000 0.000000 0.000000 0.000000
56.364000 2.189360 6.770681 2.122362 10.118071  3.774059  1.294203  0.000000 -0.000000  0.000000 0.000000 0.000000 0.000000
56.400000 0.471353 6.614926 1.994102 10.117004  3.769797  1.293453  0.000000 -0.000000  0.000000 0.000000 0.000000 0.000000
56.434000 -1.080538  5.987460  1.945751 10.117393  3.764616  1.293300  0.000000 -0.000000  0.000000 0.000000 0.000000 0.000000
56.470000 -2.274815  5.250772  1.947539 10.118895  3.759835  1.290954  0.000000 -0.000000  0.000000 0.000000 0.000000 0.000000
56.499000 -3.160471  4.533530  1.965368 10.105719  3.741140  1.269640  0.000000 -0.000000  0.000000 0.000000 0.000000 0.000000
56.536000 -3.847333  3.710287  1.751592 10.106810  3.736823  1.265467  0.000000 -0.000000  0.000000 0.000000 0.000000 0.000000
56.571000 -4.594625  3.225306  1.465296 10.103281  3.723544  1.252261  0.000000 -0.000000  0.000000 0.000000 0.000000 0.000000
56.603000 -5.043192  2.863917  1.411452 10.108950  3.719795  1.252624  0.000000 -0.000000  0.000000 0.000000 0.000000 0.000000
56.638000 -5.473503  2.637596  1.407416 10.109619  3.710180  1.245841  0.000000 -0.000000  0.000000 0.000000 0.000000 0.000000
56.679000 -5.738343  2.420117  1.426862 10.118266  3.711638  1.255384  0.000000 -0.000000  0.000000 0.000000 0.000000 0.000000
56.714000 -5.782054  2.240431  1.323570 10.127711  3.713919  1.265292  0.000000 -0.000000  0.000000 0.000000 0.000000 0.000000
56.746000 -5.678186  2.053607  1.339707 10.136981  3.717137  1.277218  0.000000 -0.000000  0.000000 0.000000 0.000000 0.000000
56.782000 -5.169851  1.660150  1.443645 10.145828  3.722968  1.285805  0.000000 -0.000000  0.000000 0.000000 0.000000 0.000000
56.816000 -4.486060  1.177829  1.482058 10.155956  3.727966  1.294805  0.000000 -0.000000  0.000000 0.000000 0.000000 0.000000
56.850000 -3.558477  0.594047  1.119745 10.161015  3.718611  1.283768  0.000000 -0.000000  0.000000 0.000000 0.000000 0.000000
56.884000 -2.536899 -0.029289  1.285709 10.171347  3.723147  1.285154  0.000000 -0.000000  0.000000 0.000000 0.000000 0.000000
56.916000 -1.708351 -0.570350  1.068265 10.174833  3.712719  1.262180  0.000000 -0.000000  0.000000 0.000000 0.000000 0.000000
56.952000 -0.926121 -1.164227  0.877518 10.183760  3.716758  1.261174  0.000000 -0.000000  0.000000 0.000000 0.000000 0.000000
56.985000 -0.499191 -1.564181  0.989330 10.194990  3.725299  1.261223  0.000000 -0.000000  0.000000 0.000000 0.000000 0.000000
57.020000 -0.176910 -1.961055  1.357043 10.206585  3.739533  1.268993  0.000000 -0.000000  0.000000 0.000000 0.000000 0.000000
57.054000  0.282703 -2.287964  1.059316 10.218642  3.744490  1.274328  0.000000 -0.000000  0.000000 0.000000 0.000000 0.000000
57.102000  1.167510 -2.849568  1.048324 10.233697  3.752558  1.288537  0.000000 -0.000000  0.000000 0.000000 0.000000 0.000000
57.141000  1.931125 -3.344642  0.987298 10.244348  3.760119  1.296442  0.000000 -0.000000  0.000000 0.000000 0.000000 0.000000
57.174000  2.480951 -3.651650  0.734601 10.255735  3.762679  1.301769  0.000000 -0.000000  0.000000 0.000000 0.000000 0.000000
57.208000  3.106675 -4.179299  0.711306 10.265194  3.767479  1.306455  0.000000 -0.000000  0.000000 0.000000 0.000000 0.000000
57.241000  3.501570 -4.542337  0.656469 10.272793  3.771409  1.303450  0.000000 -0.000000  0.000000 0.000000 0.000000 0.000000
57.274000  3.916709 -5.038040  0.480802 10.280227  3.772980  1.305067  0.000000 -0.000000  0.000000 0.000000 0.000000 0.000000
57.318000  4.120033 -5.322621  0.484583 10.290901  3.776939  1.306582  0.000000 -0.000000  0.000000 0.000000 0.000000 0.000000
