10.664000  0.187243  0.044433 -0.004704 -0.002345  0.004458  0.004383  0.000000 -0.000000  0.000000 0.000000 0.000000 0.000000
10.698000  0.084118 -0.019342 -0.016970 -0.000561  0.001716  0.002364  0.000000 -0.000000  0.000000 0.000000 0.000000 0.000000
10.728000 -0.066389 -0.176718  0.027720  0.003883 -0.001481 -0.002890  0.000000 -0.000000  0.000000 0.000000 0.000000 0.000000
10.767000 -0.154580 -0.217308  0.039960  0.005513 -0.005964 -0.005241  0.000000 -0.000000  0.000000 0.000000 0.000000 0.000000
10.804000 -0.086427 -0.112677 -0.024684  0.004654 -0.005080 -0.002025  0.000000 -0.000000  0.000000 0.000000 0.000000 0.000000
10.839000 -0.074994 -0.144917  0.000001  0.005117 -0.004712 -0.000790  0.000000 -0.000000  0.000000 0.000000 0.000000 0.000000
10.873000 -0.089280 -0.223514  0.067372  0.004851 -0.004441  0.000344  0.000000 -0.000000  0.000000 0.000000 0.000000 0.000000
10.901000 -0.082380 -0.100601  0.014388  0.004015 -0.004225  0.001396  0.000000 -0.000000  0.000000 0.000000 0.000000 0.000000
10.934000 -0.020778 -0.095734  0.030375  0.004052 -0.003769  0.001835  0.000000 -0.000000  0.000000 0.000000 0.000000 0.000000
10.976000 -0.007796 -0.087184  0.046045  0.003787 -0.003823  0.002075  0.000000 -0.000000  0.000000 0.000000 0.000000 0.000000
11.003000 -0.006466 -0.121120  0.045204  0.004592 -0.004060  0.001846  0.000000 -0.000000  0.000000 0.000000 0.000000 0.000000
11.043000 -0.118940 -0.213464 -0.021010  0.006168 -0.004151  0.000489  0.000000 -0.000000  0.000000 0.000000 0.000000 0.000000
11.070000 -0.083908 -0.143563  0.008064  0.005737 -0.004010  0.001197  0.000000 -0.000000  0.000000 0.000000 0.000000 0.000000
11.077000 -0.041083 -0.129326  0.011670  0.005431 -0.003781  0.001318  0.000000 -0.000000  0.000000 0.000000 0.000000 0.000000
11.122000 -0.062767 -0.157746  0.017454  0.005572 -0.004085  0.000977  0.000000 -0.000000  0.000000 0.000000 0.000000 0.000000
11.156000 -0.085206 -0.147420  0.008975  0.005350 -0.003901  0.000771  0.000000 -0.000000  0.000000 0.000000 0.000000 0.000000
11.190000  0.004747 -0.089404  0.009140  0.004431 -0.003452  0.001663  0.000000 -0.000000  0.000000 0.000000 0.000000 0.000000
11.224000 -0.092577 -0.169155  0.013101  0.003925 -0.003740  0.000977  0.000000 -0.000000  0.000000 0.000000 0.000000 0.000000
11.260000 -0.040876 -0.120066  0.019848  0.003425 -0.003551  0.001588  0.000000 -0.000000  0.000000 0.000000 0.000000 0.000000
11.294000 -0.072025 -0.147070  0.024294  0.003226 -0.003595  0.001717  0.000000 -0.000000  0.000000 0.000000 0.000000 0.000000
11.333000 -0.030354 -0.126092  0.024730  0.003111 -0.003708  0.001805  0.000000 -0.000000  0.000000 0.000000 0.000000 0.000000
11.368000 -0.017744 -0.151593  0.034025  0.003373 -0.003821  0.002577  0.000000 -0.000000  0.000000 0.000000 0.000000 0.000000
11.401000 -0.038578 -0.127781  0.030821  0.003862 -0.004135  0.002689  0.000000 -0.000000  0.000000 0.000000 0.000000 0.000000
11.437000 -0.037111 -0.116112  0.015589  0.003462 -0.004050  0.003140  0.000000 -0.000000  0.000000 0.000000 0.000000 0.000000
11.471000 -0.018769 -0.088105  0.038220  0.003723 -0.004121  0.003146  0.000000 -0.000000  0.000000 0.000000 0.000000 0.000000
11.505000 -0.071109 -0.138659  0.020112  0.003437 -0.004193  0.003062  0.000000 -0.000000  0.000000 0.000000 0.000000 0.000000
11.546000 -0.045943 -0.124247  0.036143  0.003582 -0.004299  0.002774  0.000000 -0.000000  0.000000 0.000000 0.000000 0.000000
11.580000 -0.063345 -0.135970  0.029575  0.003626 -0.004300  0.002637  0.000000 -0.000000  0.000000 0.000000 0.000000 0.000000
11.614000 -0.070502 -0.137673  0.009001  0.003449 -0.004281  0.003010  0.000000 -0.000000  0.000000 0.000000 0.000000 0.000000
11.653000 -0.067596 -0.133185  0.011950  0.003203 -0.004314  0.003265  0.000000 -0.000000  0.000000 0.000000 0.000000 0.000000
11.682000 -0.043546 -0.127258  0.026047  0.003749 -0.004291  0.003258  0.000000 -0.000000  0.000000 0.000000 0.000000 0.000000
11.716000 -0.050189 -0.123243  0.026759  0.003569 -0.004214  0.003386  0.000000 -0.000000  0.000000 0.000000 0.000000 0.000000
11.750000 -0.066047 -0.150050  0.024723  0.003752 -0.004527  0.002985  0.000000 -0.000000  0.000000 0.000000 0.000000 0.000000
11.784000 -0.069247 -0.144375  0.027162  0.003363 -0.004301  0.003219  0.000000 -0.000000  0.000000 0.000000 0.000000 0.000000
11.819000 -0.036710 -0.107102  0.028753  0.003342 -0.004061  0.003403  0.000000 -0.000000  0.000000 0.000000 0.000000 0.000000
11.852000 -0.056968 -0.144982  0.025206  0.003247 -0.004286  0.002964  0.000000 -0.000000  0.000000 0.000000 0.000000 0.000000
11.886000 -0.058757 -0.130638  0.042237  0.003652 -0.004545  0.002945  0.000000 -0.000000  0.000000 0.000000 0.000000 0.000000
11.921000 -0.025743 -0.117910  0.037683  0.003477 -0.004379  0.003034  0.000000 -0.000000  0.000000 0.000000 0.000000 0.000000
11.954000 -0.046745 -0.145857  0.028517  0.003798 -0.004577  0.002981  0.000000 -0.000000  0.000000 0.000000 0.000000 0.000000
11.988000 -0.060576 -0.141387  0.018104  0.003639 -0.004489  0.003021  0.000000 -0.000000  0.000000 0.000000 0.000000 0.000000
12.022000 -0.063705 -0.137746  0.016699  0.003669 -0.004635  0.003118  0.000000 -0.000000  0.000000 0.000000 0.000000 0.000000
12.057000 -0.054992 -0.120650  0.005424  0.003363 -0.004138  0.003491  0.000000 -0.000000  0.000000 0.000000 0.000000 0.000000
12.090000 -0.051260 -0.121994  0.028581  0.003789 -0.004268  0.003450  0.000000 -0.000000  0.000000 0.000000 0.000000 0.000000
12.128000 -0.059122 -0.141819  0.025663  0.003702 -0.004481  0.002989  0.000000 -0.000000  0.000000 0.000000 0.000000 0.000000
12.158000 -0.129483 -0.286847  0.043149  0.004862 -0.005423  0.001649  0.000000 -0.000000  0.000000 0.000000 0.000000 0.000000
12.192000 -0.066941 -0.149319  0.021027  0.004552 -0.005176  0.001753  0.000000 -0.000000  0.000000 0.000000 0.000000 0.000000
12.233000 -0.081373 -0.155315  0.016195  0.004405 -0.005297  0.002016  0.000000 -0.000000  0.000000 0.000000 0.000000 0.000000
12.263000 -0.072486 -0.146193  0.024507  0.003942 -0.004938  0.002345  0.000000 -0.000000  0.000000 0.000000 0.000000 0.000000
12.296000 -0.068430 -0.152807  0.032849  0.003971 -0.005034  0.002179  0.000000 -0.000000  0.000000 0.000000 0.000000 0.000000
12.329000 -0.079132 -0.159887  0.029403  0.003687 -0.005038  0.002248  0.000000 -0.000000  0.000000 0.000000 0.000000 0.000000
12.368000 -0.117469 -0.181061  0.022861  0.003794 -0.005291  0.001523  0.000000 -0.000000  0.000000 0.000000 0.000000 0.000000
12.399000 -0.113735 -0.171206  0.008518  0.003801 -0.006117  0.000989  0.000000 -0.000000  0.000000 0.000000 0.000000 0.000000
12.434000 -0.065584 -0.118118  0.030735  0.003308 -0.006254  0.001851  0.000000 -0.000000  0.000000 0.000000 0.000000 0.000000
12.468000 -0.111961 -0.165375  0.014712  0.002857 -0.006681  0.001922  0.000000 -0.000000  0.000000 0.000000 0.000000 0.000000
12.503000 -0.113536 -0.186500  0.048885  0.003072 -0.007068  0.001542  0.000000 -0.000000  0.000000 0.000000 0.000000 0.000000
12.543000 -0.132868 -0.195772  0.063410  0.003375 -0.007361  0.001409  0.000000 -0.000000  0.000000 0.000000 0.000000 0.000000
12.574000 -0.134836 -0.186076  0.030612  0.003349 -0.007437  0.001109  0.000000 -0.000000  0.000000 0.000000 0.000000 0.000000
12.614000 -0.094354 -0.187110  0.044800  0.003460 -0.007083  0.000611  0.000000 -0.000000  0.000000 0.000000 0.000000 0.000000
12.645000 -0.129039 -0.181447  0.050559  0.003553 -0.007603  0.000881  0.000000 -0.000000  0.000000 0.000000 0.000000 0.000000
12.684000 -0.093768 -0.150300  0.040856  0.003532 -0.007314  0.001221  0.000000 -0.000000  0.000000 0.000000 0.000000 0.000000
12.716000 -0.102081 -0.169152  0.049806  0.003112 -0.007473  0.001765  0.000000 -0.000000  0.000000 0.000000 0.000000 0.000000
12.748000 -0.096070 -0.149319  0.034597  0.002787 -0.006946  0.002155  0.000000 -0.000000  0.000000 0.000000 0.000000 0.000000
12.782000 -0.125787 -0.205754  0.049141  0.002708 -0.007457  0.002017  0.000000 -0.000000  0.000000 0.000000 0.000000 0.000000
12.814000 -0.093068 -0.149533  0.062408  0.002923 -0.007636  0.002322  0.000000 -0.000000  0.000000 0.000000 0.000000 0.000000
12.850000 -0.104471 -0.165934  0.046637  0.002904 -0.007567  0.002629  0.000000 -0.000000  0.000000 0.000000 0.000000 0.000000
12.884000 -0.094895 -0.158503  0.035663  0.002673 -0.007580  0.002255  0.000000 -0.000000  0.000000 0.000000 0.000000 0.000000
12.919000 -0.108205 -0.162785  0.074340  0.003066 -0.007743  0.002637  0.000000 -0.000000  0.000000 0.000000 0.000000 0.000000
12.953000 -0.101940 -0.161150  0.048279  0.002902 -0.007675  0.002187  0.000000 -0.000000  0.000000 0.000000 0.000000 0.000000
12.987000 -0.124622 -0.175753  0.029461  0.002526 -0.007355  0.001718  0.000000 -0.000000  0.000000 0.000000 0.000000 0.000000
13.021000 -0.123733 -0.186413  0.055975  0.002913 -0.007666  0.001693  0.000000 -0.000000  0.000000 0.000000 0.000000 0.000000
13.058000 -0.134152 -0.210968  0.053730  0.003263 -0.007883  0.001613  0.000000 -0.000000  0.000000 0.000000 0.000000 0.000000
13.088000 -0.092681 -0.168526  0.038764  0.002910 -0.007551  0.001843  0.000000 -0.000000  0.000000 0.000000 0.000000 0.000000
13.124000 -0.106458 -0.175263  0.043163  0.003054 -0.007408  0.001988  0.000000 -0.000000  0.000000 0.000000 0.000000 0.000000
13.161000 -0.078087 -0.156327  0.044631  0.002896 -0.007002  0.002260  0.000000 -0.000000  0.000000 0.000000 0.000000 0.000000
13.193000 -0.090775 -0.147531  0.028065  0.002609 -0.007045  0.002631  0.000000 -0.000000  0.000000 0.000000 0.000000 0.000000
13.225000 -0.102819 -0.162994  0.054631  0.002531 -0.007331  0.002691  0.000000 -0.000000  0.000000 0.000000 0.000000 0.000000
13.259000 -0.084448 -0.128381  0.055190  0.002563 -0.007211  0.003284  0.000000 -0.000000  0.000000 0.000000 0.000000 0.000000
13.299000 -0.077147 -0.140648  0.046474  0.002549 -0.007474  0.003396  0.000000 -0.000000  0.000000 0.000000 0.000000 0.000000
13.332000 -0.086885 -0.164861  0.043042  0.002460 -0.007649  0.003672  0.000000 -0.000000  0.000000 0.000000 0.000000 0.000000
13.364000 -0.104580 -0.156861  0.049023  0.002621 -0.007647  0.003969  0.000000 -0.000000  0.000000 0.000000 0.000000 0.000000
13.401000 -0.070381 -0.157560  0.043049  0.002666 -0.007335  0.003682  0.000000 -0.000000  0.000000 0.000000 0.000000 0.000000
13.431000 -0.074568 -0.150761  0.034056  0.002402 -0.007132  0.003555  0.000000 -0.000000  0.000000 0.000000 0.000000 0.000000
13.466000 -0.107134 -0.154541  0.030237  0.002619 -0.007070  0.003468  0.000000 -0.000000  0.000000 0.000000 0.000000 0.000000
13.500000 -0.123848 -0.164445  0.023459  0.002482 -0.007031  0.003100  0.000000 -0.000000  0.000000 0.000000 0.000000 0.000000
13.537000 -0.100386 -0.148495  0.046743  0.002423 -0.007488  0.003594  0.000000 -0.000000  0.000000 0.000000 0.000000 0.000000
13.568000 -0.065964 -0.131799  0.037963  0.002301 -0.007215  0.003919  0.000000 -0.000000  0.000000 0.000000 0.000000 0.000000
13.604000 -0.154674 -0.321934  0.037559  0.003508 -0.007899  0.003144  0.000000 -0.000000  0.000000 0.000000 0.000000 0.000000
13.637000 -0.101347 -0.124172  0.016820  0.003127 -0.007596  0.003757  0.000000 -0.000000  0.000000 0.000000 0.000000 0.000000
13.671000 -0.080371 -0.148434  0.049341  0.003028 -0.007523  0.003984  0.000000 -0.000000  0.000000 0.000000 0.000000 0.000000
13.706000 -0.070572 -0.119919  0.055596  0.002846 -0.007420  0.004181  0.000000 -0.000000  0.000000 0.000000 0.000000 0.000000
13.740000 -0.103946 -0.173792  0.044969  0.003266 -0.007766  0.003580  0.000000 -0.000000  0.000000 0.000000 0.000000 0.000000
13.773000 -0.110530 -0.154389  0.055358  0.003339 -0.007733  0.004018  0.000000 -0.000000  0.000000 0.000000 0.000000 0.000000
13.807000 -0.097305 -0.149257  0.052853  0.003334 -0.008109  0.004291  0.000000 -0.000000  0.000000 0.000000 0.000000 0.000000
13.841000 -0.109412 -0.172643  0.024388  0.003176 -0.007950  0.003885  0.000000 -0.000000  0.000000 0.000000 0.000000 0.000000
13.875000 -0.134532 -0.186304  0.049677  0.003467 -0.008357  0.003483  0.000000 -0.000000  0.000000 0.000000 0.000000 0.000000
13.909000 -0.099301 -0.142306  0.036283  0.002840 -0.008412  0.003944  0.000000 -0.000000  0.000000 0.000000 0.000000 0.000000
13.944000 -0.086211 -0.165486  0.056053  0.002368 -0.008177  0.003805  0.000000 -0.000000  0.000000 0.000000 0.000000 0.000000
13.978000 -0.106654 -0.170521  0.047191  0.002323 -0.007919  0.003377  0.000000 -0.000000  0.000000 0.000000 0.000000 0.000000
14.014000 -0.086256 -0.152626  0.051321  0.002209 -0.007607  0.003689  0.000000 -0.000000  0.000000 0.000000 0.000000 0.000000
14.045000 -0.110861 -0.169776  0.053124  0.002532 -0.007936  0.003688  0.000000 -0.000000  0.000000 0.000000 0.000000 0.000000
14.079000 -0.073116 -0.149229  0.058450  0.002247 -0.008008  0.003863  0.000000 -0.000000  0.000000 0.000000 0.000000 0.000000
14.114000 -0.122222 -0.177758  0.039305  0.002349 -0.008014  0.003236  0.000000 -0.000000  0.000000 0.000000 0.000000 0.000000
14.147000 -0.123030 -0.177260  0.048661  0.002539 -0.008176  0.002872  0.000000 -0.000000  0.000000 0.000000 0.000000 0.000000
14.182000 -0.133192 -0.148443  0.037836  0.002291 -0.008104  0.003457  0.000000 -0.000000  0.000000 0.000000 0.000000 0.000000
14.215000 -0.110951 -0.178160  0.046092  0.002450 -0.008296  0.003323  0.000000 -0.000000  0.000000 0.000000 0.000000 0.000000
14.249000 -0.138655 -0.187914  0.053954  0.002152 -0.008488  0.003176  0.000000 -0.000000  0.000000 0.000000 0.000000 0.000000
14.283000 -0.135154 -0.185180  0.052465  0.002267 -0.008489  0.003401  0.000000 -0.000000  0.000000 0.000000 0.000000 0.000000
14.318000 -0.111923 -0.168598  0.053149  0.002266 -0.008193  0.003184  0.000000 -0.000000  0.000000 0.000000 0.000000 0.000000
14.352000 -0.126108 -0.158679  0.045619  0.002261 -0.008599  0.003744  0.000000 -0.000000  0.000000 0.000000 0.000000 0.000000
14.386000 -0.096559 -0.210993  0.058936  0.002943 -0.008275  0.004004  0.000000 -0.000000  0.000000 0.000000 0.000000 0.000000
14.419000 -0.107321 -0.169057  0.071123  0.003237 -0.008511  0.004091  0.000000 -0.000000  0.000000 0.000000 0.000000 0.000000
14.454000 -0.121954 -0.162076  0.041560  0.002932 -0.008464  0.004265  0.000000 -0.000000  0.000000 0.000000 0.000000 0.000000
14.487000 -0.117964 -0.166337  0.041475  0.002830 -0.008649  0.003957  0.000000 -0.000000  0.000000 0.000000 0.000000 0.000000
14.525000 -0.102727 -0.141310  0.045123  0.002201 -0.008497  0.004261  0.000000 -0.000000  0.000000 0.000000 0.000000 0.000000
14.557000 -0.106779 -0.164121  0.055650  0.002349 -0.008515  0.004110  0.000000 -0.000000  0.000000 0.000000 0.000000 0.000000
14.589000 -0.098412 -0.156888  0.065381  0.002479 -0.008298  0.003913  0.000000 -0.000000  0.000000 0.000000 0.000000 0.000000
14.625000 -0.086327 -0.149760  0.041628  0.002029 -0.008056  0.004484  0.000000 -0.000000  0.000000 0.000000 0.000000 0.000000
14.660000 -0.094027 -0.146392  0.042227  0.001619 -0.007822  0.004753  0.000000 -0.000000  0.000000 0.000000 0.000000 0.000000
14.694000 -0.092795 -0.158922  0.061810  0.001888 -0.008060  0.004672  0.000000 -0.000000  0.000000 0.000000 0.000000 0.000000
14.728000 -0.111209 -0.157806  0.035365  0.001905 -0.008374  0.004574  0.000000 -0.000000  0.000000 0.000000 0.000000 0.000000
14.762000 -0.099520 -0.157209  0.058328  0.002027 -0.008158  0.004598  0.000000 -0.000000  0.000000 0.000000 0.000000 0.000000
14.796000 -0.100246 -0.158972  0.051690  0.001878 -0.008100  0.004730  0.000000 -0.000000  0.000000 0.000000 0.000000 0.000000
14.830000 -0.092561 -0.147278  0.074215  0.002159 -0.008034  0.005233  0.000000 -0.000000  0.000000 0.000000 0.000000 0.000000
14.864000 -0.088513 -0.153328  0.024063  0.001943 -0.008003  0.004746  0.000000 -0.000000  0.000000 0.000000 0.000000 0.000000
14.898000 -0.101701 -0.162378  0.059064  0.002370 -0.008234  0.004537  0.000000 -0.000000  0.000000 0.000000 0.000000 0.000000
14.932000 -0.137781 -0.177658  0.041078  0.002532 -0.008217  0.004649  0.000000 -0.000000  0.000000 0.000000 0.000000 0.000000
14.968000 -0.115291 -0.163366  0.041418  0.002477 -0.008269  0.004781  0.000000 -0.000000  0.000000 0.000000 0.000000 0.000000
14.999000 -0.094915 -0.163446  0.045035  0.002501 -0.008027  0.004696  0.000000 -0.000000  0.000000 0.000000 0.000000 0.000000
15.034000 -0.110010 -0.161652  0.065459  0.002626 -0.008223  0.004914  0.000000 -0.000000  0.000000 0.000000 0.000000 0.000000
15.067000 -0.093292 -0.183333  0.046411  0.002582 -0.007944  0.004464  0.000000 -0.000000  0.000000 0.000000 0.000000 0.000000
15.102000 -0.119891 -0.161091  0.029256  0.002092 -0.008112  0.004497  0.000000 -0.000000  0.000000 0.000000 0.000000 0.000000
15.136000 -0.144459 -0.192697  0.046046  0.002578 -0.008484  0.003710  0.000000 -0.000000  0.000000 0.000000 0.000000 0.000000
15.168000 -0.096063 -0.154838  0.052880  0.002575 -0.008668  0.003872  0.000000 -0.000000  0.000000 0.000000 0.000000 0.000000
15.205000 -0.113431 -0.156750  0.036085  0.002003 -0.008250  0.004113  0.000000 -0.000000  0.000000 0.000000 0.000000 0.000000
15.239000 -0.121139 -0.190001  0.059479  0.002602 -0.008363  0.004140  0.000000 -0.000000  0.000000 0.000000 0.000000 0.000000
15.273000 -0.125161 -0.184905  0.028978  0.002526 -0.008242  0.003947  0.000000 -0.000000  0.000000 0.000000 0.000000 0.000000
15.307000 -0.093486 -0.146490  0.063824  0.002813 -0.008052  0.004461  0.000000 -0.000000  0.000000 0.000000 0.000000 0.000000
15.344000 -0.085660 -0.162392  0.052518  0.002521 -0.008000  0.004434  0.000000 -0.000000  0.000000 0.000000 0.000000 0.000000
15.375000 -0.136402 -0.176577  0.049035  0.002571 -0.008352  0.004292  0.000000 -0.000000  0.000000 0.000000 0.000000 0.000000
15.409000 -0.127540 -0.186730  0.051854  0.002438 -0.008179  0.004456  0.000000 -0.000000  0.000000 0.000000 0.000000 0.000000
15.443000 -0.112446 -0.153918  0.042148  0.002185 -0.008081  0.004594  0.000000 -0.000000  0.000000 0.000000 0.000000 0.000000
15.483000 -0.116022 -0.173838  0.035542  0.001621 -0.008035  0.004667  0.000000 -0.000000  0.000000 0.000000 0.000000 0.000000
15.519000 -0.111238 -0.166556  0.033009  0.001714 -0.008429  0.004674  0.000000 -0.000000  0.000000 0.000000 0.000000 0.000000
15.553000 -0.114194 -0.151578  0.053081  0.001795 -0.008237  0.004674  0.000000 -0.000000  0.000000 0.000000 0.000000 0.000000
15.587000 -0.121680 -0.168336  0.065774  0.002185 -0.008156  0.004725  0.000000 -0.000000  0.000000 0.000000 0.000000 0.000000
15.621000 -0.102446 -0.168164  0.052570  0.002180 -0.008215  0.004713  0.000000 -0.000000  0.000000 0.000000 0.000000 0.000000
15.656000 -0.133357 -0.170842  0.054453  0.002413 -0.008478  0.004778  0.000000 -0.000000  0.000000 0.000000 0.000000 0.000000
15.692000 -0.127334 -0.179985  0.047367  0.002049 -0.008101  0.004619  0.000000 -0.000000  0.000000 0.000000 0.000000 0.000000
15.723000 -0.129868 -0.186069  0.046490  0.002134 -0.008252  0.004277  0.000000 -0.000000  0.000000 0.000000 0.000000 0.000000
15.758000 -0.141189 -0.177133  0.027801  0.001909 -0.008311  0.004416  0.000000 -0.000000  0.000000 0.000000 0.000000 0.000000
15.797000 -0.136608 -0.180888  0.064569  0.002234 -0.008629  0.004137  0.000000 -0.000000  0.000000 0.000000 0.000000 0.000000
15.828000 -0.103086 -0.161337  0.075293  0.002272 -0.008455  0.004165  0.000000 -0.000000  0.000000 0.000000 0.000000 0.000000
15.860000 -0.096393 -0.164045  0.047908  0.002089 -0.008369  0.004019  0.000000 -0.000000  0.000000 0.000000 0.000000 0.000000
15.896000 -0.084932 -0.147216  0.064399  0.002084 -0.008335  0.004167  0.000000 -0.000000  0.000000 0.000000 0.000000 0.000000
15.930000 -0.121035 -0.165697  0.053408  0.002052 -0.008793  0.004295  0.000000 -0.000000  0.000000 0.000000 0.000000 0.000000
15.970000 -0.125280 -0.174253  0.070157  0.001958 -0.008895  0.004071  0.000000 -0.000000  0.000000 0.000000 0.000000 0.000000
16.010000 -0.122507 -0.156789  0.059310  0.002341 -0.009222  0.003963  0.000000 -0.000000  0.000000 0.000000 0.000000 0.000000
16.043000 -0.142186 -0.189968  0.048169  0.002065 -0.009336  0.003790  0.000000 -0.000000  0.000000 0.000000 0.000000 0.000000
16.082000 -0.155071 -0.194457  0.053819  0.002387 -0.009452  0.003690  0.000000 -0.000000  0.000000 0.000000 0.000000 0.000000
16.113000 -0.105737 -0.145034  0.060531  0.002278 -0.009011  0.004594  0.000000 -0.000000  0.000000 0.000000 0.000000 0.000000
16.145000 -0.074095 -0.139493  0.069168  0.002144 -0.008584  0.005039  0.000000 -0.000000  0.000000 0.000000 0.000000 0.000000
16.179000 -0.118495 -0.140470  0.046896  0.001970 -0.008308  0.004767  0.000000 -0.000000  0.000000 0.000000 0.000000 0.000000
16.214000 -0.135808 -0.175153  0.040839  0.002025 -0.008361  0.004643  0.000000 -0.000000  0.000000 0.000000 0.000000 0.000000
16.246000 -0.131687 -0.168324  0.043889  0.001746 -0.008215  0.004515  0.000000 -0.000000  0.000000 0.000000 0.000000 0.000000
16.281000 -0.095579 -0.132771  0.066397  0.002125 -0.008377  0.005002  0.000000 -0.000000  0.000000 0.000000 0.000000 0.000000
16.315000 -0.085711 -0.144595  0.048555  0.002021 -0.008121  0.005228  0.000000 -0.000000  0.000000 0.000000 0.000000 0.000000
16.352000 -0.132824 -0.235856  0.034812  0.002442 -0.008284  0.004932  0.000000 -0.000000  0.000000 0.000000 0.000000 0.000000
16.383000 -0.102162 -0.146321  0.043241  0.002343 -0.008458  0.005352  0.000000 -0.000000  0.000000 0.000000 0.000000 0.000000
16.421000 -0.114513 -0.185767  0.029763  0.002265 -0.008422  0.005296  0.000000 -0.000000  0.000000 0.000000 0.000000 0.000000
16.454000 -0.073343 -0.120309  0.063773  0.002424 -0.008215  0.005432  0.000000 -0.000000  0.000000 0.000000 0.000000 0.000000
16.495000 -0.094093 -0.172137  0.036390  0.002618 -0.007690  0.005180  0.000000 -0.000000  0.000000 0.000000 0.000000 0.000000
16.525000 -0.112479 -0.162959  0.041948  0.002528 -0.007833  0.005371  0.000000 -0.000000  0.000000 0.000000 0.000000 0.000000
16.559000 -0.102660 -0.147265  0.054437  0.002694 -0.007677  0.005840  0.000000 -0.000000  0.000000 0.000000 0.000000 0.000000
16.607000 -0.096128 -0.152690  0.026709  0.001818 -0.007398  0.005744  0.000000 -0.000000  0.000000 0.000000 0.000000 0.000000
16.658000 -0.051869 -0.134124  0.072688  0.002086 -0.007486  0.007303  0.000000 -0.000000  0.000000 0.000000 0.000000 0.000000
16.708000 -0.120697 -0.155548  0.040818  0.002375 -0.008179  0.007541  0.000000 -0.000000  0.000000 0.000000 0.000000 0.000000
16.758000 -0.074674 -0.149871  0.050753  0.002274 -0.008449  0.007344  0.000000 -0.000000  0.000000 0.000000 0.000000 0.000000
16.800000 -0.113096 -0.156333  0.042342  0.002042 -0.008500  0.006931  0.000000 -0.000000  0.000000 0.000000 0.000000 0.000000
16.832000 -0.098710 -0.167189  0.039771  0.001987 -0.008537  0.006326  0.000000 -0.000000  0.000000 0.000000 0.000000 0.000000
16.866000 -0.122940 -0.175330  0.046780  0.001722 -0.008381  0.005808  0.000000 -0.000000  0.000000 0.000000 0.000000 0.000000
16.904000 -0.089430 -0.140186  0.059611  0.001601 -0.008309  0.006189  0.000000 -0.000000  0.000000 0.000000 0.000000 0.000000
16.935000 -0.115311 -0.156389  0.052284  0.001235 -0.008212  0.006127  0.000000 -0.000000  0.000000 0.000000 0.000000 0.000000
16.969000 -0.085326 -0.152968  0.061219  0.001556 -0.008003  0.006510  0.000000 -0.000000  0.000000 0.000000 0.000000 0.000000
17.003000 -0.098416 -0.132290  0.033873  0.001318 -0.007731  0.006822  0.000000 -0.000000  0.000000 0.000000 0.000000 0.000000
17.036000 -0.111259 -0.170602  0.041259  0.001211 -0.007753  0.006592  0.000000 -0.000000  0.000000 0.000000 0.000000 0.000000
17.071000 -0.095575 -0.169672  0.043449  0.000945 -0.007767  0.006354  0.000000 -0.000000  0.000000 0.000000 0.000000 0.000000
17.104000 -0.117447 -0.161239  0.050542  0.001236 -0.008011  0.006375  0.000000 -0.000000  0.000000 0.000000 0.000000 0.000000
17.139000 -0.094281 -0.147719  0.032800  0.001497 -0.008106  0.006099  0.000000 -0.000000  0.000000 0.000000 0.000000 0.000000
17.179000 -0.109694 -0.150156  0.059098  0.001829 -0.008292  0.006208  0.000000 -0.000000  0.000000 0.000000 0.000000 0.000000
17.219000 -0.116153 -0.151326  0.057807  0.001912 -0.008766  0.005719  0.000000 -0.000000  0.000000 0.000000 0.000000 0.000000
17.253000 -0.061663 -0.135012  0.070495  0.001976 -0.008809  0.006621  0.000000 -0.000000  0.000000 0.000000 0.000000 0.000000
17.288000 -0.121662 -0.162277  0.051360  0.002030 -0.008893  0.006512  0.000000 -0.000000  0.000000 0.000000 0.000000 0.000000
17.322000 -0.120694 -0.163556  0.033542  0.001856 -0.008948  0.006346  0.000000 -0.000000  0.000000 0.000000 0.000000 0.000000
17.356000 -0.099245 -0.150709  0.048271  0.001457 -0.008532  0.006640  0.000000 -0.000000  0.000000 0.000000 0.000000 0.000000
17.390000 -0.102465 -0.157360  0.065443  0.001467 -0.008262  0.006661  0.000000 -0.000000  0.000000 0.000000 0.000000 0.000000
17.427000 -0.082063 -0.148398  0.031135  0.001171 -0.008086  0.006483  0.000000 -0.000000  0.000000 0.000000 0.000000 0.000000
17.463000 -0.126057 -0.159537  0.040924  0.001490 -0.008424  0.006207  0.000000 -0.000000  0.000000 0.000000 0.000000 0.000000
17.503000 -0.080256 -0.132690  0.046075  0.001462 -0.008358  0.006575  0.000000 -0.000000  0.000000 0.000000 0.000000 0.000000
17.537000 -0.109729 -0.159323  0.058580  0.001732 -0.008559  0.006154  0.000000 -0.000000  0.000000 0.000000 0.000000 0.000000
17.571000 -0.091494 -0.128257  0.054904  0.001079 -0.008266  0.007011  0.000000 -0.000000  0.000000 0.000000 0.000000 0.000000
17.605000 -0.106018 -0.160247  0.045146  0.001362 -0.008446  0.006803  0.000000 -0.000000  0.000000 0.000000 0.000000 0.000000
17.654000 -0.098950 -0.145672  0.065501  0.001726 -0.008476  0.006856  0.000000 -0.000000  0.000000 0.000000 0.000000 0.000000
17.701000 -0.117325 -0.161033  0.074560  0.002090 -0.008664  0.006763  0.000000 -0.000000  0.000000 0.000000 0.000000 0.000000
17.736000 -0.104420 -0.152859  0.058065  0.001972 -0.008307  0.006914  0.000000 -0.000000  0.000000 0.000000 0.000000 0.000000
17.774000 -0.111610 -0.162286  0.069001  0.002245 -0.008349  0.007101  0.000000 -0.000000  0.000000 0.000000 0.000000 0.000000
17.806000 -0.152168 -0.176099  0.049591  0.002552 -0.008674  0.006936  0.000000 -0.000000  0.000000 0.000000 0.000000 0.000000
17.842000 -0.116706 -0.176550  0.038797  0.002498 -0.008893  0.006758  0.000000 -0.000000  0.000000 0.000000 0.000000 0.000000
17.905000 -0.087493 -0.175055  0.082558  0.001885 -0.008726  0.006739  0.000000 -0.000000  0.000000 0.000000 0.000000 0.000000
17.939000 -0.120100 -0.172022  0.057221  0.001885 -0.008456  0.006795  0.000000 -0.000000  0.000000 0.000000 0.000000 0.000000
17.973000 -0.127768 -0.194777  0.054025  0.002724 -0.008831  0.005602  0.000000 -0.000000  0.000000 0.000000 0.000000 0.000000
18.018000 -0.154411 -0.175822  0.070630  0.003304 -0.009302  0.005444  0.000000 -0.000000  0.000000 0.000000 0.000000 0.000000
18.077000 -0.134488 -0.173547  0.042067  0.003262 -0.009463  0.005101  0.000000 -0.000000  0.000000 0.000000 0.000000 0.000000
18.113000 -0.100444 -0.168357  0.071210  0.003457 -0.009559  0.005365  0.000000 -0.000000  0.000000 0.000000 0.000000 0.000000
18.147000 -0.133612 -0.175782  0.039240  0.002736 -0.009373  0.005641  0.000000 -0.000000  0.000000 0.000000 0.000000 0.000000
18.182000 -0.115109 -0.150794  0.054640  0.002478 -0.009464  0.005692  0.000000 -0.000000  0.000000 0.000000 0.000000 0.000000
18.216000 -0.076666 -0.166791  0.047448  0.001797 -0.008794  0.006315  0.000000 -0.000000  0.000000 0.000000 0.000000 0.000000
18.249000 -0.120930 -0.166863  0.045289  0.001683 -0.008614  0.006503  0.000000 -0.000000  0.000000 0.000000 0.000000 0.000000
18.282000 -0.101885 -0.166006  0.059591  0.001835 -0.008204  0.006161  0.000000 -0.000000  0.000000 0.000000 0.000000 0.000000
18.317000 -0.132453 -0.168267  0.040424  0.001724 -0.008299  0.005720  0.000000 -0.000000  0.000000 0.000000 0.000000 0.000000
18.350000 -0.106249 -0.170373  0.045265  0.001679 -0.008426  0.005836  0.000000 -0.000000  0.000000 0.000000 0.000000 0.000000
18.385000 -0.095519 -0.139489  0.045878  0.001440 -0.008350  0.006061  0.000000 -0.000000  0.000000 0.000000 0.000000 0.000000
18.419000 -0.098704 -0.146745  0.041479  0.001399 -0.008312  0.006609  0.000000 -0.000000  0.000000 0.000000 0.000000 0.000000
18.453000 -0.115933 -0.160297  0.056282  0.001884 -0.008558  0.006673  0.000000 -0.000000  0.000000 0.000000 0.000000 0.000000
18.487000 -0.107162 -0.141973  0.059220  0.001656 -0.008385  0.006808  0.000000 -0.000000  0.000000 0.000000 0.000000 0.000000
18.521000 -0.148073 -0.195548  0.070219  0.002152 -0.008851  0.006646  0.000000 -0.000000  0.000000 0.000000 0.000000 0.000000
18.554000 -0.103890 -0.162372  0.058982  0.002166 -0.008470  0.006741  0.000000 -0.000000  0.000000 0.000000 0.000000 0.000000
18.592000 -0.137737 -0.172593  0.051101  0.002373 -0.008837  0.006337  0.000000 -0.000000  0.000000 0.000000 0.000000 0.000000
18.624000 -0.132584 -0.173780  0.054517  0.002101 -0.008684  0.006388  0.000000 -0.000000  0.000000 0.000000 0.000000 0.000000
18.658000 -0.107010 -0.156851  0.052861  0.002347 -0.008674  0.006546  0.000000 -0.000000  0.000000 0.000000 0.000000 0.000000
18.692000 -0.143588 -0.185714  0.046807  0.001909 -0.008789  0.006530  0.000000 -0.000000  0.000000 0.000000 0.000000 0.000000
18.731000 -0.131408 -0.209659  0.030433  0.001562 -0.008730  0.006573  0.000000 -0.000000  0.000000 0.000000 0.000000 0.000000
18.764000 -0.110948 -0.158666  0.046129  0.001292 -0.008483  0.006501  0.000000 -0.000000  0.000000 0.000000 0.000000 0.000000
18.798000 -0.119749 -0.179175  0.056597  0.001109 -0.008331  0.006717  0.000000 -0.000000  0.000000 0.000000 0.000000 0.000000
18.832000 -0.134817 -0.180493  0.052291  0.000968 -0.008311  0.006577  0.000000 -0.000000  0.000000 0.000000 0.000000 0.000000
18.867000 -0.109003 -0.154558  0.060422  0.001245 -0.008538  0.006358  0.000000 -0.000000  0.000000 0.000000 0.000000 0.000000
18.906000 -0.128214 -0.150171  0.073993  0.001362 -0.008774  0.006526  0.000000 -0.000000  0.000000 0.000000 0.000000 0.000000
18.951000 -0.145418 -0.157494  0.060125  0.001704 -0.008880  0.006513  0.000000 -0.000000  0.000000 0.000000 0.000000 0.000000
18.984000 -0.122378 -0.163197  0.069551  0.001561 -0.009064  0.006451  0.000000 -0.000000  0.000000 0.000000 0.000000 0.000000
19.022000 -0.122055 -0.173879  0.061888  0.001760 -0.008663  0.006736  0.000000 -0.000000  0.000000 0.000000 0.000000 0.000000
19.056000 -0.093992 -0.147742  0.059531  0.001701 -0.008356  0.007324  0.000000 -0.000000  0.000000 0.000000 0.000000 0.000000
19.090000 -0.077668 -0.175741  0.044810  0.001486 -0.007799  0.007478  0.000000 -0.000000  0.000000 0.000000 0.000000 0.000000
19.123000 -0.109644 -0.127395  0.052381  0.001147 -0.007480  0.007509  0.000000 -0.000000  0.000000 0.000000 0.000000 0.000000
19.161000 -0.107476 -0.147742  0.037905  0.001269 -0.007665  0.007776  0.000000 -0.000000  0.000000 0.000000 0.000000 0.000000
19.194000 -0.133877 -0.167313  0.056465  0.001455 -0.007729  0.007507  0.000000 -0.000000  0.000000 0.000000 0.000000 0.000000
19.229000 -0.130665 -0.138428  0.041578  0.001569 -0.008185  0.007188  0.000000 -0.000000  0.000000 0.000000 0.000000 0.000000
19.265000 -0.091304 -0.162702  0.012528  0.001002 -0.007619  0.007393  0.000000 -0.000000  0.000000 0.000000 0.000000 0.000000
19.298000 -0.128618 -0.191633  0.041031  0.001424 -0.007731  0.007127  0.000000 -0.000000  0.000000 0.000000 0.000000 0.000000
19.330000 -0.129194 -0.131695  0.048657  0.001311 -0.008213  0.007683  0.000000 -0.000000  0.000000 0.000000 0.000000 0.000000
19.365000 -0.098349 -0.167525  0.048900  0.001381 -0.007778  0.007716  0.000000 -0.000000  0.000000 0.000000 0.000000 0.000000
19.400000 -0.075139 -0.114570  0.050687  0.001060 -0.007437  0.008102  0.000000 -0.000000  0.000000 0.000000 0.000000 0.000000
19.433000 -0.094461 -0.160081  0.046060  0.001097 -0.007328  0.007761  0.000000 -0.000000  0.000000 0.000000 0.000000 0.000000
19.467000 -0.118645 -0.183154  0.040537  0.000939 -0.007476  0.007763  0.000000 -0.000000  0.000000 0.000000 0.000000 0.000000
19.501000 -0.120617 -0.163165  0.036260  0.001037 -0.008125  0.007355  0.000000 -0.000000  0.000000 0.000000 0.000000 0.000000
19.540000 -0.120189 -0.169954  0.041043  0.000806 -0.008295  0.007111  0.000000 -0.000000  0.000000 0.000000 0.000000 0.000000
19.573000 -0.120090 -0.194507  0.060900  0.001169 -0.008402  0.007180  0.000000 -0.000000  0.000000 0.000000 0.000000 0.000000
19.606000 -0.171270 -0.190241  0.044835  0.001345 -0.008729  0.007516  0.000000 -0.000000  0.000000 0.000000 0.000000 0.000000
19.641000 -0.118214 -0.161602  0.029089  0.001081 -0.008716  0.007877  0.000000 -0.000000  0.000000 0.000000 0.000000 0.000000
19.675000 -0.120839 -0.158462  0.060402  0.001395 -0.008664  0.007764  0.000000 -0.000000  0.000000 0.000000 0.000000 0.000000
19.708000 -0.130809 -0.183107  0.045669  0.001517 -0.008663  0.007654  0.000000 -0.000000  0.000000 0.000000 0.000000 0.000000
19.743000 -0.123674 -0.161674  0.074546  0.001638 -0.008558  0.007647  0.000000 -0.000000  0.000000 0.000000 0.000000 0.000000
19.778000 -0.142304 -0.161447  0.070292  0.002170 -0.008907  0.007324  0.000000 -0.000000  0.000000 0.000000 0.000000 0.000000
19.810000 -0.144623 -0.175514  0.050079  0.002321 -0.008947  0.006790  0.000000 -0.000000  0.000000 0.000000 0.000000 0.000000
19.847000 -0.106456 -0.159893  0.059307  0.002186 -0.008660  0.007199  0.000000 -0.000000  0.000000 0.000000 0.000000 0.000000
19.883000 -0.124096 -0.150508  0.054666  0.002003 -0.008529  0.008030  0.000000 -0.000000  0.000000 0.000000 0.000000 0.000000
19.913000 -0.134947 -0.187754  0.050795  0.002445 -0.008683  0.007683  0.000000 -0.000000  0.000000 0.000000 0.000000 0.000000
19.947000 -0.134493 -0.183829  0.044468  0.002175 -0.008647  0.007331  0.000000 -0.000000  0.000000 0.000000 0.000000 0.000000
19.982000 -0.142970 -0.173372  0.052096  0.002293 -0.008763  0.007750  0.000000 -0.000000  0.000000 0.000000 0.000000 0.000000
20.016000 -0.104857 -0.153748  0.049816  0.001922 -0.008159  0.007722  0.000000 -0.000000  0.000000 0.000000 0.000000 0.000000
20.052000 -0.099978 -0.137067  0.053301  0.001752 -0.008237  0.008005  0.000000 -0.000000  0.000000 0.000000 0.000000 0.000000
20.086000 -0.129620 -0.168404  0.049156  0.001886 -0.008318  0.007788  0.000000 -0.000000  0.000000 0.000000 0.000000 0.000000
20.120000 -0.079966 -0.136887  0.047878  0.001575 -0.008186  0.008458  0.000000 -0.000000  0.000000 0.000000 0.000000 0.000000
20.154000 -0.137829 -0.171937  0.035728  0.000808 -0.007818  0.008223  0.000000 -0.000000  0.000000 0.000000 0.000000 0.000000
20.191000 -0.106318 -0.188824  0.045234  0.001049 -0.008023  0.008079  0.000000 -0.000000  0.000000 0.000000 0.000000 0.000000
20.222000 -0.112731 -0.149422  0.044827  0.000815 -0.007984  0.008665  0.000000 -0.000000  0.000000 0.000000 0.000000 0.000000
20.259000 -0.108081 -0.155956  0.065365  0.001072 -0.007947  0.009044  0.000000 -0.000000  0.000000 0.000000 0.000000 0.000000
20.292000 -0.105033 -0.157379  0.057773  0.001035 -0.007854  0.008918  0.000000 -0.000000  0.000000 0.000000 0.000000 0.000000
20.323000 -0.133420 -0.159310  0.051584  0.001115 -0.008005  0.009179  0.000000 -0.000000  0.000000 0.000000 0.000000 0.000000
20.359000 -0.083030 -0.129112  0.040220  0.001183 -0.007693  0.009565  0.000000 -0.000000  0.000000 0.000000 0.000000 0.000000
20.393000 -0.117545 -0.171209  0.057412  0.001786 -0.007990  0.008254  0.000000 -0.000000  0.000000 0.000000 0.000000 0.000000
20.428000 -0.126245 -0.181097  0.061906  0.002063 -0.008291  0.007834  0.000000 -0.000000  0.000000 0.000000 0.000000 0.000000
20.462000 -0.113804 -0.169218  0.059650  0.002418 -0.008314  0.007883  0.000000 -0.000000  0.000000 0.000000 0.000000 0.000000
20.497000 -0.143819 -0.173164  0.037760  0.002123 -0.008389  0.007758  0.000000 -0.000000  0.000000 0.000000 0.000000 0.000000
20.531000 -0.141851 -0.185735  0.057378  0.002151 -0.008654  0.007341  0.000000 -0.000000  0.000000 0.000000 0.000000 0.000000
20.565000 -0.103258 -0.152491  0.047263  0.001465 -0.007858  0.007780  0.000000 -0.000000  0.000000 0.000000 0.000000 0.000000
20.599000 -0.097811 -0.168967  0.042182  0.001573 -0.007878  0.007636  0.000000 -0.000000  0.000000 0.000000 0.000000 0.000000
20.636000 -0.152762 -0.182666  0.025914  0.001181 -0.007893  0.007906  0.000000 -0.000000  0.000000 0.000000 0.000000 0.000000
20.666000 -0.121221 -0.186110  0.082666  0.001851 -0.008470  0.007736  0.000000 -0.000000  0.000000 0.000000 0.000000 0.000000
20.700000 -0.129950 -0.166686  0.070689  0.002111 -0.008534  0.007734  0.000000 -0.000000  0.000000 0.000000 0.000000 0.000000
20.735000 -0.141160 -0.178102  0.059437  0.002294 -0.008752  0.007990  0.000000 -0.000000  0.000000 0.000000 0.000000 0.000000
20.769000 -0.112510 -0.162965  0.066305  0.002223 -0.008724  0.007663  0.000000 -0.000000  0.000000 0.000000 0.000000 0.000000
20.803000 -0.160240 -0.170998  0.048166  0.001731 -0.008761  0.007787  0.000000 -0.000000  0.000000 0.000000 0.000000 0.000000
20.837000 -0.143156 -0.170883  0.062262  0.001885 -0.008932  0.007814  0.000000 -0.000000  0.000000 0.000000 0.000000 0.000000
20.873000 -0.128187 -0.157928  0.046903  0.001410 -0.008786  0.007445  0.000000 -0.000000  0.000000 0.000000 0.000000 0.000000
20.940000 -0.126743 -0.155083  0.048666  0.001103 -0.008495  0.007762  0.000000 -0.000000  0.000000 0.000000 0.000000 0.000000
20.974000 -0.135387 -0.190128  0.060743  0.001807 -0.008506  0.007230  0.000000 -0.000000  0.000000 0.000000 0.000000 0.000000
21.007000 -0.102555 -0.163790  0.045479  0.001720 -0.007774  0.008068  0.000000 -0.000000  0.000000 0.000000 0.000000 0.000000
21.043000 -0.161651 -0.199761  0.039657  0.001773 -0.007908  0.008117  0.000000 -0.000000  0.000000 0.000000 0.000000 0.000000
21.077000 -0.103071 -0.178487  0.057786  0.001569 -0.007709  0.008196  0.000000 -0.000000  0.000000 0.000000 0.000000 0.000000
21.110000 -0.121884 -0.149892  0.060444  0.001739 -0.008023  0.008096  0.000000 -0.000000  0.000000 0.000000 0.000000 0.000000
21.152000 -0.134626 -0.180563  0.039963  0.001610 -0.008061  0.008034  0.000000 -0.000000  0.000000 0.000000 0.000000 0.000000
21.186000 -0.124912 -0.143760  0.047615  0.001208 -0.007985  0.008041  0.000000 -0.000000  0.000000 0.000000 0.000000 0.000000
21.220000 -0.127055 -0.168461  0.048077  0.000913 -0.008179  0.007962  0.000000 -0.000000  0.000000 0.000000 0.000000 0.000000
21.255000 -0.097198 -0.172461  0.061774  0.001508 -0.008246  0.007858  0.000000 -0.000000  0.000000 0.000000 0.000000 0.000000
21.289000 -0.089414 -0.159602  0.048961  0.001094 -0.008136  0.008018  0.000000 -0.000000  0.000000 0.000000 0.000000 0.000000
21.323000 -0.133028 -0.191865  0.066571  0.001294 -0.008167  0.008189  0.000000 -0.000000  0.000000 0.000000 0.000000 0.000000
21.359000 -0.109677 -0.169179  0.053583  0.001219 -0.008252  0.008016  0.000000 -0.000000  0.000000 0.000000 0.000000 0.000000
21.396000 -0.145612 -0.172012  0.060106  0.001361 -0.008270  0.008260  0.000000 -0.000000  0.000000 0.000000 0.000000 0.000000
21.431000 -0.138401 -0.176216  0.049049  0.001436 -0.008218  0.008348  0.000000 -0.000000  0.000000 0.000000 0.000000 0.000000
21.466000 -0.151735 -0.181674  0.068843  0.000992 -0.008681  0.007188  0.000000 -0.000000  0.000000 0.000000 0.000000 0.000000
21.505000 -0.155313 -0.191383  0.044517  0.000877 -0.008745  0.006694  0.000000 -0.000000  0.000000 0.000000 0.000000 0.000000
21.542000 -0.155014 -0.188251  0.065604  0.001513 -0.008662  0.006514  0.000000 -0.000000  0.000000 0.000000 0.000000 0.000000
21.579000 -0.127205 -0.173724  0.055211  0.001344 -0.008653  0.006796  0.000000 -0.000000  0.000000 0.000000 0.000000 0.000000
21.617000 -0.122690 -0.176422  0.045053  0.001452 -0.008408  0.007419  0.000000 -0.000000  0.000000 0.000000 0.000000 0.000000
21.651000 -0.135184 -0.177345  0.059874  0.001702 -0.008156  0.007768  0.000000 -0.000000  0.000000 0.000000 0.000000 0.000000
21.686000 -0.112444 -0.150512  0.072292  0.002028 -0.008142  0.007908  0.000000 -0.000000  0.000000 0.000000 0.000000 0.000000
21.721000 -0.127315 -0.158506  0.054978  0.001892 -0.008220  0.008364  0.000000 -0.000000  0.000000 0.000000 0.000000 0.000000
21.755000 -0.119487 -0.140761  0.041930  0.001643 -0.008180  0.008308  0.000000 -0.000000  0.000000 0.000000 0.000000 0.000000
21.789000 -0.138306 -0.176069  0.045047  0.001391 -0.008095  0.008415  0.000000 -0.000000  0.000000 0.000000 0.000000 0.000000
21.824000 -0.099994 -0.160441  0.053105  0.001580 -0.008436  0.008756  0.000000 -0.000000  0.000000 0.000000 0.000000 0.000000
21.857000 -0.103008 -0.154489  0.055410  0.001335 -0.008186  0.009026  0.000000 -0.000000  0.000000 0.000000 0.000000 0.000000
21.891000 -0.102630 -0.178580  0.068925  0.001761 -0.008333  0.008659  0.000000 -0.000000  0.000000 0.000000 0.000000 0.000000
21.927000 -0.095598 -0.098863  0.052901  0.001126 -0.007971  0.009006  0.000000 -0.000000  0.000000 0.000000 0.000000 0.000000
21.962000 -0.121089 -0.151435  0.045107  0.001063 -0.008141  0.009008  0.000000 -0.000000  0.000000 0.000000 0.000000 0.000000
21.995000 -0.132265 -0.157521  0.046712  0.000965 -0.008188  0.009123  0.000000 -0.000000  0.000000 0.000000 0.000000 0.000000
22.028000 -0.094984 -0.132656  0.056740  0.001431 -0.008305  0.009008  0.000000 -0.000000  0.000000 0.000000 0.000000 0.000000
22.065000 -0.103735 -0.162796  0.040048  0.000810 -0.008084  0.008987  0.000000 -0.000000  0.000000 0.000000 0.000000 0.000000
22.099000 -0.119634 -0.175537  0.065178  0.001232 -0.008175  0.009105  0.000000 -0.000000  0.000000 0.000000 0.000000 0.000000
22.134000 -0.142609 -0.126853  0.046700  0.000903 -0.008470  0.009349  0.000000 -0.000000  0.000000 0.000000 0.000000 0.000000
22.174000 -0.122380 -0.189120  0.055502  0.001104 -0.008474  0.008968  0.000000 -0.000000  0.000000 0.000000 0.000000 0.000000
22.208000 -0.108671 -0.153268  0.063364  0.001219 -0.008195  0.008974  0.000000 -0.000000  0.000000 0.000000 0.000000 0.000000
22.240000 -0.112939 -0.166772  0.052514  0.001717 -0.008348  0.008865  0.000000 -0.000000  0.000000 0.000000 0.000000 0.000000
22.274000 -0.123267 -0.147164  0.048051  0.001505 -0.008353  0.009047  0.000000 -0.000000  0.000000 0.000000 0.000000 0.000000
22.316000 -0.116572 -0.155881  0.061238  0.002076 -0.008641  0.008806  0.000000 -0.000000  0.000000 0.000000 0.000000 0.000000
22.351000 -0.112044 -0.156673  0.028882  0.001846 -0.008761  0.008492  0.000000 -0.000000  0.000000 0.000000 0.000000 0.000000
22.394000 -0.112262 -0.146176  0.052760  0.001873 -0.008865  0.008976  0.000000 -0.000000  0.000000 0.000000 0.000000 0.000000
22.428000 -0.154013 -0.171474  0.038251  0.001398 -0.009045  0.009086  0.000000 -0.000000  0.000000 0.000000 0.000000 0.000000
22.462000 -0.124679 -0.195036  0.033845  0.001391 -0.008954  0.008562  0.000000 -0.000000  0.000000 0.000000 0.000000 0.000000
22.498000 -0.113460 -0.154903  0.049488  0.001097 -0.008628  0.008517  0.000000 -0.000000  0.000000 0.000000 0.000000 0.000000
22.525000 -0.118833 -0.167591  0.044969  0.001240 -0.008876  0.008491  0.000000 -0.000000  0.000000 0.000000 0.000000 0.000000
22.564000 -0.133120 -0.172598  0.072171  0.001420 -0.008580  0.008574  0.000000 -0.000000  0.000000 0.000000 0.000000 0.000000
22.599000 -0.111096 -0.145345  0.059915  0.001463 -0.008738  0.008464  0.000000 -0.000000  0.000000 0.000000 0.000000 0.000000
22.635000 -0.157125 -0.177487  0.049889  0.001654 -0.008425  0.007622  0.000000 -0.000000  0.000000 0.000000 0.000000 0.000000
22.668000 -0.101388 -0.164977  0.055783  0.001437 -0.008506  0.008333  0.000000 -0.000000  0.000000 0.000000 0.000000 0.000000
22.702000 -0.140614 -0.166782  0.051167  0.001303 -0.008386  0.008577  0.000000 -0.000000  0.000000 0.000000 0.000000 0.000000
22.738000 -0.121465 -0.172352  0.053572  0.001607 -0.008294  0.008641  0.000000 -0.000000  0.000000 0.000000 0.000000 0.000000
22.775000 -0.092404 -0.180152  0.062397  0.001606 -0.008289  0.008747  0.000000 -0.000000  0.000000 0.000000 0.000000 0.000000
22.809000 -0.126056 -0.182617  0.035617  0.001508 -0.008342  0.008717  0.000000 -0.000000  0.000000 0.000000 0.000000 0.000000
22.843000 -0.101750 -0.160051  0.045353  0.001275 -0.007932  0.008717  0.000000 -0.000000  0.000000 0.000000 0.000000 0.000000
22.879000 -0.119355 -0.150899  0.054907  0.001687 -0.008260  0.009116  0.000000 -0.000000  0.000000 0.000000 0.000000 0.000000
22.914000 -0.144817 -0.174189  0.052041  0.001590 -0.008307  0.008952  0.000000 -0.000000  0.000000 0.000000 0.000000 0.000000
22.948000 -0.101383 -0.156311  0.052909  0.001614 -0.008284  0.009299  0.000000 -0.000000  0.000000 0.000000 0.000000 0.000000
22.982000 -0.117152 -0.166791  0.071146  0.001452 -0.008255  0.009652  0.000000 -0.000000  0.000000 0.000000 0.000000 0.000000
23.015000 -0.104789 -0.169738  0.051287  0.001772 -0.008393  0.009445  0.000000 -0.000000  0.000000 0.000000 0.000000 0.000000
23.050000 -0.114290 -0.136891  0.066331  0.001577 -0.008559  0.009899  0.000000 -0.000000  0.000000 0.000000 0.000000 0.000000
23.084000 -0.133974 -0.184136  0.053245  0.001694 -0.008862  0.009602  0.000000 -0.000000  0.000000 0.000000 0.000000 0.000000
23.121000 -0.099141 -0.154092  0.059551  0.001701 -0.008520  0.009703  0.000000 -0.000000  0.000000 0.000000 0.000000 0.000000
23.153000 -0.138861 -0.155802  0.039704  0.001667 -0.008559  0.010090  0.000000 -0.000000  0.000000 0.000000 0.000000 0.000000
23.187000 -0.132606 -0.142746  0.049610  0.001690 -0.008753  0.009716  0.000000 -0.000000  0.000000 0.000000 0.000000 0.000000
23.226000 -0.141286 -0.183979  0.058049  0.001690 -0.008663  0.009287  0.000000 -0.000000  0.000000 0.000000 0.000000 0.000000
23.259000 -0.131292 -0.176778  0.052193  0.001799 -0.008608  0.008892  0.000000 -0.000000  0.000000 0.000000 0.000000 0.000000
23.297000 -0.135229 -0.190509  0.043633  0.001776 -0.008620  0.008877  0.000000 -0.000000  0.000000 0.000000 0.000000 0.000000
23.328000 -0.097722 -0.127832  0.055671  0.001517 -0.008228  0.009548  0.000000 -0.000000  0.000000 0.000000 0.000000 0.000000
23.363000 -0.149762 -0.182909  0.055893  0.001717 -0.008467  0.009332  0.000000 -0.000000  0.000000 0.000000 0.000000 0.000000
23.396000 -0.099760 -0.160972  0.058170  0.001241 -0.008155  0.009550  0.000000 -0.000000  0.000000 0.000000 0.000000 0.000000
23.431000 -0.091963 -0.155475  0.068117  0.001386 -0.008112  0.009658  0.000000 -0.000000  0.000000 0.000000 0.000000 0.000000
23.464000 -0.173545 -0.177686  0.051941  0.001278 -0.008380  0.009410  0.000000 -0.000000  0.000000 0.000000 0.000000 0.000000
23.498000 -0.131668 -0.187298  0.060724  0.001739 -0.008423  0.009194  0.000000 -0.000000  0.000000 0.000000 0.000000 0.000000
23.532000 -0.129399 -0.172187  0.054355  0.001717 -0.008305  0.008913  0.000000 -0.000000  0.000000 0.000000 0.000000 0.000000
23.566000 -0.156597 -0.186770  0.060005  0.001987 -0.008550  0.008961  0.000000 -0.000000  0.000000 0.000000 0.000000 0.000000
23.600000 -0.112080 -0.155485  0.046947  0.001736 -0.008112  0.009262  0.000000 -0.000000  0.000000 0.000000 0.000000 0.000000
23.635000 -0.131421 -0.165931  0.053313  0.001466 -0.008326  0.009208  0.000000 -0.000000  0.000000 0.000000 0.000000 0.000000
23.668000 -0.143835 -0.179433  0.047787  0.001943 -0.008191  0.009050  0.000000 -0.000000  0.000000 0.000000 0.000000 0.000000
23.707000 -0.103819 -0.153759  0.062118  0.002092 -0.008212  0.008905  0.000000 -0.000000  0.000000 0.000000 0.000000 0.000000
23.741000 -0.135966 -0.161632  0.013450  0.001888 -0.007862  0.009202  0.000000 -0.000000  0.000000 0.000000 0.000000 0.000000
23.781000 -0.131857 -0.165085  0.050293  0.001775 -0.008022  0.009405  0.000000 -0.000000  0.000000 0.000000 0.000000 0.000000
23.814000 -0.103888 -0.153871  0.043266  0.001242 -0.007774  0.009956  0.000000 -0.000000  0.000000 0.000000 0.000000 0.000000
23.848000 -0.156972 -0.192865  0.048557  0.001489 -0.008091  0.009894  0.000000 -0.000000  0.000000 0.000000 0.000000 0.000000
23.885000 -0.102955 -0.157440  0.053247  0.001318 -0.007926  0.009495  0.000000 -0.000000  0.000000 0.000000 0.000000 0.000000
23.921000 -0.119890 -0.150354  0.037752  0.001203 -0.008048  0.009492  0.000000 -0.000000  0.000000 0.000000 0.000000 0.000000
23.955000 -0.123602 -0.149735  0.044579  0.001161 -0.008054  0.009835  0.000000 -0.000000  0.000000 0.000000 0.000000 0.000000
23.989000 -0.102290 -0.133542  0.054245  0.001223 -0.007994  0.010286  0.000000 -0.000000  0.000000 0.000000 0.000000 0.000000
24.023000 -0.141055 -0.160981  0.021860  0.000907 -0.008058  0.010070  0.000000 -0.000000  0.000000 0.000000 0.000000 0.000000
24.057000 -0.121674 -0.162595  0.046423  0.001009 -0.008417  0.009962  0.000000 -0.000000  0.000000 0.000000 0.000000 0.000000
24.093000 -0.088764 -0.159553  0.043222  0.000958 -0.007897  0.009998  0.000000 -0.000000  0.000000 0.000000 0.000000 0.000000
24.124000 -0.138313 -0.167657  0.042392  0.000905 -0.008023  0.010320  0.000000 -0.000000  0.000000 0.000000 0.000000 0.000000
24.163000 -0.086890 -0.160251  0.074969  0.001484 -0.007946  0.010066  0.000000 -0.000000  0.000000 0.000000 0.000000 0.000000
24.195000 -0.119252 -0.158980  0.059132  0.002176 -0.008494  0.009593  0.000000 -0.000000  0.000000 0.000000 0.000000 0.000000
24.230000 -0.140638 -0.177818  0.034993  0.002176 -0.008740  0.009408  0.000000 -0.000000  0.000000 0.000000 0.000000 0.000000
24.262000 -0.115811 -0.147895  0.044979  0.001887 -0.008541  0.009331  0.000000 -0.000000  0.000000 0.000000 0.000000 0.000000
24.297000 -0.147356 -0.180273  0.032388  0.001888 -0.008619  0.009020  0.000000 -0.000000  0.000000 0.000000 0.000000 0.000000
24.331000 -0.152397 -0.225048  0.045431  0.002176 -0.008821  0.008875  0.000000 -0.000000  0.000000 0.000000 0.000000 0.000000
24.365000 -0.130326 -0.177144  0.049147  0.001768 -0.008942  0.008623  0.000000 -0.000000  0.000000 0.000000 0.000000 0.000000
24.399000 -0.114818 -0.169416  0.052280  0.001633 -0.008747  0.008993  0.000000 -0.000000  0.000000 0.000000 0.000000 0.000000
24.433000 -0.126627 -0.166791  0.054294  0.001843 -0.008505  0.008975  0.000000 -0.000000  0.000000 0.000000 0.000000 0.000000
24.467000 -0.121621 -0.150931  0.055905  0.002090 -0.008683  0.009175  0.000000 -0.000000  0.000000 0.000000 0.000000 0.000000
24.500000 -0.135725 -0.160827  0.059878  0.001914 -0.008846  0.009523  0.000000 -0.000000  0.000000 0.000000 0.000000 0.000000
24.540000 -0.120690 -0.150649  0.053662  0.001700 -0.008870  0.009527  0.000000 -0.000000  0.000000 0.000000 0.000000 0.000000
24.572000 -0.121897 -0.164549  0.049043  0.001736 -0.008876  0.009708  0.000000 -0.000000  0.000000 0.000000 0.000000 0.000000
24.606000 -0.129967 -0.170441  0.069458  0.002077 -0.008766  0.009676  0.000000 -0.000000  0.000000 0.000000 0.000000 0.000000
24.639000 -0.083166 -0.110533  0.055236  0.001768 -0.008228  0.010270  0.000000 -0.000000  0.000000 0.000000 0.000000 0.000000
24.673000 -0.097896 -0.170250  0.061232  0.002469 -0.008172  0.010249  0.000000 -0.000000  0.000000 0.000000 0.000000 0.000000
24.707000 -0.086862 -0.106805  0.029613  0.001644 -0.007706  0.010374  0.000000 -0.000000  0.000000 0.000000 0.000000 0.000000
24.741000 -0.103287 -0.135561  0.052943  0.002164 -0.007917  0.010378  0.000000 -0.000000  0.000000 0.000000 0.000000 0.000000
24.775000 -0.132767 -0.162432  0.046280  0.002019 -0.008048  0.010295  0.000000 -0.000000  0.000000 0.000000 0.000000 0.000000
24.811000 -0.117333 -0.136212  0.051587  0.001923 -0.008329  0.010259  0.000000 -0.000000  0.000000 0.000000 0.000000 0.000000
24.844000 -0.131894 -0.172001  0.040136  0.002077 -0.008671  0.009791  0.000000 -0.000000  0.000000 0.000000 0.000000 0.000000
24.878000 -0.126926 -0.210747  0.054239  0.002340 -0.008722  0.009984  0.000000 -0.000000  0.000000 0.000000 0.000000 0.000000
24.910000 -0.123256 -0.142753  0.047321  0.002212 -0.008808  0.010313  0.000000 -0.000000  0.000000 0.000000 0.000000 0.000000
24.948000 -0.119916 -0.149703  0.043999  0.002217 -0.008872  0.010654  0.000000 -0.000000  0.000000 0.000000 0.000000 0.000000
24.980000 -0.086688 -0.115500  0.081174  0.001866 -0.008768  0.010992  0.000000 -0.000000  0.000000 0.000000 0.000000 0.000000
25.014000 -0.107988 -0.157584  0.038597  0.002023 -0.008863  0.010599  0.000000 -0.000000  0.000000 0.000000 0.000000 0.000000
25.048000 -0.125778 -0.156894  0.061627  0.001703 -0.008825  0.010383  0.000000 -0.000000  0.000000 0.000000 0.000000 0.000000
25.082000 -0.136836 -0.165469  0.041414  0.001993 -0.009190  0.009804  0.000000 -0.000000  0.000000 0.000000 0.000000 0.000000
25.121000 -0.120484 -0.148666  0.035203  0.001789 -0.008788  0.009414  0.000000 -0.000000  0.000000 0.000000 0.000000 0.000000
25.152000 -0.158029 -0.198951  0.052307  0.002454 -0.009014  0.008972  0.000000 -0.000000  0.000000 0.000000 0.000000 0.000000
25.192000 -0.147860 -0.164542  0.037490  0.002344 -0.008876  0.009268  0.000000 -0.000000  0.000000 0.000000 0.000000 0.000000
25.224000 -0.126004 -0.192335  0.039693  0.002253 -0.008787  0.009112  0.000000 -0.000000  0.000000 0.000000 0.000000 0.000000
25.259000 -0.122402 -0.163807  0.046922  0.001902 -0.008376  0.009354  0.000000 -0.000000  0.000000 0.000000 0.000000 0.000000
25.292000 -0.121648 -0.169481  0.043577  0.002080 -0.008547  0.009344  0.000000 -0.000000  0.000000 0.000000 0.000000 0.000000
25.332000 -0.156743 -0.174103  0.039134  0.002103 -0.008226  0.009357  0.000000 -0.000000  0.000000 0.000000 0.000000 0.000000
25.362000 -0.120563 -0.157360  0.056770  0.002299 -0.008315  0.009379  0.000000 -0.000000  0.000000 0.000000 0.000000 0.000000
25.399000 -0.126894 -0.159328  0.058153  0.002714 -0.008360  0.009403  0.000000 -0.000000  0.000000 0.000000 0.000000 0.000000
25.430000 -0.128594 -0.176288  0.061890  0.002910 -0.008721  0.009577  0.000000 -0.000000  0.000000 0.000000 0.000000 0.000000
25.468000 -0.157529 -0.160671  0.035594  0.002621 -0.008358  0.010331  0.000000 -0.000000  0.000000 0.000000 0.000000 0.000000
25.499000 -0.137864 -0.189852  0.054930  0.003194 -0.008644  0.010347  0.000000 -0.000000  0.000000 0.000000 0.000000 0.000000
25.533000 -0.097150 -0.157648  0.054298  0.002760 -0.008295  0.010320  0.000000 -0.000000  0.000000 0.000000 0.000000 0.000000
25.567000 -0.140471 -0.184646  0.047147  0.002584 -0.008136  0.010030  0.000000 -0.000000  0.000000 0.000000 0.000000 0.000000
25.601000 -0.102085 -0.153283  0.049662  0.002389 -0.008052  0.009890  0.000000 -0.000000  0.000000 0.000000 0.000000 0.000000
25.635000 -0.127330 -0.143536  0.051259  0.002155 -0.008379  0.010292  0.000000 -0.000000  0.000000 0.000000 0.000000 0.000000
25.671000 -0.152856 -0.160843  0.064129  0.002329 -0.008954  0.009796  0.000000 -0.000000  0.000000 0.000000 0.000000 0.000000
25.703000 -0.113851 -0.158143  0.068165  0.002446 -0.009022  0.010007  0.000000 -0.000000  0.000000 0.000000 0.000000 0.000000
25.737000 -0.128314 -0.163768  0.066896  0.002324 -0.009312  0.010235  0.000000 -0.000000  0.000000 0.000000 0.000000 0.000000
25.772000 -0.123276 -0.166810  0.067366  0.002532 -0.009469  0.009918  0.000000 -0.000000  0.000000 0.000000 0.000000 0.000000
25.806000 -0.106609 -0.153567  0.051917  0.001854 -0.008901  0.010121  0.000000 -0.000000  0.000000 0.000000 0.000000 0.000000
25.840000 -0.147771 -0.188688  0.038934  0.001996 -0.008669  0.009570  0.000000 -0.000000  0.000000 0.000000 0.000000 0.000000
25.876000 -0.096075 -0.150175  0.065401  0.002017 -0.008205  0.009853  0.000000 -0.000000  0.000000 0.000000 0.000000 0.000000
25.914000 -0.126109 -0.158382  0.064547  0.002542 -0.008478  0.010186  0.000000 -0.000000  0.000000 0.000000 0.000000 0.000000
25.946000 -0.135337 -0.169761  0.049475  0.002485 -0.008479  0.009823  0.000000 -0.000000  0.000000 0.000000 0.000000 0.000000
25.980000 -0.125391 -0.166411  0.062431  0.003096 -0.008713  0.009695  0.000000 -0.000000  0.000000 0.000000 0.000000 0.000000
26.015000 -0.148707 -0.180606  0.051957  0.003005 -0.008891  0.009900  0.000000 -0.000000  0.000000 0.000000 0.000000 0.000000
26.048000 -0.136265 -0.179033  0.046685  0.003174 -0.009251  0.009660  0.000000 -0.000000  0.000000 0.000000 0.000000 0.000000
26.082000 -0.090521 -0.121320  0.042782  0.002250 -0.008784  0.010296  0.000000 -0.000000  0.000000 0.000000 0.000000 0.000000
26.116000 -0.144406 -0.179632  0.050084  0.002007 -0.008836  0.010482  0.000000 -0.000000  0.000000 0.000000 0.000000 0.000000
26.153000 -0.081184 -0.169613  0.040783  0.001977 -0.008229  0.010591  0.000000 -0.000000  0.000000 0.000000 0.000000 0.000000
26.191000 -0.119134 -0.162347  0.057357  0.002317 -0.008675  0.010287  0.000000 -0.000000  0.000000 0.000000 0.000000 0.000000
26.222000 -0.140881 -0.163986  0.036071  0.001985 -0.008612  0.010567  0.000000 -0.000000  0.000000 0.000000 0.000000 0.000000
26.256000 -0.143248 -0.180222  0.041939  0.001807 -0.008508  0.010417  0.000000 -0.000000  0.000000 0.000000 0.000000 0.000000
26.290000 -0.110441 -0.161240  0.051226  0.001672 -0.008355  0.010501  0.000000 -0.000000  0.000000 0.000000 0.000000 0.000000
26.328000 -0.137450 -0.174047  0.057695  0.001635 -0.008378  0.010197  0.000000 -0.000000  0.000000 0.000000 0.000000 0.000000
26.360000 -0.110513 -0.171817  0.060114  0.001977 -0.008371  0.010266  0.000000 -0.000000  0.000000 0.000000 0.000000 0.000000
26.393000 -0.136746 -0.159686  0.040237  0.001722 -0.008471  0.010448  0.000000 -0.000000  0.000000 0.000000 0.000000 0.000000
26.427000 -0.141507 -0.177559  0.041206  0.001964 -0.008637  0.009953  0.000000 -0.000000  0.000000 0.000000 0.000000 0.000000
26.462000 -0.114318 -0.159678  0.049438  0.001771 -0.008281  0.009824  0.000000 -0.000000  0.000000 0.000000 0.000000 0.000000
26.495000 -0.134539 -0.170053  0.026404  0.001252 -0.008258  0.009556  0.000000 -0.000000  0.000000 0.000000 0.000000 0.000000
26.532000 -0.147666 -0.164700  0.045569  0.001338 -0.008687  0.009730  0.000000 -0.000000  0.000000 0.000000 0.000000 0.000000
26.566000 -0.130976 -0.175713  0.035164  0.001275 -0.008494  0.009863  0.000000 -0.000000  0.000000 0.000000 0.000000 0.000000
26.606000 -0.135012 -0.171886  0.037067  0.001129 -0.008159  0.010316  0.000000 -0.000000  0.000000 0.000000 0.000000 0.000000
26.659000 -0.105526 -0.156502  0.042330  0.001255 -0.008073  0.010114  0.000000 -0.000000  0.000000 0.000000 0.000000 0.000000
26.693000 -0.137753 -0.156709  0.061178  0.001560 -0.008573  0.010347  0.000000 -0.000000  0.000000 0.000000 0.000000 0.000000
26.727000 -0.149011 -0.177728  0.045582  0.002002 -0.008619  0.010413  0.000000 -0.000000  0.000000 0.000000 0.000000 0.000000
26.760000 -0.112757 -0.146237  0.051413  0.001991 -0.008492  0.010339  0.000000 -0.000000  0.000000 0.000000 0.000000 0.000000
26.795000 -0.122464 -0.156959  0.038355  0.001665 -0.008449  0.010448  0.000000 -0.000000  0.000000 0.000000 0.000000 0.000000
26.829000 -0.132255 -0.144378  0.057013  0.001885 -0.008544  0.010745  0.000000 -0.000000  0.000000 0.000000 0.000000 0.000000
26.884000 -0.084463 -0.166456  0.068217  0.001699 -0.008244  0.010482  0.000000 -0.000000  0.000000 0.000000 0.000000 0.000000
26.917000 -0.154291 -0.187889  0.053176  0.001774 -0.008524  0.010518  0.000000 -0.000000  0.000000 0.000000 0.000000 0.000000
26.949000 -0.104443 -0.177579  0.063960  0.001983 -0.007965  0.010384  0.000000 -0.000000  0.000000 0.000000 0.000000 0.000000
26.983000 -0.140295 -0.160912  0.037587  0.002019 -0.008172  0.010157  0.000000 -0.000000  0.000000 0.000000 0.000000 0.000000
27.017000 -0.141026 -0.174711  0.044113  0.001744 -0.008429  0.010139  0.000000 -0.000000  0.000000 0.000000 0.000000 0.000000
27.043000 -0.110680 -0.155934  0.063996  0.001813 -0.008462  0.010528  0.000000 -0.000000  0.000000 0.000000 0.000000 0.000000
27.085000 -0.144410 -0.150248  0.055481  0.001955 -0.008616  0.010355  0.000000 -0.000000  0.000000 0.000000 0.000000 0.000000
27.125000 -0.142467 -0.225458  0.038532  0.002153 -0.008660  0.010113  0.000000 -0.000000  0.000000 0.000000 0.000000 0.000000
27.156000 -0.121325 -0.164927  0.049971  0.001945 -0.008388  0.009974  0.000000 -0.000000  0.000000 0.000000 0.000000 0.000000
27.193000 -0.122388 -0.175694  0.045103  0.001885 -0.008419  0.010035  0.000000 -0.000000  0.000000 0.000000 0.000000 0.000000
27.221000 -0.122573 -0.173356  0.054979  0.002342 -0.008434  0.010068  0.000000 -0.000000  0.000000 0.000000 0.000000 0.000000
27.261000 -0.118322 -0.154477  0.028259  0.001959 -0.008021  0.010231  0.000000 -0.000000  0.000000 0.000000 0.000000 0.000000
27.295000 -0.110570 -0.164000  0.043259  0.001772 -0.008085  0.010641  0.000000 -0.000000  0.000000 0.000000 0.000000 0.000000
27.329000 -0.132649 -0.151531  0.057303  0.002247 -0.008256  0.010401  0.000000 -0.000000  0.000000 0.000000 0.000000 0.000000
27.364000 -0.117900 -0.166188  0.037091  0.002260 -0.008112  0.010285  0.000000 -0.000000  0.000000 0.000000 0.000000 0.000000
27.397000 -0.150996 -0.193216  0.054523  0.002754 -0.008406  0.010342  0.000000 -0.000000  0.000000 0.000000 0.000000 0.000000
27.431000 -0.116295 -0.145145  0.058157  0.002029 -0.008506  0.010681  0.000000 -0.000000  0.000000 0.000000 0.000000 0.000000
27.464000 -0.108110 -0.175819  0.051260  0.002277 -0.008298  0.010546  0.000000 -0.000000  0.000000 0.000000 0.000000 0.000000
27.499000 -0.138027 -0.163049  0.037106  0.001682 -0.008111  0.010461  0.000000 -0.000000  0.000000 0.000000 0.000000 0.000000
27.533000 -0.133993 -0.152190  0.024937  0.001715 -0.007943  0.010760  0.000000 -0.000000  0.000000 0.000000 0.000000 0.000000
27.567000 -0.141912 -0.167269  0.041485  0.001432 -0.007962  0.010572  0.000000 -0.000000  0.000000 0.000000 0.000000 0.000000
27.602000 -0.097968 -0.125818  0.034183  0.001599 -0.007964  0.010692  0.000000 -0.000000  0.000000 0.000000 0.000000 0.000000
27.635000 -0.109710 -0.152233  0.033865  0.001437 -0.008127  0.010629  0.000000 -0.000000  0.000000 0.000000 0.000000 0.000000
27.669000 -0.119368 -0.228725  0.064476  0.001867 -0.008286  0.010476  0.000000 -0.000000  0.000000 0.000000 0.000000 0.000000
27.703000 -0.117224 -0.120917  0.032069  0.001538 -0.008119  0.011163  0.000000 -0.000000  0.000000 0.000000 0.000000 0.000000
27.741000 -0.123477 -0.167649  0.048344  0.001863 -0.008078  0.011075  0.000000 -0.000000  0.000000 0.000000 0.000000 0.000000
27.779000 -0.073506 -0.113888  0.047852  0.001391 -0.007537  0.011415  0.000000 -0.000000  0.000000 0.000000 0.000000 0.000000
27.813000 -0.105784 -0.146578  0.064930  0.002048 -0.007976  0.011423  0.000000 -0.000000  0.000000 0.000000 0.000000 0.000000
27.848000 -0.109349 -0.146386  0.040947  0.001823 -0.007803  0.011389  0.000000 -0.000000  0.000000 0.000000 0.000000 0.000000
27.881000 -0.114013 -0.143591  0.040001  0.001979 -0.008064  0.011183  0.000000 -0.000000  0.000000 0.000000 0.000000 0.000000
27.918000 -0.118132 -0.144232  0.048322  0.001826 -0.008158  0.010982  0.000000 -0.000000  0.000000 0.000000 0.000000 0.000000
27.952000 -0.125742 -0.171771  0.063501  0.002313 -0.008673  0.010820  0.000000 -0.000000  0.000000 0.000000 0.000000 0.000000
27.986000 -0.171828 -0.174334  0.027327  0.002089 -0.008764  0.010920  0.000000 -0.000000  0.000000 0.000000 0.000000 0.000000
28.020000 -0.134079 -0.178522  0.050359  0.002339 -0.008799  0.010322  0.000000 -0.000000  0.000000 0.000000 0.000000 0.000000
28.054000 -0.136234 -0.167730  0.027830  0.002143 -0.008580  0.010295  0.000000 -0.000000  0.000000 0.000000 0.000000 0.000000
28.089000 -0.142402 -0.188390  0.059796  0.002694 -0.008747  0.010013  0.000000 -0.000000  0.000000 0.000000 0.000000 0.000000
28.122000 -0.131182 -0.172045  0.053394  0.002868 -0.009045  0.009845  0.000000 -0.000000  0.000000 0.000000 0.000000 0.000000
28.156000 -0.124695 -0.155769  0.053724  0.002792 -0.009085  0.009757  0.000000 -0.000000  0.000000 0.000000 0.000000 0.000000
28.197000 -0.129374 -0.170643  0.053720  0.002946 -0.008742  0.009527  0.000000 -0.000000  0.000000 0.000000 0.000000 0.000000
28.246000 -0.137459 -0.173316  0.043133  0.003166 -0.008620  0.009316  0.000000 -0.000000  0.000000 0.000000 0.000000 0.000000
28.295000 -0.176284 -0.186460  0.027892  0.002744 -0.008984  0.009224  0.000000 -0.000000  0.000000 0.000000 0.000000 0.000000
28.344000 -0.153449 -0.195256  0.044410  0.002689 -0.009169  0.009054  0.000000 -0.000000  0.000000 0.000000 0.000000 0.000000
28.382000 -0.126192 -0.174741  0.051241  0.002313 -0.008952  0.009458  0.000000 -0.000000  0.000000 0.000000 0.000000 0.000000
28.416000 -0.157610 -0.201239  0.055756  0.002818 -0.008934  0.009721  0.000000 -0.000000  0.000000 0.000000 0.000000 0.000000
28.450000 -0.124574 -0.163563  0.040329  0.002618 -0.008900  0.009731  0.000000 -0.000000  0.000000 0.000000 0.000000 0.000000
28.484000 -0.145735 -0.159256  0.050295  0.002620 -0.009053  0.010061  0.000000 -0.000000  0.000000 0.000000 0.000000 0.000000
28.518000 -0.135080 -0.160151  0.070911  0.002902 -0.009197  0.010385  0.000000 -0.000000  0.000000 0.000000 0.000000 0.000000
28.552000 -0.130910 -0.168633  0.059344  0.002573 -0.008957  0.010716  0.000000 -0.000000  0.000000 0.000000 0.000000 0.000000
28.586000 -0.170381 -0.183527  0.030604  0.002027 -0.008710  0.010492  0.000000 -0.000000  0.000000 0.000000 0.000000 0.000000
28.623000 -0.123036 -0.168508  0.066872  0.002165 -0.008980  0.010447  0.000000 -0.000000  0.000000 0.000000 0.000000 0.000000
28.654000 -0.149470 -0.176856  0.035338  0.001859 -0.008773  0.010489  0.000000 -0.000000  0.000000 0.000000 0.000000 0.000000
28.690000 -0.147992 -0.190237  0.050314  0.002159 -0.008742  0.010688  0.000000 -0.000000  0.000000 0.000000 0.000000 0.000000
28.725000 -0.100529 -0.149334  0.045549  0.002003 -0.008325  0.010605  0.000000 -0.000000  0.000000 0.000000 0.000000 0.000000
28.764000 -0.129051 -0.147610  0.075058  0.002302 -0.008398  0.011001  0.000000 -0.000000  0.000000 0.000000 0.000000 0.000000
28.796000 -0.110813 -0.155242  0.031523  0.002208 -0.007896  0.011236  0.000000 -0.000000  0.000000 0.000000 0.000000 0.000000
28.831000 -0.125977 -0.166327  0.062293  0.002743 -0.007955  0.010966  0.000000 -0.000000  0.000000 0.000000 0.000000 0.000000
28.873000 -0.130324 -0.177704  0.046887  0.002741 -0.007986  0.011075  0.000000 -0.000000  0.000000 0.000000 0.000000 0.000000
28.905000 -0.150090 -0.209542  0.031853  0.002477 -0.007999  0.010934  0.000000 -0.000000  0.000000 0.000000 0.000000 0.000000
28.936000 -0.096862 -0.135257  0.060647  0.002522 -0.007881  0.011442  0.000000 -0.000000  0.000000 0.000000 0.000000 0.000000
28.972000 -0.147377 -0.181194  0.054634  0.002867 -0.008100  0.011038  0.000000 -0.000000  0.000000 0.000000 0.000000 0.000000
29.007000 -0.077295 -0.174143  0.041928  0.002655 -0.007465  0.011031  0.000000 -0.000000  0.000000 0.000000 0.000000 0.000000
29.040000 -0.101925 -0.147372  0.037016  0.002400 -0.007669  0.011241  0.000000 -0.000000  0.000000 0.000000 0.000000 0.000000
29.076000 -0.126196 -0.163881  0.044395  0.002344 -0.007626  0.011129  0.000000 -0.000000  0.000000 0.000000 0.000000 0.000000
29.109000 -0.113919 -0.156760  0.048490  0.002482 -0.008038  0.011249  0.000000 -0.000000  0.000000 0.000000 0.000000 0.000000
29.142000 -0.127617 -0.201699  0.056075  0.002160 -0.007972  0.010677  0.000000 -0.000000  0.000000 0.000000 0.000000 0.000000
29.177000 -0.160003 -0.194432  0.036400  0.001913 -0.008120  0.010533  0.000000 -0.000000  0.000000 0.000000 0.000000 0.000000
29.210000 -0.107506 -0.169156  0.041380  0.001756 -0.008170  0.010278  0.000000 -0.000000  0.000000 0.000000 0.000000 0.000000
29.246000 -0.133560 -0.158583  0.046224  0.001659 -0.008244  0.010307  0.000000 -0.000000  0.000000 0.000000 0.000000 0.000000
29.279000 -0.149529 -0.182984  0.053173  0.001761 -0.008391  0.010193  0.000000 -0.000000  0.000000 0.000000 0.000000 0.000000
29.315000 -0.141383 -0.156068  0.034851  0.001615 -0.008418  0.010510  0.000000 -0.000000  0.000000 0.000000 0.000000 0.000000
29.348000 -0.175164 -0.174233  0.039116  0.001475 -0.008575  0.010389  0.000000 -0.000000  0.000000 0.000000 0.000000 0.000000
29.382000 -0.122546 -0.178787  0.064583  0.002235 -0.009055  0.010174  0.000000 -0.000000  0.000000 0.000000 0.000000 0.000000
29.416000 -0.127736 -0.165919  0.050432  0.001817 -0.008746  0.010849  0.000000 -0.000000  0.000000 0.000000 0.000000 0.000000
29.451000 -0.135775 -0.173655  0.057588  0.002211 -0.008614  0.010887  0.000000 -0.000000  0.000000 0.000000 0.000000 0.000000
29.484000 -0.112901 -0.141408  0.060317  0.002182 -0.008407  0.010907  0.000000 -0.000000  0.000000 0.000000 0.000000 0.000000
29.518000 -0.129741 -0.164364  0.047886  0.002194 -0.008482  0.010807  0.000000 -0.000000  0.000000 0.000000 0.000000 0.000000
29.554000 -0.157298 -0.189224  0.026806  0.002066 -0.008565  0.010824  0.000000 -0.000000  0.000000 0.000000 0.000000 0.000000
29.588000 -0.159963 -0.167885  0.037248  0.002252 -0.008761  0.010442  0.000000 -0.000000  0.000000 0.000000 0.000000 0.000000
29.622000 -0.156255 -0.179984  0.025044  0.002085 -0.008772  0.010214  0.000000 -0.000000  0.000000 0.000000 0.000000 0.000000
29.656000 -0.151506 -0.168280  0.046668  0.002463 -0.008849  0.010272  0.000000 -0.000000  0.000000 0.000000 0.000000 0.000000
29.690000 -0.080340 -0.129034  0.064106  0.001580 -0.008107  0.010766  0.000000 -0.000000  0.000000 0.000000 0.000000 0.000000
29.723000 -0.140388 -0.182096  0.052274  0.001904 -0.008277  0.010710  0.000000 -0.000000  0.000000 0.000000 0.000000 0.000000
29.758000 -0.111008 -0.159652  0.044172  0.001932 -0.007922  0.010547  0.000000 -0.000000  0.000000 0.000000 0.000000 0.000000
29.792000 -0.124568 -0.161429  0.047109  0.002103 -0.008161  0.010499  0.000000 -0.000000  0.000000 0.000000 0.000000 0.000000
29.826000 -0.137304 -0.167885  0.047800  0.001774 -0.007961  0.010685  0.000000 -0.000000  0.000000 0.000000 0.000000 0.000000
29.863000 -0.125942 -0.173212  0.063749  0.002075 -0.008116  0.010622  0.000000 -0.000000  0.000000 0.000000 0.000000 0.000000
29.895000 -0.167346 -0.189960  0.028980  0.002297 -0.008206  0.010425  0.000000 -0.000000  0.000000 0.000000 0.000000 0.000000
29.929000 -0.145479 -0.223115  0.046415  0.002491 -0.008725  0.009998  0.000000 -0.000000  0.000000 0.000000 0.000000 0.000000
29.962000 -0.111484 -0.154599  0.046412  0.002342 -0.008623  0.010298  0.000000 -0.000000  0.000000 0.000000 0.000000 0.000000
29.998000 -0.123770 -0.171730  0.057628  0.002687 -0.008719  0.010402  0.000000 -0.000000  0.000000 0.000000 0.000000 0.000000
30.032000 -0.121887 -0.167974  0.046756  0.002286 -0.008413  0.010279  0.000000 -0.000000  0.000000 0.000000 0.000000 0.000000
30.064000 -0.117540 -0.150240  0.050079  0.002290 -0.008166  0.010287  0.000000 -0.000000  0.000000 0.000000 0.000000 0.000000
30.100000 -0.150259 -0.155031  0.045177  0.002346 -0.008396  0.010444  0.000000 -0.000000  0.000000 0.000000 0.000000 0.000000
30.134000 -0.141995 -0.155880  0.050086  0.002138 -0.008248  0.010440  0.000000 -0.000000  0.000000 0.000000 0.000000 0.000000
30.167000 -0.135503 -0.192531  0.051924  0.002504 -0.008553  0.010185  0.000000 -0.000000  0.000000 0.000000 0.000000 0.000000
30.201000 -0.132242 -0.176648  0.044197  0.002586 -0.008647  0.010333  0.000000 -0.000000  0.000000 0.000000 0.000000 0.000000
30.236000 -0.119957 -0.155235  0.044248  0.002202 -0.008347  0.010827  0.000000 -0.000000  0.000000 0.000000 0.000000 0.000000
30.269000 0.121697 0.194115 0.629513  0.002860 -0.009197  0.013005  0.000000 -0.000000  0.000000 0.000000 0.000000 0.000000
30.303000 0.535107 0.616025 2.060817  0.001922 -0.009575  0.021158  0.000000 -0.000000  0.000000 0.000000 0.000000 0.000000
30.342000 0.986524 1.139918 3.682756  0.002548 -0.010298  0.038642  0.000000 -0.000000  0.000000 0.000000 0.000000 0.000000
30.376000 1.354304 1.627947 4.401612  0.003608 -0.011162  0.057261  0.000000 -0.000000  0.000000 0.000000 0.000000 0.000000
30.410000 1.635386 1.965238 4.927993  0.004797 -0.012258  0.077121  0.000000 -0.000000  0.000000 0.000000 0.000000 0.000000
30.444000 1.763885 2.172501 5.440493  0.005975 -0.013445  0.094387  0.000000 -0.000000  0.000000 0.000000 0.000000 0.000000
30.477000 1.846476 2.239307 6.005600  0.007370 -0.014628  0.107758  0.000000 -0.000000  0.000000 0.000000 0.000000 0.000000
30.512000 1.816162 2.192290 6.606715  0.008902 -0.016049  0.118014  0.000000 -0.000000  0.000000 0.000000 0.000000 0.000000
30.546000 1.727140 2.034358 7.126380  0.010407 -0.017351  0.124420  0.000000 -0.000000  0.000000 0.000000 0.000000 0.000000
30.580000 1.554630 1.843649 7.557238  0.012834 -0.018641  0.127761  0.000000 -0.000000  0.000000 0.000000 0.000000 0.000000
30.614000 1.360353 1.614550 7.907098  0.015196 -0.020679  0.129448  0.000000 -0.000000  0.000000 0.000000 0.000000 0.000000
30.656000 1.042117 1.224785 8.289185  0.019231 -0.023622  0.129450  0.000000 -0.000000  0.000000 0.000000 0.000000 0.000000
30.694000 0.702587 0.853118 8.588734  0.022987 -0.026159  0.129397  0.000000 -0.000000  0.000000 0.000000 0.000000 0.000000
30.731000 0.334802 0.471561 9.134467  0.024512 -0.032189  0.129811  0.000000 -0.000000  0.000000 0.000000 0.000000 0.000000
30.775000 -0.026202 -0.006165  9.193478  0.028732 -0.034145  0.131099  0.000000 -0.000000  0.000000 0.000000 0.000000 0.000000
30.807000 -0.378431 -0.297569  9.344475  0.032523 -0.035865  0.132533  0.000000 -0.000000  0.000000 0.000000 0.000000 0.000000
30.841000 -0.804312 -0.558533  9.447897  0.036470 -0.037348  0.132929  0.000000 -0.000000  0.000000 0.000000 0.000000 0.000000
30.876000 -1.047645 -0.811311  9.644830  0.041026 -0.039555  0.133579  0.000000 -0.000000  0.000000 0.000000 0.000000 0.000000
30.909000 -1.288038 -1.005199  9.769444  0.045055 -0.041600  0.134585  0.000000 -0.000000  0.000000 0.000000 0.000000 0.000000
30.943000 -1.451604 -1.241591  9.889076  0.048683 -0.043999  0.135584  0.000000 -0.000000  0.000000 0.000000 0.000000 0.000000
30.977000 -1.595029 -1.440953 10.003618  0.052365 -0.045947  0.136260  0.000000 -0.000000  0.000000 0.000000 0.000000 0.000000
31.011000 -1.666513 -1.620200 10.092041  0.055168 -0.047772  0.137505  0.000000 -0.000000  0.000000 0.000000 0.000000 0.000000
31.045000 -1.796963 -1.758940 10.171995  0.058069 -0.049856  0.137765  0.000000 -0.000000  0.000000 0.000000 0.000000 0.000000
31.079000 -1.750417 -1.903040 10.230843  0.060556 -0.050957  0.137917  0.000000 -0.000000  0.000000 0.000000 0.000000 0.000000
31.113000 -1.710911 -1.960499 10.294974  0.062599 -0.051912  0.138194  0.000000 -0.000000  0.000000 0.000000 0.000000 0.000000
31.149000 -1.700666 -2.008747 10.326546  0.064054 -0.052835  0.138020  0.000000 -0.000000  0.000000 0.000000 0.000000 0.000000
31.183000 -1.580196 -1.969237 10.394609  0.065496 -0.053942  0.137722  0.000000 -0.000000  0.000000 0.000000 0.000000 0.000000
31.217000 -1.480813 -1.920692 10.339270  0.066432 -0.054190  0.136983  0.000000 -0.000000  0.000000 0.000000 0.000000 0.000000
31.251000 -1.415499 -1.822650 10.157778  0.067080 -0.055205  0.133899  0.000000 -0.000000  0.000000 0.000000 0.000000 0.000000
31.285000 -1.297224 -1.681694 10.070459  0.067802 -0.055755  0.128267  0.000000 -0.000000  0.000000 0.000000 0.000000 0.000000
31.320000 -1.243563 -1.515343 10.209383  0.068656 -0.056217  0.121808  0.000000 -0.000000  0.000000 0.000000 0.000000 0.000000
31.353000 -1.150465 -1.300117 10.532730  0.068634 -0.056584  0.116736  0.000000 -0.000000  0.000000 0.000000 0.000000 0.000000
31.387000 -1.103159 -1.104136 10.954827  0.067872 -0.056359  0.114416  0.000000 -0.000000  0.000000 0.000000 0.000000 0.000000
31.422000 -1.075229 -0.861519 11.496224  0.067709 -0.056109  0.115045  0.000000 -0.000000  0.000000 0.000000 0.000000 0.000000
31.456000 -1.032765 -0.678254 12.057939  0.066459 -0.055240  0.118759  0.000000 -0.000000  0.000000 0.000000 0.000000 0.000000
31.489000 -0.938279 -0.428710 12.712617  0.065222 -0.054422  0.125405  0.000000 -0.000000  0.000000 0.000000 0.000000 0.000000
31.524000 -0.889387 -0.204835 13.517792  0.063869 -0.053392  0.135745  0.000000 -0.000000  0.000000 0.000000 0.000000 0.000000
31.558000 -0.811395  0.013498 14.369905  0.062033 -0.052053  0.146518  0.000000 -0.000000  0.000000 0.000000 0.000000 0.000000
31.592000 -0.738671  0.218914 15.312520  0.059961 -0.050836  0.158859  0.000000 -0.000000  0.000000 0.000000 0.000000 0.000000
31.627000 -0.621309  0.401958 16.291575  0.058380 -0.049488  0.172243  0.000000 -0.000000  0.000000 0.000000 0.000000 0.000000
31.659000 -0.538608  0.565528 17.270698  0.056931 -0.048629  0.185441  0.000000 -0.000000  0.000000 0.000000 0.000000 0.000000
31.693000 -0.461214  0.695231 18.326124  0.056034 -0.047597  0.199239  0.000000 -0.000000  0.000000 0.000000 0.000000 0.000000
31.727000 -0.315002  0.842933 19.467887  0.054533 -0.045877  0.215720  0.000000 -0.000000  0.000000 0.000000 0.000000 0.000000
31.761000 -0.302026  0.918452 20.656476  0.052857 -0.044220  0.233144  0.000000 -0.000000  0.000000 0.000000 0.000000 0.000000
31.796000 -0.286477  0.990606 22.036415  0.051565 -0.042803  0.252138  0.000000 -0.000000  0.000000 0.000000 0.000000 0.000000
31.829000 -0.238124  1.032631 23.164322  0.050341 -0.040708  0.272776  0.000000 -0.000000  0.000000 0.000000 0.000000 0.000000
31.863000 -0.220839  1.061519 24.464346  0.049626 -0.038395  0.294854  0.000000 -0.000000  0.000000 0.000000 0.000000 0.000000
31.902000 -0.206759  1.062501 25.901809  0.048011 -0.035408  0.321288  0.000000 -0.000000  0.000000 0.000000 0.000000 0.000000
31.931000 -0.161253  1.031586 27.094614  0.047130 -0.032577  0.342508  0.000000 -0.000000  0.000000 0.000000 0.000000 0.000000
31.966000 -0.140599  0.990208 28.512591  0.046107 -0.029295  0.369409  0.000000 -0.000000  0.000000 0.000000 0.000000 0.000000
32.000000 -0.066576  0.916560 30.008936  0.046343 -0.026737  0.396578  0.000000 -0.000000  0.000000 0.000000 0.000000 0.000000
32.034000  0.000673  0.838680 31.420324  0.046157 -0.024293  0.424630  0.000000 -0.000000  0.000000 0.000000 0.000000 0.000000
32.067000  0.079374  0.738388 32.923675  0.046329 -0.021599  0.452810  0.000000 -0.000000  0.000000 0.000000 0.000000 0.000000
32.101000  0.110687  0.616624 34.437899  0.045847 -0.019055  0.482553  0.000000 -0.000000  0.000000 0.000000 0.000000 0.000000
32.135000  0.153358  0.493067 35.971686  0.045370 -0.016236  0.512763  0.000000 -0.000000  0.000000 0.000000 0.000000 0.000000
32.169000  0.090769  0.386605 37.500705  0.045479 -0.014611  0.543014  0.000000 -0.000000  0.000000 0.000000 0.000000 0.000000
32.205000  0.143632  0.278407 39.156131  0.046164 -0.011386  0.575461  0.000000 -0.000000  0.000000 0.000000 0.000000 0.000000
32.239000  0.103116  0.228749 40.606788  0.046265 -0.008493  0.607287  0.000000 -0.000000  0.000000 0.000000 0.000000 0.000000
32.273000  0.053704  0.157578 42.178149  0.046648 -0.005731  0.638917  0.000000 -0.000000  0.000000 0.000000 0.000000 0.000000
32.306000  0.025894  0.095873 43.777284  0.047360 -0.003260  0.670098  0.000000 -0.000000  0.000000 0.000000 0.000000 0.000000
32.340000  0.009185  0.024242 45.359854  0.048207 -0.000771  0.702654  0.000000 -0.000000  0.000000 0.000000 0.000000 0.000000
32.374000 -0.068762 -0.023595 47.016254 0.049723 0.001270 0.734100  0.000000 -0.000000  0.000000 0.000000 0.000000 0.000000
32.408000 -0.097830 -0.093716 48.580587 0.050050 0.003549 0.766123  0.000000 -0.000000  0.000000 0.000000 0.000000 0.000000
32.443000 -0.168341 -0.160398 50.177098 0.050332 0.005963 0.799153  0.000000 -0.000000  0.000000 0.000000 0.000000 0.000000
32.476000 -0.252462 -0.202469 51.694400 0.051339 0.009203 0.829262  0.000000 -0.000000  0.000000 0.000000 0.000000 0.000000
32.510000 -0.340312 -0.225040 53.216846 0.052710 0.011780 0.859643  0.000000 -0.000000  0.000000 0.000000 0.000000 0.000000
32.545000 -0.366391 -0.265277 54.812428 0.053324 0.014438 0.891017  0.000000 -0.000000  0.000000 0.000000 0.000000 0.000000
32.579000 -0.312758 -0.395815 56.525223 0.052659 0.015079 0.921647  0.000000 -0.000000  0.000000 0.000000 0.000000 0.000000
32.611000 -0.418202 -0.419841 57.757206 0.052692 0.017068 0.948385  0.000000 -0.000000  0.000000 0.000000 0.000000 0.000000
32.646000 -0.415521 -0.464762 59.288534 0.053866 0.019287 0.977532  0.000000 -0.000000  0.000000 0.000000 0.000000 0.000000
32.680000 -0.453115 -0.421020 60.724000 0.054216 0.021944 1.004301  0.000000 -0.000000  0.000000 0.000000 0.000000 0.000000
32.714000 -0.414295 -0.442271 62.173808 0.055479 0.024474 1.029355  0.000000 -0.000000  0.000000 0.000000 0.000000 0.000000
32.748000 -0.422481 -0.424074 63.557862 0.055714 0.027358 1.053747  0.000000 -0.000000  0.000000 0.000000 0.000000 0.000000
32.782000 -0.444715 -0.426357 64.887613 0.056897 0.029417 1.076362  0.000000 -0.000000  0.000000 0.000000 0.000000 0.000000
32.816000 -0.440697 -0.473017 66.286801 0.057860 0.030764 1.096763  0.000000 -0.000000  0.000000 0.000000 0.000000 0.000000
32.851000 -0.419787 -0.544239 67.511488 0.059082 0.033239 1.115231  0.000000 -0.000000  0.000000 0.000000 0.000000 0.000000
32.885000 -0.420601 -0.628168 68.869511 0.059098 0.035318 1.133370  0.000000 -0.000000  0.000000 0.000000 0.000000 0.000000
32.919000 -0.291322 -0.812623 70.086938 0.061497 0.038533 1.153953  0.000000 -0.000000  0.000000 0.000000 0.000000 0.000000
32.953000 -0.392276 -0.815452 71.525504 0.061445 0.039833 1.170587  0.000000 -0.000000  0.000000 0.000000 0.000000 0.000000
32.986000 -0.404663 -0.911832 72.792543 0.060946 0.040527 1.183767  0.000000 -0.000000  0.000000 0.000000 0.000000 0.000000
33.021000 -0.458087 -1.058910 74.044692 0.060512 0.040698 1.196137  0.000000 -0.000000  0.000000 0.000000 0.000000 0.000000
33.061000 -0.411618 -1.221663 75.282571 0.060909 0.041520 1.208540  0.000000 -0.000000  0.000000 0.000000 0.000000 0.000000
33.093000 -0.490710 -1.135711 76.670644 0.061522 0.042590 1.218520  0.000000 -0.000000  0.000000 0.000000 0.000000 0.000000
33.130000 -0.566959 -0.955736 78.636752 0.061195 0.043590 1.230693  0.000000 -0.000000  0.000000 0.000000 0.000000 0.000000
33.163000 -0.521943 -0.882503 80.168621 0.060259 0.044411 1.245694  0.000000 -0.000000  0.000000 0.000000 0.000000 0.000000
33.198000 -0.465142 -0.843870 81.250321 0.060332 0.043959 1.260247  0.000000 -0.000000  0.000000 0.000000 0.000000 0.000000
33.231000 -0.305836 -0.909634 81.770014 0.059952 0.044358 1.270533  0.000000 -0.000000  0.000000 0.000000 0.000000 0.000000
33.265000 -0.165313 -1.005821 82.156394 0.061049 0.043853 1.275301  0.000000 -0.000000  0.000000 0.000000 0.000000 0.000000
33.302000 -0.009691 -1.171570 82.862963 0.061347 0.042443 1.276729  0.000000 -0.000000  0.000000 0.000000 0.000000 0.000000
33.341000  0.118793 -1.286573 83.831768 0.061470 0.041384 1.274894  0.000000 -0.000000  0.000000 0.000000 0.000000 0.000000
33.373000  0.221275 -1.401459 84.599652 0.061421 0.040566 1.272558  0.000000 -0.000000  0.000000 0.000000 0.000000 0.000000
33.408000  0.287968 -1.425376 85.160212 0.062210 0.039912 1.268900  0.000000 -0.000000  0.000000 0.000000 0.000000 0.000000
33.444000  0.465042 -1.575785 85.524080 0.063141 0.039417 1.266902  0.000000 -0.000000  0.000000 0.000000 0.000000 0.000000
33.478000  0.528545 -1.660941 85.980005 0.063497 0.036782 1.261757  0.000000 -0.000000  0.000000 0.000000 0.000000 0.000000
33.512000  0.603262 -1.800467 86.267163 0.063380 0.034693 1.255306  0.000000 -0.000000  0.000000 0.000000 0.000000 0.000000
33.550000  0.676443 -1.951554 86.519995 0.063797 0.031733 1.245731  0.000000 -0.000000  0.000000 0.000000 0.000000 0.000000
33.583000  0.732814 -2.085714 86.757819 0.064264 0.029089 1.236808  0.000000 -0.000000  0.000000 0.000000 0.000000 0.000000
33.616000  0.818876 -2.208379 86.894268 0.065487 0.025551 1.227738  0.000000 -0.000000  0.000000 0.000000 0.000000 0.000000
33.652000  0.936115 -2.343858 86.872468 0.066551 0.022443 1.217472  0.000000 -0.000000  0.000000 0.000000 0.000000 0.000000
33.684000  0.978064 -2.434326 86.969094 0.067729 0.018349 1.207958  0.000000 -0.000000  0.000000 0.000000 0.000000 0.000000
33.720000  1.091570 -2.536952 86.978695 0.069177 0.013716 1.197240  0.000000 -0.000000  0.000000 0.000000 0.000000 0.000000
33.752000  1.173722 -2.662977 86.950493 0.070991 0.009088 1.186820  0.000000 -0.000000  0.000000 0.000000 0.000000 0.000000
33.788000  1.263451 -2.744745 86.827639 0.073435 0.003748 1.174127  0.000000 -0.000000  0.000000 0.000000 0.000000 0.000000
33.821000  1.346312 -2.812160 86.680109  0.075123 -0.001905  1.162888  0.000000 -0.000000  0.000000 0.000000 0.000000 0.000000
33.856000  1.422826 -2.939439 86.483006  0.078036 -0.008297  1.150028  0.000000 -0.000000  0.000000 0.000000 0.000000 0.000000
33.888000  1.488167 -3.034010 86.238018  0.080415 -0.014633  1.138788  0.000000 -0.000000  0.000000 0.000000 0.000000 0.000000
33.925000  1.574210 -3.131324 85.934249  0.083620 -0.022224  1.124542  0.000000 -0.000000  0.000000 0.000000 0.000000 0.000000
33.962000  1.721892 -3.317061 85.521404  0.085986 -0.030318  1.113711  0.000000 -0.000000  0.000000 0.000000 0.000000 0.000000
34.011000  1.747326 -3.351982 85.000659  0.091177 -0.043095  1.094211  0.000000 -0.000000  0.000000 0.000000 0.000000 0.000000
34.061000  1.876464 -3.450934 84.355185  0.098407 -0.057864  1.073191  0.000000 -0.000000  0.000000 0.000000 0.000000 0.000000
34.100000  2.066147 -3.611574 83.702302  0.105031 -0.069410  1.058015  0.000000 -0.000000  0.000000 0.000000 0.000000 0.000000
34.139000  2.119357 -3.646251 83.072436  0.111167 -0.083654  1.041459  0.000000 -0.000000  0.000000 0.000000 0.000000 0.000000
34.183000  2.142508 -3.665355 82.254328  0.118299 -0.099788  1.023228  0.000000 -0.000000  0.000000 0.000000 0.000000 0.000000
34.216000  2.145741 -3.652704 81.614399  0.124345 -0.113024  1.009712  0.000000 -0.000000  0.000000 0.000000 0.000000 0.000000
34.250000  2.099504 -3.570427 80.891421  0.130921 -0.127744  0.996663  0.000000 -0.000000  0.000000 0.000000 0.000000 0.000000
34.284000  2.082235 -3.474392 80.146839  0.137711 -0.143198  0.984492  0.000000 -0.000000  0.000000 0.000000 0.000000 0.000000
34.320000  2.043937 -3.366229 79.312703  0.144487 -0.160015  0.971542  0.000000 -0.000000  0.000000 0.000000 0.000000 0.000000
34.353000  2.026966 -3.267039 78.528052  0.151267 -0.176092  0.960941  0.000000 -0.000000  0.000000 0.000000 0.000000 0.000000
34.388000  1.984233 -3.112987 77.651844  0.158668 -0.193336  0.949076  0.000000 -0.000000  0.000000 0.000000 0.000000 0.000000
34.421000  1.994490 -2.947698 76.787595  0.166484 -0.210173  0.940193  0.000000 -0.000000  0.000000 0.000000 0.000000 0.000000
34.455000  1.987198 -2.796446 75.824114  0.175759 -0.228358  0.929882  0.000000 -0.000000  0.000000 0.000000 0.000000 0.000000
34.489000  1.995167 -2.647759 74.848929  0.184152 -0.247239  0.918872  0.000000 -0.000000  0.000000 0.000000 0.000000 0.000000
34.526000  2.038717 -2.559032 73.756683  0.194220 -0.268926  0.907939  0.000000 -0.000000  0.000000 0.000000 0.000000 0.000000
34.570000  2.083810 -2.453771 72.442864  0.205600 -0.296124  0.896906  0.000000 -0.000000  0.000000 0.000000 0.000000 0.000000
34.617000  2.104350 -2.324634 70.866379  0.218781 -0.325256  0.884080  0.000000 -0.000000  0.000000 0.000000 0.000000 0.000000
34.664000  2.151248 -2.202879 69.265973  0.233053 -0.356311  0.872913  0.000000 -0.000000  0.000000 0.000000 0.000000 0.000000
34.697000  2.158625 -2.085518 68.112604  0.243063 -0.378812  0.865661  0.000000 -0.000000  0.000000 0.000000 0.000000 0.000000
34.732000  2.145406 -1.961254 66.871118  0.254098 -0.403755  0.858128  0.000000 -0.000000  0.000000 0.000000 0.000000 0.000000
34.772000  2.113078 -1.807388 65.441105  0.267248 -0.431994  0.849044  0.000000 -0.000000  0.000000 0.000000 0.000000 0.000000
34.807000  2.084953 -1.644057 64.026411  0.278600 -0.456774  0.842894  0.000000 -0.000000  0.000000 0.000000 0.000000 0.000000
34.843000  2.051051 -1.523685 62.660957  0.290587 -0.483617  0.837375  0.000000 -0.000000  0.000000 0.000000 0.000000 0.000000
34.885000  1.981468 -1.378318 61.067394  0.305429 -0.515671  0.831822  0.000000 -0.000000  0.000000 0.000000 0.000000 0.000000
34.921000  1.934085 -1.226079 59.620537  0.318647 -0.543866  0.828281  0.000000 -0.000000  0.000000 0.000000 0.000000 0.000000
34.954000  1.888775 -1.095170 58.290846  0.330677 -0.570122  0.826292  0.000000 -0.000000  0.000000 0.000000 0.000000 0.000000
34.988000  1.766656 -0.957250 56.904392  0.343195 -0.597394  0.824135  0.000000 -0.000000  0.000000 0.000000 0.000000 0.000000
35.022000  1.654369 -0.811106 55.463264  0.356340 -0.625410  0.822453  0.000000 -0.000000  0.000000 0.000000 0.000000 0.000000
35.056000  1.571173 -0.707124 53.990532  0.369566 -0.653641  0.822035  0.000000 -0.000000  0.000000 0.000000 0.000000 0.000000
35.090000  1.452998 -0.584945 52.546908  0.382376 -0.682204  0.822074  0.000000 -0.000000  0.000000 0.000000 0.000000 0.000000
35.125000  1.257834 -0.476002 50.963342  0.395577 -0.711249  0.822149  0.000000 -0.000000  0.000000 0.000000 0.000000 0.000000
35.160000  1.207668 -0.387885 49.351020  0.409376 -0.741245  0.822800  0.000000 -0.000000  0.000000 0.000000 0.000000 0.000000
35.194000  1.133005 -0.294068 47.903451  0.422787 -0.770753  0.823499  0.000000 -0.000000  0.000000 0.000000 0.000000 0.000000
35.229000  0.964811 -0.184113 46.126136  0.436875 -0.801584  0.824912  0.000000 -0.000000  0.000000 0.000000 0.000000 0.000000
35.263000  0.864518 -0.087934 44.491786  0.450566 -0.831243  0.827234  0.000000 -0.000000  0.000000 0.000000 0.000000 0.000000
35.301000  0.740693  0.013050 42.667377  0.467077 -0.864680  0.830264  0.000000 -0.000000  0.000000 0.000000 0.000000 0.000000
35.334000  0.607819  0.096055 40.980430  0.481932 -0.894399  0.833068  0.000000 -0.000000  0.000000 0.000000 0.000000 0.000000
35.368000  0.471731  0.162158 39.359365  0.496663 -0.925325  0.837067  0.000000 -0.000000  0.000000 0.000000 0.000000 0.000000
35.402000  0.341003  0.205046 37.519319  0.510613 -0.956086  0.841038  0.000000 -0.000000  0.000000 0.000000 0.000000 0.000000
35.436000  0.138946  0.209174 35.847444  0.525388 -0.987292  0.845716  0.000000 -0.000000  0.000000 0.000000 0.000000 0.000000
35.470000 -0.065337  0.228095 34.029239  0.540681 -1.017674  0.851638  0.000000 -0.000000  0.000000 0.000000 0.000000 0.000000
35.504000 -0.238508  0.232640 32.290012  0.555842 -1.048351  0.857807  0.000000 -0.000000  0.000000 0.000000 0.000000 0.000000
35.539000 -0.447466  0.225247 30.379431  0.571332 -1.079899  0.865156  0.000000 -0.000000  0.000000 0.000000 0.000000 0.000000
35.574000 -0.639280  0.190712 28.475554  0.586335 -1.111107  0.872701  0.000000 -0.000000  0.000000 0.000000 0.000000 0.000000
35.610000 -0.802400  0.128780 26.440156  0.602308 -1.143584  0.881679  0.000000 -0.000000  0.000000 0.000000 0.000000 0.000000
35.646000 -0.933002  0.063857 24.476880  0.618034 -1.176174  0.890401  0.000000 -0.000000  0.000000 0.000000 0.000000 0.000000
35.679000 -1.021909  0.008112 22.553517  0.632938 -1.205845  0.898501  0.000000 -0.000000  0.000000 0.000000 0.000000 0.000000
35.717000 -1.111575 -0.059186 20.464283  0.651174 -1.239529  0.908347  0.000000 -0.000000  0.000000 0.000000 0.000000 0.000000
35.749000 -1.223697 -0.133959 18.601806  0.666248 -1.267258  0.917533  0.000000 -0.000000  0.000000 0.000000 0.000000 0.000000
35.784000 -1.261409 -0.206521 16.628300  0.681365 -1.298185  0.926101  0.000000 -0.000000  0.000000 0.000000 0.000000 0.000000
35.817000 -1.251306 -0.310527 14.540796  0.697315 -1.327337  0.934866  0.000000 -0.000000  0.000000 0.000000 0.000000 0.000000
35.856000 -1.266632 -0.437040 12.311161  0.714246 -1.360861  0.944839  0.000000 -0.000000  0.000000 0.000000 0.000000 0.000000
35.888000 -1.319439 -0.583567 10.309163  0.729035 -1.388645  0.955559  0.000000 -0.000000  0.000000 0.000000 0.000000 0.000000
35.922000 -1.390220 -0.724742  8.269596  0.743259 -1.417729  0.966820  0.000000 -0.000000  0.000000 0.000000 0.000000 0.000000
35.953000 -1.405279 -0.864914  6.319506  0.756253 -1.444865  0.975494  0.000000 -0.000000  0.000000 0.000000 0.000000 0.000000
35.989000 -1.439115 -0.996855  4.119517  0.771308 -1.475655  0.987537  0.000000 -0.000000  0.000000 0.000000 0.000000 0.000000
36.024000 -1.564066 -1.122920  2.001627  0.785650 -1.504777  0.998526  0.000000 -0.000000  0.000000 0.000000 0.000000 0.000000
36.057000 -1.746806 -1.267481  0.091113  0.799622 -1.532261  1.009720  0.000000 -0.000000  0.000000 0.000000 0.000000 0.000000
36.101000 -1.849052 -1.389929 -2.665500  0.817423 -1.568297  1.024567  0.000000 -0.000000  0.000000 0.000000 0.000000 0.000000
36.136000 -2.031778 -1.551079 -4.844569  0.831726 -1.596628  1.035584  0.000000 -0.000000  0.000000 0.000000 0.000000 0.000000
36.170000 -2.149569 -1.677720 -7.019471  0.844330 -1.624557  1.045658  0.000000 -0.000000  0.000000 0.000000 0.000000 0.000000
36.204000 -2.265957 -1.818677 -8.918607  0.856121 -1.650538  1.057367  0.000000 -0.000000  0.000000 0.000000 0.000000 0.000000
36.238000  -2.534196  -2.067125 -11.123922  0.867895 -1.677158  1.067409  0.000000 -0.000000  0.000000 0.000000 0.000000 0.000000
36.273000  -2.715308  -2.279658 -13.137308  0.880357 -1.704071  1.080993  0.000000 -0.000000  0.000000 0.000000 0.000000 0.000000
36.306000  -2.916287  -2.493327 -15.139931  0.892433 -1.728723  1.093930  0.000000 -0.000000  0.000000 0.000000 0.000000 0.000000
36.342000  -3.111190  -2.725269 -17.259640  0.904110 -1.754784  1.105651  0.000000 -0.000000  0.000000 0.000000 0.000000 0.000000
36.376000  -3.402150  -3.091162 -19.191711  0.915079 -1.778321  1.117191  0.000000 -0.000000  0.000000 0.000000 0.000000 0.000000
36.409000  -3.473262  -3.256795 -21.196426  0.926573 -1.801423  1.130675  0.000000 -0.000000  0.000000 0.000000 0.000000 0.000000
36.444000  -3.613787  -3.438671 -23.240674  0.936571 -1.823993  1.143812  0.000000 -0.000000  0.000000 0.000000 0.000000 0.000000
36.478000  -3.709970  -3.573135 -25.151476  0.947329 -1.845206  1.156883  0.000000 -0.000000  0.000000 0.000000 0.000000 0.000000
36.517000  -3.868019  -3.808879 -27.443688  0.958718 -1.868650  1.171122  0.000000 -0.000000  0.000000 0.000000 0.000000 0.000000
36.551000  -3.929007  -3.923215 -29.382290  0.967587 -1.887872  1.182289  0.000000 -0.000000  0.000000 0.000000 0.000000 0.000000
36.585000  -3.957228  -4.022681 -31.287191  0.976861 -1.906088  1.191944  0.000000 -0.000000  0.000000 0.000000 0.000000 0.000000
36.618000  -3.995289  -4.080337 -33.170731  0.985687 -1.923520  1.202164  0.000000 -0.000000  0.000000 0.000000 0.000000 0.000000
36.652000  -4.042871  -4.162966 -34.964109  0.994985 -1.940618  1.212518  0.000000 -0.000000  0.000000 0.000000 0.000000 0.000000
36.687000  -4.054806  -4.205238 -36.764835  1.003630 -1.956705  1.222113  0.000000 -0.000000  0.000000 0.000000 0.000000 0.000000
36.720000  -4.077303  -4.222102 -38.435172  1.012130 -1.970877  1.229145  0.000000 -0.000000  0.000000 0.000000 0.000000 0.000000
36.756000  -4.077657  -4.212168 -40.144948  1.021817 -1.985717  1.237491  0.000000 -0.000000  0.000000 0.000000 0.000000 0.000000
36.788000  -4.096845  -4.186834 -41.766144  1.030301 -1.997705  1.242278  0.000000 -0.000000  0.000000 0.000000 0.000000 0.000000
36.824000  -4.073938  -4.143539 -43.382707  1.040268 -2.010106  1.250392  0.000000 -0.000000  0.000000 0.000000 0.000000 0.000000
36.858000  -4.026067  -4.108878 -44.959316  1.048973 -2.020279  1.257436  0.000000 -0.000000  0.000000 0.000000 0.000000 0.000000
36.892000  -3.961274  -4.036811 -46.456922  1.056994 -2.029805  1.261951  0.000000 -0.000000  0.000000 0.000000 0.000000 0.000000
36.925000  -3.882262  -4.012703 -47.981807  1.065535 -2.038266  1.265227  0.000000 -0.000000  0.000000 0.000000 0.000000 0.000000
36.959000  -3.759810  -3.861685 -49.347909  1.074827 -2.045650  1.270073  0.000000 -0.000000  0.000000 0.000000 0.000000 0.000000
36.994000  -3.671687  -3.761878 -50.912225  1.083112 -2.052725  1.274988  0.000000 -0.000000  0.000000 0.000000 0.000000 0.000000
37.027000  -3.578209  -3.636769 -52.236849  1.091893 -2.057988  1.275169  0.000000 -0.000000  0.000000 0.000000 0.000000 0.000000
37.062000  -3.467429  -3.432150 -53.586347  1.100593 -2.062952  1.277652  0.000000 -0.000000  0.000000 0.000000 0.000000 0.000000
37.099000  -3.380887  -3.194545 -55.034575  1.109883 -2.067350  1.278655  0.000000 -0.000000  0.000000 0.000000 0.000000 0.000000
37.132000  -3.304157  -2.922451 -56.285832  1.119296 -2.070930  1.279479  0.000000 -0.000000  0.000000 0.000000 0.000000 0.000000
37.166000  -3.218411  -2.720003 -57.457220  1.128736 -2.073948  1.282396  0.000000 -0.000000  0.000000 0.000000 0.000000 0.000000
37.204000  -3.175903  -2.402474 -58.837811  1.139751 -2.076161  1.280580  0.000000 -0.000000  0.000000 0.000000 0.000000 0.000000
37.235000  -3.139936  -2.183312 -59.808589  1.149693 -2.076899  1.283692  0.000000 -0.000000  0.000000 0.000000 0.000000 0.000000
37.270000  -3.124662  -1.919544 -60.967648  1.159805 -2.077209  1.279355  0.000000 -0.000000  0.000000 0.000000 0.000000 0.000000
37.303000  -3.075494  -1.712461 -61.991087  1.170076 -2.076800  1.277146  0.000000 -0.000000  0.000000 0.000000 0.000000 0.000000
37.337000  -3.032465  -1.414047 -63.036325  1.181246 -2.076267  1.271525  0.000000 -0.000000  0.000000 0.000000 0.000000 0.000000
37.371000  -2.938675  -1.205077 -63.972354  1.193205 -2.075438  1.268636  0.000000 -0.000000  0.000000 0.000000 0.000000 0.000000
37.405000  -2.872448  -0.901804 -64.945186  1.204622 -2.075042  1.263034  0.000000 -0.000000  0.000000 0.000000 0.000000 0.000000
37.438000  -2.799025  -0.671542 -65.804532  1.216491 -2.073715  1.257262  0.000000 -0.000000  0.000000 0.000000 0.000000 0.000000
37.473000  -2.759630  -0.363501 -66.670683  1.229703 -2.071846  1.245520  0.000000 -0.000000  0.000000 0.000000 0.000000 0.000000
37.508000  -2.715449  -0.197964 -67.455964  1.243560 -2.070109  1.234611  0.000000 -0.000000  0.000000 0.000000 0.000000 0.000000
37.541000  -2.672596   0.057831 -68.216753  1.256532 -2.067884  1.226573  0.000000 -0.000000  0.000000 0.000000 0.000000 0.000000
37.574000  -2.581771   0.239161 -68.953760  1.270179 -2.065180  1.219187  0.000000 -0.000000  0.000000 0.000000 0.000000 0.000000
37.609000  -2.477484   0.386725 -69.694738  1.275981 -2.067395  1.230464  0.000000 -0.000000  0.000000 0.000000 0.000000 0.000000
37.643000  -2.379067   0.580964 -70.342430  1.292298 -2.063435  1.220629  0.000000 -0.000000  0.000000 0.000000 0.000000 0.000000
37.676000  -2.447066   0.755328 -71.006555  1.308144 -2.059532  1.210478  0.000000 -0.000000  0.000000 0.000000 0.000000 0.000000
37.711000  -2.661376   0.910698 -71.615074  1.325807 -2.055259  1.198148  0.000000 -0.000000  0.000000 0.000000 0.000000 0.000000
37.745000  -2.730055   1.127809 -72.195257  1.342424 -2.051249  1.184990  0.000000 -0.000000  0.000000 0.000000 0.000000 0.000000
37.779000  -2.730372   1.370410 -72.743972  1.360440 -2.047351  1.170258  0.000000 -0.000000  0.000000 0.000000 0.000000 0.000000
37.813000  -2.660301   1.619750 -73.269382  1.379058 -2.044329  1.155046  0.000000 -0.000000  0.000000 0.000000 0.000000 0.000000
37.848000  -2.471694   1.838856 -73.796749  1.398989 -2.041094  1.139683  0.000000 -0.000000  0.000000 0.000000 0.000000 0.000000
37.886000  -2.198991   2.095249 -74.312555  1.422107 -2.038893  1.122111  0.000000 -0.000000  0.000000 0.000000 0.000000 0.000000
37.919000  -1.909447   2.378242 -74.714136  1.441858 -2.036672  1.103917  0.000000 -0.000000  0.000000 0.000000 0.000000 0.000000
37.952000  -1.641655   2.686631 -75.133449  1.460969 -2.034589  1.081004  0.000000 -0.000000  0.000000 0.000000 0.000000 0.000000
37.992000  -1.100229   2.631530 -75.482238  1.485359 -2.032971  1.063518  0.000000 -0.000000  0.000000 0.000000 0.000000 0.000000
38.037000  -0.594955   2.714752 -75.873390  1.512457 -2.032106  1.043002  0.000000 -0.000000  0.000000 0.000000 0.000000 0.000000
38.070000  -0.224894   2.786646 -76.117880  1.533298 -2.032298  1.032644  0.000000 -0.000000  0.000000 0.000000 0.000000 0.000000
38.104000   0.032054   3.210986 -76.320131  1.553916 -2.032471  1.025248  0.000000 -0.000000  0.000000 0.000000 0.000000 0.000000
38.144000   0.310000   2.987515 -76.609992  1.579697 -2.034300  1.012009  0.000000 -0.000000  0.000000 0.000000 0.000000 0.000000
38.179000   0.424512   3.069886 -76.782505  1.602137 -2.036548  1.000876  0.000000 -0.000000  0.000000 0.000000 0.000000 0.000000
38.215000   0.484666   3.111414 -76.943763  1.625049 -2.038611  0.981032  0.000000 -0.000000  0.000000 0.000000 0.000000 0.000000
38.250000   0.547639   3.093425 -77.057775  1.648267 -2.042099  0.966179  0.000000 -0.000000  0.000000 0.000000 0.000000 0.000000
38.284000   0.566686   3.073987 -77.154590  1.670104 -2.045265  0.954917  0.000000 -0.000000  0.000000 0.000000 0.000000 0.000000
38.324000   0.562183   3.026315 -77.259086  1.696021 -2.049820  0.940244  0.000000 -0.000000  0.000000 0.000000 0.000000 0.000000
38.359000   0.507617   3.010101 -77.338435  1.719021 -2.053106  0.927343  0.000000 -0.000000  0.000000 0.000000 0.000000 0.000000
38.394000   0.467986   2.964976 -77.359354  1.742312 -2.059150  0.916932  0.000000 -0.000000  0.000000 0.000000 0.000000 0.000000
38.427000   0.431811   3.028007 -77.357323  1.764935 -2.065056  0.905928  0.000000 -0.000000  0.000000 0.000000 0.000000 0.000000
38.463000   0.392376   3.019783 -77.310161  1.789588 -2.072256  0.895147  0.000000 -0.000000  0.000000 0.000000 0.000000 0.000000
38.495000   0.357847   3.120554 -77.277149  1.811583 -2.079154  0.884876  0.000000 -0.000000  0.000000 0.000000 0.000000 0.000000
38.530000   0.331538   3.127296 -77.223423  1.835621 -2.087312  0.873726  0.000000 -0.000000  0.000000 0.000000 0.000000 0.000000
38.564000   0.359178   3.068177 -77.153320  1.859290 -2.095728  0.867049  0.000000 -0.000000  0.000000 0.000000 0.000000 0.000000
38.598000   0.380655   3.028993 -77.042459  1.882721 -2.104769  0.855475  0.000000 -0.000000  0.000000 0.000000 0.000000 0.000000
38.633000   0.423504   2.864130 -76.862082  1.905310 -2.115288  0.838215  0.000000 -0.000000  0.000000 0.000000 0.000000 0.000000
38.667000   0.456902   2.882539 -76.761835  1.928088 -2.125928  0.825788  0.000000 -0.000000  0.000000 0.000000 0.000000 0.000000
38.701000   0.457839   2.884500 -76.604718  1.952894 -2.136930  0.810920  0.000000 -0.000000  0.000000 0.000000 0.000000 0.000000
38.735000   0.457481   2.751939 -76.418140  1.976598 -2.148881  0.800312  0.000000 -0.000000  0.000000 0.000000 0.000000 0.000000
38.769000   0.466950   2.790227 -76.197109  1.999780 -2.161011  0.791237  0.000000 -0.000000  0.000000 0.000000 0.000000 0.000000
38.802000   0.507806   2.698802 -75.971720  2.023533 -2.173651  0.785817  0.000000 -0.000000  0.000000 0.000000 0.000000 0.000000
38.836000   0.520106   2.500835 -75.776953  2.047288 -2.187326  0.780196  0.000000 -0.000000  0.000000 0.000000 0.000000 0.000000
38.870000   0.562050   2.473094 -75.552588  2.071480 -2.201350  0.774917  0.000000 -0.000000  0.000000 0.000000 0.000000 0.000000
38.904000   0.606936   2.309992 -75.319786  2.096007 -2.215720  0.770601  0.000000 -0.000000  0.000000 0.000000 0.000000 0.000000
38.938000   0.635079   2.231581 -75.059477  2.119536 -2.231064  0.764463  0.000000 -0.000000  0.000000 0.000000 0.000000 0.000000
38.972000   0.692133   2.100234 -74.741968  2.143175 -2.246397  0.758775  0.000000 -0.000000  0.000000 0.000000 0.000000 0.000000
39.007000   0.721265   1.893192 -74.480095  2.167836 -2.263158  0.752566  0.000000 -0.000000  0.000000 0.000000 0.000000 0.000000
39.040000   0.715130   1.742860 -74.165612  2.190087 -2.279641  0.744708  0.000000 -0.000000  0.000000 0.000000 0.000000 0.000000
39.074000   0.687625   1.547038 -73.878260  2.214373 -2.296584  0.737544  0.000000 -0.000000  0.000000 0.000000 0.000000 0.000000
39.108000   0.662864   1.398711 -73.579518  2.238396 -2.313500  0.733604  0.000000 -0.000000  0.000000 0.000000 0.000000 0.000000
39.142000   0.633555   1.295391 -73.246441  2.262169 -2.330306  0.728075  0.000000 -0.000000  0.000000 0.000000 0.000000 0.000000
39.176000   0.565448   1.136571 -72.907632  2.286645 -2.347365  0.722644  0.000000 -0.000000  0.000000 0.000000 0.000000 0.000000
39.210000   0.518213   0.981799 -72.573571  2.310981 -2.365171  0.719655  0.000000 -0.000000  0.000000 0.000000 0.000000 0.000000
39.244000   0.501286   0.946086 -72.214268  2.335786 -2.383082  0.718862  0.000000 -0.000000  0.000000 0.000000 0.000000 0.000000
39.282000   0.478092   0.887861 -71.843445  2.362959 -2.404228  0.716030  0.000000 -0.000000  0.000000 0.000000 0.000000 0.000000
39.314000   0.497048   0.779814 -71.506362  2.384833 -2.422502  0.710805  0.000000 -0.000000  0.000000 0.000000 0.000000 0.000000
39.352000   0.454681   0.392747 -71.190645  2.413080 -2.444093  0.709670  0.000000 -0.000000  0.000000 0.000000 0.000000 0.000000
39.386000   0.429911   0.329769 -70.778039  2.436977 -2.462498  0.706689  0.000000 -0.000000  0.000000 0.000000 0.000000 0.000000
39.418000   0.396846  -0.004680 -70.411557  2.459460 -2.480560  0.705943  0.000000 -0.000000  0.000000 0.000000 0.000000 0.000000
39.452000   0.347620  -0.169299 -70.059997  2.483232 -2.499371  0.704359  0.000000 -0.000000  0.000000 0.000000 0.000000 0.000000
39.486000   0.298639  -0.457208 -69.713930  2.508155 -2.518708  0.706281  0.000000 -0.000000  0.000000 0.000000 0.000000 0.000000
39.524000   0.214255  -0.572256 -69.216801  2.534269 -2.539738  0.703154  0.000000 -0.000000  0.000000 0.000000 0.000000 0.000000
39.556000   0.136561  -0.768027 -68.842414  2.556499 -2.557700  0.700362  0.000000 -0.000000  0.000000 0.000000 0.000000 0.000000
39.591000  -0.002657  -0.909110 -68.384294  2.580473 -2.577610  0.697284  0.000000 -0.000000  0.000000 0.000000 0.000000 0.000000
39.626000  -0.181553  -1.110073 -67.927575  2.605059 -2.597797  0.694412  0.000000 -0.000000  0.000000 0.000000 0.000000 0.000000
39.660000  -0.382960  -1.218537 -67.494178  2.628779 -2.617040  0.689362  0.000000 -0.000000  0.000000 0.000000 0.000000 0.000000
39.698000  -0.577930  -1.319956 -67.028249  2.655392 -2.637549  0.685349  0.000000 -0.000000  0.000000 0.000000 0.000000 0.000000
39.738000  -0.856504  -1.479840 -66.546316  2.683542 -2.658773  0.682051  0.000000 -0.000000  0.000000 0.000000 0.000000 0.000000
39.772000  -1.015633  -1.518686 -66.100745  2.707357 -2.676383  0.681524  0.000000 -0.000000  0.000000 0.000000 0.000000 0.000000
39.803000  -1.232278  -1.623724 -65.726649  2.730302 -2.691778  0.680190  0.000000 -0.000000  0.000000 0.000000 0.000000 0.000000
39.840000  -1.412714  -1.637277 -65.226825  2.757137 -2.710358  0.679387  0.000000 -0.000000  0.000000 0.000000 0.000000 0.000000
39.878000  -1.574273  -1.665939 -64.783410  2.784583 -2.728713  0.677464  0.000000 -0.000000  0.000000 0.000000 0.000000 0.000000
39.909000  -1.697950  -1.783071 -64.401890  2.807594 -2.743597  0.675116  0.000000 -0.000000  0.000000 0.000000 0.000000 0.000000
39.944000  -1.817911  -1.851752 -63.982275  2.832683 -2.760676  0.670967  0.000000 -0.000000  0.000000 0.000000 0.000000 0.000000
39.978000  -1.874089  -1.843985 -63.564943  2.857452 -2.776785  0.667833  0.000000 -0.000000  0.000000 0.000000 0.000000 0.000000
40.012000  -1.928384  -1.870234 -63.070431  2.882953 -2.793212  0.667413  0.000000 -0.000000  0.000000 0.000000 0.000000 0.000000
40.045000  -2.061977  -1.938016 -62.753897  2.907697 -2.808530  0.663431  0.000000 -0.000000  0.000000 0.000000 0.000000 0.000000
40.081000  -2.221579  -1.996696 -62.289187  2.934981 -2.824706  0.660062  0.000000 -0.000000  0.000000 0.000000 0.000000 0.000000
40.112000  -2.343338  -2.062986 -61.908129  2.958538 -2.838115  0.657729  0.000000 -0.000000  0.000000 0.000000 0.000000 0.000000
40.147000  -2.457317  -2.158102 -61.458372  2.985009 -2.851826  0.655212  0.000000 -0.000000  0.000000 0.000000 0.000000 0.000000
40.181000  -2.572822  -2.217153 -61.015496  3.011078 -2.864009  0.651800  0.000000 -0.000000  0.000000 0.000000 0.000000 0.000000
40.216000  -2.638292  -2.204649 -60.602003  3.038707 -2.876204  0.649763  0.000000 -0.000000  0.000000 0.000000 0.000000 0.000000
40.250000  -2.687032  -2.266580 -60.231396  3.065056 -2.887183  0.647200  0.000000 -0.000000  0.000000 0.000000 0.000000 0.000000
40.284000  -2.749764  -2.233613 -59.859544  3.092272 -2.898174  0.644967  0.000000 -0.000000  0.000000 0.000000 0.000000 0.000000
40.320000  -2.768738  -2.124321 -59.387421  3.122043 -2.909293  0.641683  0.000000 -0.000000  0.000000 0.000000 0.000000 0.000000
40.353000  -2.813290  -2.071324 -58.992499  3.149526 -2.918812  0.638779  0.000000 -0.000000  0.000000 0.000000 0.000000 0.000000
40.391000  -2.769415  -1.997347 -58.515204  3.181794 -2.930146  0.634584  0.000000 -0.000000  0.000000 0.000000 0.000000 0.000000
40.426000  -2.748411  -2.009811 -58.121428  3.210048 -2.939696  0.631121  0.000000 -0.000000  0.000000 0.000000 0.000000 0.000000
40.460000  -2.638647  -1.935723 -57.664296  3.238390 -2.948642  0.627030  0.000000 -0.000000  0.000000 0.000000 0.000000 0.000000
40.493000  -2.609007  -1.943903 -57.263124  3.266563 -2.956843  0.623111  0.000000 -0.000000  0.000000 0.000000 0.000000 0.000000
40.527000  -2.599206  -1.961800 -56.943055  3.295804 -2.964754  0.618900  0.000000 -0.000000  0.000000 0.000000 0.000000 0.000000
40.562000  -2.524938  -1.914158 -56.478403  3.325976 -2.971970  0.615071  0.000000 -0.000000  0.000000 0.000000 0.000000 0.000000
40.595000  -2.524792  -1.997420 -56.139430  3.354876 -2.978303  0.612028  0.000000 -0.000000  0.000000 0.000000 0.000000 0.000000
40.630000  -2.522914  -2.044265 -55.736427  3.385659 -2.984479  0.608599  0.000000 -0.000000  0.000000 0.000000 0.000000 0.000000
40.664000  -2.539527  -2.142538 -55.336250  3.415789 -2.989435  0.605692  0.000000 -0.000000  0.000000 0.000000 0.000000 0.000000
40.697000  -2.499314  -2.144465 -55.017869  3.445877 -2.993484  0.602498  0.000000 -0.000000  0.000000 0.000000 0.000000 0.000000
40.731000  -2.469554  -2.176430 -54.577417  3.476891 -2.997289  0.597842  0.000000 -0.000000  0.000000 0.000000 0.000000 0.000000
40.765000  -2.435750  -2.232400 -54.197817  3.508115 -3.001449  0.593367  0.000000 -0.000000  0.000000 0.000000 0.000000 0.000000
40.799000  -2.345316  -2.254392 -53.808611  3.540534 -3.004956  0.588881  0.000000 -0.000000  0.000000 0.000000 0.000000 0.000000
40.833000  -2.249507  -2.324650 -53.463779  3.571655 -3.007617  0.584881  0.000000 -0.000000  0.000000 0.000000 0.000000 0.000000
40.867000  -2.137681  -2.366740 -53.141602  3.603054 -3.009574  0.578751  0.000000 -0.000000  0.000000 0.000000 0.000000 0.000000
40.912000  -1.963368  -2.430535 -52.660673  3.644060 -3.011479  0.571842  0.000000 -0.000000  0.000000 0.000000 0.000000 0.000000
40.959000  -1.820698  -2.458742 -52.068291  3.686736 -3.013235  0.564475  0.000000 -0.000000  0.000000 0.000000 0.000000 0.000000
40.991000  -1.660514  -2.335308 -51.790640  3.717291 -3.012928  0.561278  0.000000 -0.000000  0.000000 0.000000 0.000000 0.000000
41.029000  -1.500520  -2.128492 -51.477691  3.753120 -3.011196  0.556616  0.000000 -0.000000  0.000000 0.000000 0.000000 0.000000
41.061000  -1.507255  -2.280990 -51.046711  3.782684 -3.010142  0.552673  0.000000 -0.000000  0.000000 0.000000 0.000000 0.000000
41.095000  -1.377196  -2.239395 -50.689602  3.814623 -3.009161  0.549186  0.000000 -0.000000  0.000000 0.000000 0.000000 0.000000
41.130000  -1.287330  -2.172612 -50.337904  3.846657 -3.006262  0.545132  0.000000 -0.000000  0.000000 0.000000 0.000000 0.000000
41.163000  -1.225859  -2.145382 -50.010513  3.878131 -3.003485  0.541609  0.000000 -0.000000  0.000000 0.000000 0.000000 0.000000
41.201000  -1.151867  -2.058896 -49.568049  3.912908 -3.000938  0.536960  0.000000 -0.000000  0.000000 0.000000 0.000000 0.000000
41.236000  -1.050248  -1.959853 -49.197022  3.944198 -2.997848  0.530810  0.000000 -0.000000  0.000000 0.000000 0.000000 0.000000
41.271000  -0.973345  -1.856589 -48.880176  3.976072 -2.994397  0.526298  0.000000 -0.000000  0.000000 0.000000 0.000000 0.000000
41.307000  -0.977527  -1.794276 -48.587216  4.008640 -2.990875  0.519039  0.000000 -0.000000  0.000000 0.000000 0.000000 0.000000
41.356000  -0.848091  -1.606650 -48.093894  4.052982 -2.984575  0.510754  0.000000 -0.000000  0.000000 0.000000 0.000000 0.000000
41.386000  -0.848815  -1.462034 -47.796917  4.081152 -2.979404  0.504882  0.000000 -0.000000  0.000000 0.000000 0.000000 0.000000
41.421000  -0.908733  -1.413054 -47.417429  4.113516 -2.974160  0.498588  0.000000 -0.000000  0.000000 0.000000 0.000000 0.000000
41.455000  -0.839194  -1.269716 -47.106877  4.144694 -2.968835  0.493343  0.000000 -0.000000  0.000000 0.000000 0.000000 0.000000
41.489000  -0.769015  -1.190725 -46.806516  4.175894 -2.963314  0.488277  0.000000 -0.000000  0.000000 0.000000 0.000000 0.000000
41.524000  -0.670450  -1.120537 -46.487251  4.207554 -2.957299  0.483034  0.000000 -0.000000  0.000000 0.000000 0.000000 0.000000
41.558000  -0.535591  -1.041248 -46.237116  4.238660 -2.951045  0.479598  0.000000 -0.000000  0.000000 0.000000 0.000000 0.000000
41.592000  -0.466067  -1.018742 -45.876415  4.270760 -2.944775  0.475909  0.000000 -0.000000  0.000000 0.000000 0.000000 0.000000
41.631000  -0.383693  -0.992795 -45.388508  4.306940 -2.937184  0.471016  0.000000 -0.000000  0.000000 0.000000 0.000000 0.000000
41.665000  -0.259555  -0.932938 -45.213481  4.337125 -2.930527  0.467118  0.000000 -0.000000  0.000000 0.000000 0.000000 0.000000
41.699000  -0.256495  -1.066618 -44.824136  4.366403 -2.923264  0.463663  0.000000 -0.000000  0.000000 0.000000 0.000000 0.000000
41.732000  -0.058125  -0.931071 -44.570428  4.396280 -2.915577  0.459875  0.000000 -0.000000  0.000000 0.000000 0.000000 0.000000
41.766000   0.035309  -0.913538 -44.289261  4.426079 -2.908619  0.455800  0.000000 -0.000000  0.000000 0.000000 0.000000 0.000000
41.800000   0.086207  -0.856423 -44.006120  4.456219 -2.901697  0.452709  0.000000 -0.000000  0.000000 0.000000 0.000000 0.000000
41.834000   0.079141  -0.787042 -43.713344  4.484746 -2.895143  0.447302  0.000000 -0.000000  0.000000 0.000000 0.000000 0.000000
41.868000   0.115652  -0.706337 -43.379398  4.514741 -2.888104  0.445100  0.000000 -0.000000  0.000000 0.000000 0.000000 0.000000
41.902000   0.141001  -0.553926 -43.062076  4.545674 -2.881366  0.441155  0.000000 -0.000000  0.000000 0.000000 0.000000 0.000000
41.940000   0.147079  -0.443062 -42.730014  4.580811 -2.873739  0.438921  0.000000 -0.000000  0.000000 0.000000 0.000000 0.000000
41.977000   0.197148  -0.467705 -42.098014  4.615656 -2.865713  0.438283  0.000000 -0.000000  0.000000 0.000000 0.000000 0.000000
42.012000   0.143860  -0.423800 -42.106568  4.648216 -2.857923  0.436565  0.000000 -0.000000  0.000000 0.000000 0.000000 0.000000
42.045000   0.140069  -0.520332 -41.765839  4.677429 -2.850821  0.434472  0.000000 -0.000000  0.000000 0.000000 0.000000 0.000000
42.079000   0.237354  -0.630202 -41.541899  4.707888 -2.843981  0.431360  0.000000 -0.000000  0.000000 0.000000 0.000000 0.000000
42.114000   0.349375  -0.739401 -41.277509  4.738119 -2.836431  0.427843  0.000000 -0.000000  0.000000 0.000000 0.000000 0.000000
42.148000   0.436054  -0.859407 -41.017567  4.766002 -2.829510  0.423205  0.000000 -0.000000  0.000000 0.000000 0.000000 0.000000
42.182000   0.562976  -0.919913 -40.776691  4.794766 -2.822477  0.419207  0.000000 -0.000000  0.000000 0.000000 0.000000 0.000000
42.215000   0.600039  -0.949668 -40.470263  4.822315 -2.815670  0.416454  0.000000 -0.000000  0.000000 0.000000 0.000000 0.000000
42.250000   0.488590  -1.043518 -40.191460  4.851317 -2.809522  0.412647  0.000000 -0.000000  0.000000 0.000000 0.000000 0.000000
42.283000   0.572799  -0.933325 -39.918386  4.879409 -2.803216  0.410518  0.000000 -0.000000  0.000000 0.000000 0.000000 0.000000
42.323000   0.551631  -0.845218 -39.587719  4.914713 -2.794981  0.408572  0.000000 -0.000000  0.000000 0.000000 0.000000 0.000000
42.356000   0.408486  -0.847630 -39.290977  4.943253 -2.789603  0.407089  0.000000 -0.000000  0.000000 0.000000 0.000000 0.000000
42.392000   0.513100  -0.668089 -39.044454  4.975366 -2.782586  0.405502  0.000000 -0.000000  0.000000 0.000000 0.000000 0.000000
42.431000   0.427220  -0.637399 -38.771718  5.009964 -2.775635  0.404693  0.000000 -0.000000  0.000000 0.000000 0.000000 0.000000
42.466000   0.354699  -0.724024 -38.502939  5.040103 -2.769076  0.403823  0.000000 -0.000000  0.000000 0.000000 0.000000 0.000000
42.500000   0.372417  -0.790722 -38.178628  5.069328 -2.762695  0.404121  0.000000 -0.000000  0.000000 0.000000 0.000000 0.000000
42.534000   0.500799  -0.802375 -37.944787  5.097485 -2.757008  0.403413  0.000000 -0.000000  0.000000 0.000000 0.000000 0.000000
42.569000   0.630447  -0.802107 -37.638930  5.127777 -2.750300  0.402171  0.000000 -0.000000  0.000000 0.000000 0.000000 0.000000
42.603000   0.670079  -0.879774 -37.461808  5.155454 -2.743572  0.400982  0.000000 -0.000000  0.000000 0.000000 0.000000 0.000000
42.636000   0.692600  -0.957682 -37.204121  5.182984 -2.737520  0.400446  0.000000 -0.000000  0.000000 0.000000 0.000000 0.000000
42.672000   0.753278  -0.998022 -36.897627  5.212014 -2.731628  0.400242  0.000000 -0.000000  0.000000 0.000000 0.000000 0.000000
42.706000   0.757363  -0.946741 -36.559633  5.241085 -2.725911  0.399685  0.000000 -0.000000  0.000000 0.000000 0.000000 0.000000
42.741000   0.960669  -0.816447 -36.340218  5.269161 -2.719361  0.397171  0.000000 -0.000000  0.000000 0.000000 0.000000 0.000000
42.775000   0.996303  -0.847153 -36.184620  5.295746 -2.713351  0.399337  0.000000 -0.000000  0.000000 0.000000 0.000000 0.000000
42.811000   1.043689  -0.766940 -35.908466  5.323312 -2.707629  0.399599  0.000000 -0.000000  0.000000 0.000000 0.000000 0.000000
42.847000   1.076017  -0.668801 -35.629925  5.351607 -2.701622  0.400984  0.000000 -0.000000  0.000000 0.000000 0.000000 0.000000
42.884000   1.077371  -0.526331 -35.357328  5.380514 -2.695480  0.402899  0.000000 -0.000000  0.000000 0.000000 0.000000 0.000000
42.917000   1.038925  -0.410102 -35.127270  5.406643 -2.691120  0.404245  0.000000 -0.000000  0.000000 0.000000 0.000000 0.000000
42.952000   1.045816  -0.225460 -34.873970  5.433666 -2.686077  0.405406  0.000000 -0.000000  0.000000 0.000000 0.000000 0.000000
42.986000   1.030828  -0.068529 -34.648398  5.458558 -2.682315  0.405445  0.000000 -0.000000  0.000000 0.000000 0.000000 0.000000
43.021000   1.052483   0.110097 -34.425038  5.485088 -2.678494  0.406013  0.000000 -0.000000  0.000000 0.000000 0.000000 0.000000
43.056000   0.963713   0.226536 -34.165529  5.511353 -2.675410  0.406683  0.000000 -0.000000  0.000000 0.000000 0.000000 0.000000
43.088000   0.867543   0.337981 -33.920950  5.534061 -2.672479  0.407461  0.000000 -0.000000  0.000000 0.000000 0.000000 0.000000
43.122000   0.725430   0.419628 -33.659842  5.558185 -2.669480  0.409041  0.000000 -0.000000  0.000000 0.000000 0.000000 0.000000
43.157000   0.635081   0.541690 -33.484806  5.583398 -2.665756  0.409815  0.000000 -0.000000  0.000000 0.000000 0.000000 0.000000
43.192000   0.384208   0.604838 -33.172802  5.610042 -2.662578  0.409369  0.000000 -0.000000  0.000000 0.000000 0.000000 0.000000
43.226000   0.219323   0.706107 -32.986299  5.635504 -2.659125  0.411281  0.000000 -0.000000  0.000000 0.000000 0.000000 0.000000
43.263000   0.222550   0.937175 -32.676369  5.662677 -2.654578  0.414708  0.000000 -0.000000  0.000000 0.000000 0.000000 0.000000
43.296000   0.149002   1.049811 -32.410309  5.687143 -2.651693  0.417328  0.000000 -0.000000  0.000000 0.000000 0.000000 0.000000
43.330000   0.059659   1.131804 -32.253997  5.711896 -2.649208  0.420057  0.000000 -0.000000  0.000000 0.000000 0.000000 0.000000
43.365000   0.075286   1.259561 -32.026649  5.738858 -2.647014  0.423455  0.000000 -0.000000  0.000000 0.000000 0.000000 0.000000
43.398000   0.162888   1.363729 -31.775082  5.765339 -2.645829  0.426171  0.000000 -0.000000  0.000000 0.000000 0.000000 0.000000
43.433000   0.293423   1.483288 -31.602069  5.793264 -2.643960  0.429224  0.000000 -0.000000  0.000000 0.000000 0.000000 0.000000
43.468000   0.396141   1.515386 -31.358855  5.821368 -2.642647  0.432455  0.000000 -0.000000  0.000000 0.000000 0.000000 0.000000
43.503000   0.388606   1.486541 -31.164348  5.848790 -2.641672  0.434758  0.000000 -0.000000  0.000000 0.000000 0.000000 0.000000
43.539000   0.571912   1.404412 -30.893335  5.877637 -2.641242  0.437919  0.000000 -0.000000  0.000000 0.000000 0.000000 0.000000
43.571000   0.583407   1.269198 -30.779608  5.903041 -2.640827  0.441273  0.000000 -0.000000  0.000000 0.000000 0.000000 0.000000
43.605000   0.693609   1.118716 -30.510497  5.930729 -2.641035  0.444943  0.000000 -0.000000  0.000000 0.000000 0.000000 0.000000
43.639000   0.695809   0.922235 -30.327022  5.958760 -2.640912  0.449232  0.000000 -0.000000  0.000000 0.000000 0.000000 0.000000
43.682000   0.809464   0.763044 -30.045064  5.994934 -2.640638  0.456351  0.000000 -0.000000  0.000000 0.000000 0.000000 0.000000
43.716000   0.989488   0.663579 -29.906459  6.022348 -2.640722  0.461886  0.000000 -0.000000  0.000000 0.000000 0.000000 0.000000
43.751000   1.055335   0.523075 -29.651392  6.050496 -2.641516  0.466936  0.000000 -0.000000  0.000000 0.000000 0.000000 0.000000
43.784000   1.145070   0.411104 -29.461276  6.077351 -2.642460  0.471783  0.000000 -0.000000  0.000000 0.000000 0.000000 0.000000
43.823000   1.169307   0.257758 -29.250619  6.108379 -2.644524  0.477125  0.000000 -0.000000  0.000000 0.000000 0.000000 0.000000
43.858000   1.157087   0.164184 -29.057056  6.138499 -2.645749  0.482471  0.000000 -0.000000  0.000000 0.000000 0.000000 0.000000
43.891000   1.127691   0.136763 -28.855976  6.165950 -2.647827  0.486473  0.000000 -0.000000  0.000000 0.000000 0.000000 0.000000
43.926000   1.096877   0.097977 -28.606237  6.195222 -2.650582  0.489303  0.000000 -0.000000  0.000000 0.000000 0.000000 0.000000
43.960000   1.071251   0.076428 -28.432194  6.226058 -2.652939  0.493548  0.000000 -0.000000  0.000000 0.000000 0.000000 0.000000
43.994000   0.952810   0.015638 -28.295373  6.255223 -2.656290  0.496258  0.000000 -0.000000  0.000000 0.000000 0.000000 0.000000
44.028000   0.974574  -0.009769 -28.044739  6.283666 -2.659687  0.501016  0.000000 -0.000000  0.000000 0.000000 0.000000 0.000000
44.062000   0.957292  -0.103030 -27.906045  6.311644 -2.662586  0.506856  0.000000 -0.000000  0.000000 0.000000 0.000000 0.000000
44.095000   0.926113  -0.158798 -27.689842  6.337082 -2.666691  0.510405  0.000000 -0.000000  0.000000 0.000000 0.000000 0.000000
44.130000   0.907542  -0.208698 -27.486716  6.363724 -2.670709  0.514673  0.000000 -0.000000  0.000000 0.000000 0.000000 0.000000
44.163000   0.848180  -0.212381 -27.314520  6.389885 -2.674904  0.517906  0.000000 -0.000000  0.000000 0.000000 0.000000 0.000000
44.210000   0.653891  -0.116408 -27.081843  6.427038 -2.680712  0.522711  0.000000 -0.000000  0.000000 0.000000 0.000000 0.000000
44.261000   0.408883   0.113810 -26.740718  6.470125 -2.687825  0.529211  0.000000 -0.000000  0.000000 0.000000 0.000000 0.000000
44.303000   0.309039   0.383927 -26.518500  6.505127 -2.693865  0.535641  0.000000 -0.000000  0.000000 0.000000 0.000000 0.000000
44.337000   0.204457   0.542685 -26.361389  6.533889 -2.699239  0.542116  0.000000 -0.000000  0.000000 0.000000 0.000000 0.000000
44.370000   0.154130   0.624617 -26.313742  6.562277 -2.704136  0.549591  0.000000 -0.000000  0.000000 0.000000 0.000000 0.000000
44.404000   0.049922   0.625673 -26.088659  6.589149 -2.709674  0.554826  0.000000 -0.000000  0.000000 0.000000 0.000000 0.000000
44.438000   0.042119   0.612069 -25.930470  6.617205 -2.714555  0.561165  0.000000 -0.000000  0.000000 0.000000 0.000000 0.000000
44.474000   0.099966   0.642531 -25.669846  6.646417 -2.720493  0.567669  0.000000 -0.000000  0.000000 0.000000 0.000000 0.000000
44.509000  -0.057983   0.576201 -25.398265  6.675472 -2.727656  0.572353  0.000000 -0.000000  0.000000 0.000000 0.000000 0.000000
44.543000   0.004398   0.626335 -25.320144  6.703988 -2.733268  0.581382  0.000000 -0.000000  0.000000 0.000000 0.000000 0.000000
44.577000   0.038383   0.683470 -25.215633  6.732601 -2.739726  0.588506  0.000000 -0.000000  0.000000 0.000000 0.000000 0.000000
44.613000   0.112987   0.750626 -25.027574  6.763518 -2.746373  0.596682  0.000000 -0.000000  0.000000 0.000000 0.000000 0.000000
44.646000   0.108322   0.747414 -25.056391  6.793331 -2.751965  0.601799  0.000000 -0.000000  0.000000 0.000000 0.000000 0.000000
44.679000   0.130917   0.748035 -24.834970  6.824736 -2.758795  0.608362  0.000000 -0.000000  0.000000 0.000000 0.000000 0.000000
44.711000   0.082047   0.681658 -24.658309  6.851884 -2.764795  0.613593  0.000000 -0.000000  0.000000 0.000000 0.000000 0.000000
44.750000   0.189436   0.604954 -24.581077  6.887360 -2.772502  0.621022  0.000000 -0.000000  0.000000 0.000000 0.000000 0.000000
44.790000   0.209874   0.459332 -24.344341  6.923567 -2.780381  0.627820  0.000000 -0.000000  0.000000 0.000000 0.000000 0.000000
44.837000   0.322577   0.282880 -24.110094  6.964194 -2.790521  0.636618  0.000000 -0.000000  0.000000 0.000000 0.000000 0.000000
44.875000   0.411308   0.155361 -24.123699  6.994727 -2.797901  0.643948  0.000000 -0.000000  0.000000 0.000000 0.000000 0.000000
44.909000   0.321731   0.027013 -23.927907  7.021898 -2.805831  0.650450  0.000000 -0.000000  0.000000 0.000000 0.000000 0.000000
44.943000   0.465161   0.059437 -23.874618  7.048266 -2.813034  0.658649  0.000000 -0.000000  0.000000 0.000000 0.000000 0.000000
44.977000   0.323214   0.134234 -23.622791  7.078910 -2.821593  0.665046  0.000000 -0.000000  0.000000 0.000000 0.000000 0.000000
45.011000   0.347860   0.316755 -23.478648  7.107181 -2.829818  0.671085  0.000000 -0.000000  0.000000 0.000000 0.000000 0.000000
45.044000   0.266632   0.520524 -23.338760  7.134910 -2.838061  0.676650  0.000000 -0.000000  0.000000 0.000000 0.000000 0.000000
45.079000   0.134885   0.685891 -23.224532  7.164161 -2.847095  0.681592  0.000000 -0.000000  0.000000 0.000000 0.000000 0.000000
45.115000   0.005311   0.899096 -23.085616  7.196021 -2.856349  0.688487  0.000000 -0.000000  0.000000 0.000000 0.000000 0.000000
45.147000  -0.138346   1.025936 -22.998771  7.223394 -2.864798  0.693657  0.000000 -0.000000  0.000000 0.000000 0.000000 0.000000
45.184000  -0.239287   1.154740 -22.799513  7.253835 -2.874557  0.699875  0.000000 -0.000000  0.000000 0.000000 0.000000 0.000000
45.217000  -0.419170   1.227589 -22.709724  7.282548 -2.883521  0.705828  0.000000 -0.000000  0.000000 0.000000 0.000000 0.000000
45.254000  -0.531372   1.344098 -22.538850  7.316362 -2.893486  0.712233  0.000000 -0.000000  0.000000 0.000000 0.000000 0.000000
45.287000  -0.619850   1.434731 -22.392658  7.347189 -2.902211  0.717965  0.000000 -0.000000  0.000000 0.000000 0.000000 0.000000
45.323000  -0.674225   1.442022 -22.263466  7.382346 -2.912077  0.724895  0.000000 -0.000000  0.000000 0.000000 0.000000 0.000000
45.356000  -0.747761   1.369886 -22.150234  7.413901 -2.920974  0.731459  0.000000 -0.000000  0.000000 0.000000 0.000000 0.000000
45.391000  -0.738026   1.259689 -21.913114  7.445215 -2.931194  0.738361  0.000000 -0.000000  0.000000 0.000000 0.000000 0.000000
45.429000  -0.700967   1.041576 -21.882007  7.479978 -2.942319  0.745793  0.000000 -0.000000  0.000000 0.000000 0.000000 0.000000
45.478000  -0.633260   0.780189 -21.664076  7.526054 -2.956080  0.756255  0.000000 -0.000000  0.000000 0.000000 0.000000 0.000000
45.520000  -0.574265   0.579997 -21.577167  7.565847 -2.968491  0.766168  0.000000 -0.000000  0.000000 0.000000 0.000000 0.000000
45.555000  -0.525992   0.443235 -21.470631  7.598754 -2.979094  0.773973  0.000000 -0.000000  0.000000 0.000000 0.000000 0.000000
45.592000  -0.468792   0.292333 -21.365698  7.635235 -2.989913  0.781592  0.000000 -0.000000  0.000000 0.000000 0.000000 0.000000
45.641000  -0.401856   0.089356 -21.145759  7.681114 -3.003946  0.792215  0.000000 -0.000000  0.000000 0.000000 0.000000 0.000000
45.691000  -0.417119  -0.077893 -21.013763  7.728557 -3.017917  0.802626  0.000000 -0.000000  0.000000 0.000000 0.000000 0.000000
45.734000  -0.416676  -0.183641 -20.860592  7.768347 -3.030320  0.812612  0.000000 -0.000000  0.000000 0.000000 0.000000 0.000000
45.769000  -0.376062  -0.218219 -20.767127  7.800325 -3.040888  0.819578  0.000000 -0.000000  0.000000 0.000000 0.000000 0.000000
45.802000  -0.347602  -0.243719 -20.633747  7.829788 -3.050305  0.827093  0.000000 -0.000000  0.000000 0.000000 0.000000 0.000000
45.837000  -0.402684  -0.238850 -20.526193  7.864111 -3.060978  0.833978  0.000000 -0.000000  0.000000 0.000000 0.000000 0.000000
45.876000  -0.373582  -0.134976 -20.374335  7.901365 -3.072690  0.841567  0.000000 -0.000000  0.000000 0.000000 0.000000 0.000000
45.908000  -0.338348  -0.070109 -20.298016  7.930820 -3.081597  0.847339  0.000000 -0.000000  0.000000 0.000000 0.000000 0.000000
45.942000  -0.383940  -0.023358 -20.180539  7.962627 -3.091262  0.854535  0.000000 -0.000000  0.000000 0.000000 0.000000 0.000000
45.976000  -0.437893   0.005426 -20.128797  7.994111 -3.101011  0.861048  0.000000 -0.000000  0.000000 0.000000 0.000000 0.000000
46.010000  -0.450986   0.066303 -20.003075  8.025893 -3.110110  0.868197  0.000000 -0.000000  0.000000 0.000000 0.000000 0.000000
46.044000  -0.455129   0.120128 -19.913977  8.058455 -3.120019  0.874516  0.000000 -0.000000  0.000000 0.000000 0.000000 0.000000
46.081000  -0.434667   0.208542 -19.832860  8.093896 -3.130774  0.881693  0.000000 -0.000000  0.000000 0.000000 0.000000 0.000000
46.115000  -0.402122   0.256339 -19.714638  8.126700 -3.140449  0.887963  0.000000 -0.000000  0.000000 0.000000 0.000000 0.000000
46.153000  -0.395613   0.328096 -19.556836  8.163434 -3.151695  0.895980  0.000000 -0.000000  0.000000 0.000000 0.000000 0.000000
46.198000  -0.310419   0.333321 -19.432252  8.211034 -3.164312  0.904500  0.000000 -0.000000  0.000000 0.000000 0.000000 0.000000
46.238000  -0.281355   0.306930 -19.335664  8.254263 -3.175504  0.912822  0.000000 -0.000000  0.000000 0.000000 0.000000 0.000000
46.275000  -0.289798   0.142836 -19.394360  8.290433 -3.186374  0.918230  0.000000 -0.000000  0.000000 0.000000 0.000000 0.000000
46.309000  -0.180342  -0.036695 -19.181488  8.326623 -3.196618  0.924733  0.000000 -0.000000  0.000000 0.000000 0.000000 0.000000
46.342000  -0.037414  -0.239683 -19.048729  8.362106 -3.206315  0.930904  0.000000 -0.000000  0.000000 0.000000 0.000000 0.000000
46.383000   0.051308  -0.533613 -19.008072  8.406270 -3.218480  0.939024  0.000000 -0.000000  0.000000 0.000000 0.000000 0.000000
46.433000   0.127184  -0.964788 -18.785064  8.463201 -3.233485  0.951595  0.000000 -0.000000  0.000000 0.000000 0.000000 0.000000
46.482000   0.257412  -1.415612 -18.637041  8.510439 -3.247638  0.962522  0.000000 -0.000000  0.000000 0.000000 0.000000 0.000000
46.514000   0.291196  -1.736807 -18.601945  8.542030 -3.256108  0.970354  0.000000 -0.000000  0.000000 0.000000 0.000000 0.000000
46.548000   0.418309  -2.048375 -18.987982  8.575668 -3.267964  0.978913  0.000000 -0.000000  0.000000 0.000000 0.000000 0.000000
46.582000   0.444057  -2.243139 -18.462979  8.609886 -3.277789  0.984126  0.000000 -0.000000  0.000000 0.000000 0.000000 0.000000
46.621000   0.482107  -2.359223 -18.356265  8.646796 -3.288380  0.990549  0.000000 -0.000000  0.000000 0.000000 0.000000 0.000000
46.654000   0.414321  -2.386816 -18.304487  8.680661 -3.297183  0.997545  0.000000 -0.000000  0.000000 0.000000 0.000000 0.000000
46.688000   0.353186  -2.336206 -18.298857  8.713842 -3.306854  1.005254  0.000000 -0.000000  0.000000 0.000000 0.000000 0.000000
46.722000   0.296044  -2.212938 -18.199717  8.747772 -3.316544  1.010404  0.000000 -0.000000  0.000000 0.000000 0.000000 0.000000
46.762000   0.266593  -2.071686 -18.812722  8.784155 -3.329454  1.016462  0.000000 -0.000000  0.000000 0.000000 0.000000 0.000000
46.796000   0.280199  -1.920988 -18.259262  8.818474 -3.338571  1.021728  0.000000 -0.000000  0.000000 0.000000 0.000000 0.000000
46.837000   0.205349  -1.644283 -18.027136  8.858783 -3.349392  1.028821  0.000000 -0.000000  0.000000 0.000000 0.000000 0.000000
46.870000   0.098805  -1.476565 -17.832103  8.892855 -3.358287  1.035659  0.000000 -0.000000  0.000000 0.000000 0.000000 0.000000
46.911000   0.044649  -1.253336 -17.864599  8.931790 -3.369820  1.043066  0.000000 -0.000000  0.000000 0.000000 0.000000 0.000000
46.943000   0.059859  -1.151512 -17.669478  8.958681 -3.378518  1.048214  0.000000 -0.000000  0.000000 0.000000 0.000000 0.000000
46.981000   0.064753  -1.032541 -17.751977  8.990855 -3.389344  1.055430  0.000000 -0.000000  0.000000 0.000000 0.000000 0.000000
47.013000   0.088390  -0.898475 -17.507185  9.017235 -3.398476  1.060924  0.000000 -0.000000  0.000000 0.000000 0.000000 0.000000
47.046000   0.058860  -0.671476 -17.632537  9.045733 -3.407681  1.065847  0.000000 -0.000000  0.000000 0.000000 0.000000 0.000000
47.098000  -0.028542  -0.188907 -17.531516  9.088819 -3.422996  1.072680  0.000000 -0.000000  0.000000 0.000000 0.000000 0.000000
47.148000  -0.197832   0.354814 -17.419433  9.130156 -3.437489  1.080398  0.000000 -0.000000  0.000000 0.000000 0.000000 0.000000
47.180000  -0.316059   0.700389 -17.204028  9.156484 -3.446621  1.084799  0.000000 -0.000000  0.000000 0.000000 0.000000 0.000000
47.222000  -0.505111   1.136141 -17.080101  9.191962 -3.459006  1.092616  0.000000 -0.000000  0.000000 0.000000 0.000000 0.000000
47.254000  -0.665536   1.407675 -17.120732  9.221253 -3.467984  1.096835  0.000000 -0.000000  0.000000 0.000000 0.000000 0.000000
47.291000  -0.804302   1.708029 -17.109356  9.257704 -3.478207  1.105011  0.000000 -0.000000  0.000000 0.000000 0.000000 0.000000
47.324000  -0.909088   1.877257 -17.219381  9.290168 -3.487673  1.113254  0.000000 -0.000000  0.000000 0.000000 0.000000 0.000000
47.363000  -1.004470   1.904150 -17.252217  9.324889 -3.499176  1.120709  0.000000 -0.000000  0.000000 0.000000 0.000000 0.000000
47.395000  -0.974301   1.870779 -17.025387  9.356001 -3.507892  1.128054  0.000000 -0.000000  0.000000 0.000000 0.000000 0.000000
47.429000  -1.012935   1.695514 -16.663340  9.388758 -3.515656  1.136546  0.000000 -0.000000  0.000000 0.000000 0.000000 0.000000
47.463000  -0.971449   1.505936 -16.763926  9.421772 -3.524807  1.143383  0.000000 -0.000000  0.000000 0.000000 0.000000 0.000000
47.496000  -0.889133   1.222436 -16.632076  9.452196 -3.533001  1.148769  0.000000 -0.000000  0.000000 0.000000 0.000000 0.000000
47.535000  -0.739655   0.906561 -16.780086  9.491672 -3.543911  1.154542  0.000000 -0.000000  0.000000 0.000000 0.000000 0.000000
47.567000  -0.612543   0.573747 -16.798321  9.523275 -3.553073  1.159167  0.000000 -0.000000  0.000000 0.000000 0.000000 0.000000
47.606000  -0.452883   0.160507 -16.698240  9.563385 -3.563843  1.165085  0.000000 -0.000000  0.000000 0.000000 0.000000 0.000000
47.638000  -0.341590  -0.286476 -16.545753  9.595631 -3.572397  1.170303  0.000000 -0.000000  0.000000 0.000000 0.000000 0.000000
47.672000  -0.208918  -0.727735 -16.569690  9.628479 -3.581708  1.176201  0.000000 -0.000000  0.000000 0.000000 0.000000 0.000000
47.707000  -0.094639  -1.310531 -16.634945  9.662572 -3.591820  1.181701  0.000000 -0.000000  0.000000 0.000000 0.000000 0.000000
47.743000   0.005936  -1.840818 -16.626057  9.701490 -3.602831  1.187347  0.000000 -0.000000  0.000000 0.000000 0.000000 0.000000
47.776000   0.048281  -2.420692 -16.566498  9.734613 -3.612159  1.193621  0.000000 -0.000000  0.000000 0.000000 0.000000 0.000000
47.815000   0.070755  -3.061765 -16.548261  9.773972 -3.622991  1.199687  0.000000 -0.000000  0.000000 0.000000 0.000000 0.000000
47.845000   0.101255  -3.635260 -16.446662  9.804382 -3.630998  1.203750  0.000000 -0.000000  0.000000 0.000000 0.000000 0.000000
47.878000   0.051613  -4.264153 -16.403448  9.836334 -3.639950  1.208535  0.000000 -0.000000  0.000000 0.000000 0.000000 0.000000
47.915000   0.019188  -5.066717 -16.372975  9.870472 -3.650129  1.213719  0.000000 -0.000000  0.000000 0.000000 0.000000 0.000000
47.948000  -0.012600  -5.687551 -16.356075  9.897080 -3.658385  1.218523  0.000000 -0.000000  0.000000 0.000000 0.000000 0.000000
47.985000  -0.037542  -6.449452 -16.331858  9.931649 -3.666663  1.223501  0.000000 -0.000000  0.000000 0.000000 0.000000 0.000000
48.019000  -0.134612  -6.984320 -16.215098  9.958690 -3.674109  1.228875  0.000000 -0.000000  0.000000 0.000000 0.000000 0.000000
48.058000  -0.112710  -7.596177 -16.165381  9.989873 -3.682160  1.235054  0.000000 -0.000000  0.000000 0.000000 0.000000 0.000000
48.093000  -0.158144  -7.947754 -16.155089 10.014535 -3.689664  1.239217  0.000000 -0.000000  0.000000 0.000000 0.000000 0.000000
48.126000  -0.150586  -8.300286 -16.029570 10.036951 -3.695552  1.242161  0.000000 -0.000000  0.000000 0.000000 0.000000 0.000000
48.160000  -0.146177  -8.523024 -16.071018 10.058062 -3.701786  1.245151  0.000000 -0.000000  0.000000 0.000000 0.000000 0.000000
48.194000  -0.144320  -8.672192 -15.952218 10.076878 -3.707238  1.247821  0.000000 -0.000000  0.000000 0.000000 0.000000 0.000000
48.227000  -0.138020  -8.690415 -15.813515 10.094288 -3.711011  1.252023  0.000000 -0.000000  0.000000 0.000000 0.000000 0.000000
48.261000  -0.087117  -8.552267 -15.976936 10.110709 -3.716024  1.254743  0.000000 -0.000000  0.000000 0.000000 0.000000 0.000000
48.296000  -0.115873  -8.411975 -15.926650 10.127907 -3.720687  1.259930  0.000000 -0.000000  0.000000 0.000000 0.000000 0.000000
48.330000  -0.131343  -8.153881 -15.909074 10.140995 -3.724811  1.263553  0.000000 -0.000000  0.000000 0.000000 0.000000 0.000000
48.363000  -0.107678  -7.893943 -15.832023 10.153121 -3.728571  1.265949  0.000000 -0.000000  0.000000 0.000000 0.000000 0.000000
48.397000  -0.095982  -7.553185 -15.812267 10.163588 -3.731612  1.267948  0.000000 -0.000000  0.000000 0.000000 0.000000 0.000000
48.435000  -0.099916  -7.137519 -15.719721 10.175638 -3.734341  1.269266  0.000000 -0.000000  0.000000 0.000000 0.000000 0.000000
48.468000  -0.105145  -6.690688 -15.838966 10.185236 -3.737349  1.269787  0.000000 -0.000000  0.000000 0.000000 0.000000 0.000000
48.502000  -0.108519  -6.304700 -15.853922 10.194651 -3.740725  1.271183  0.000000 -0.000000  0.000000 0.000000 0.000000 0.000000
48.536000  -0.120133  -5.844097 -15.793504 10.205292 -3.742918  1.270659  0.000000 -0.000000  0.000000 0.000000 0.000000 0.000000
48.571000  -0.145390  -5.466005 -15.755148 10.214023 -3.744799  1.271415  0.000000 -0.000000  0.000000 0.000000 0.000000 0.000000
48.604000  -0.164559  -5.104504 -15.685101 10.219547 -3.746346  1.271776  0.000000 -0.000000  0.000000 0.000000 0.000000 0.000000
48.639000  -0.179600  -4.880650 -15.693460 10.225789 -3.747667  1.272704  0.000000 -0.000000  0.000000 0.000000 0.000000 0.000000
48.676000  -0.174183  -4.553924 -15.756878 10.233921 -3.749372  1.274852  0.000000 -0.000000  0.000000 0.000000 0.000000 0.000000
48.710000  -0.220772  -4.366056 -15.720325 10.236173 -3.750074  1.278254  0.000000 -0.000000  0.000000 0.000000 0.000000 0.000000
48.743000  -0.224730  -4.157065 -15.591791 10.238571 -3.750563  1.282466  0.000000 -0.000000  0.000000 0.000000 0.000000 0.000000
48.786000  -0.167389  -3.882691 -15.729497 10.240459 -3.751894  1.284378  0.000000 -0.000000  0.000000 0.000000 0.000000 0.000000
48.820000  -0.145495  -3.584159 -15.685198 10.244533 -3.752096  1.286786  0.000000 -0.000000  0.000000 0.000000 0.000000 0.000000
48.855000  -0.144613  -3.318413 -15.601836 10.248706 -3.750814  1.288015  0.000000 -0.000000  0.000000 0.000000 0.000000 0.000000
48.889000  -0.130972  -3.033807 -15.664666 10.249483 -3.751089  1.286785  0.000000 -0.000000  0.000000 0.000000 0.000000 0.000000
48.923000  -0.126943  -2.810532 -15.536980 10.246899 -3.750657  1.289155  0.000000 -0.000000  0.000000 0.000000 0.000000 0.000000
48.957000  -0.062768  -2.581127 -15.584962 10.246982 -3.749935  1.290656  0.000000 -0.000000  0.000000 0.000000 0.000000 0.000000
48.991000   0.054338  -2.257308 -15.580751 10.243609 -3.749250  1.288719  0.000000 -0.000000  0.000000 0.000000 0.000000 0.000000
49.025000   0.051153  -1.963960 -15.682212 10.241437 -3.749837  1.289613  0.000000 -0.000000  0.000000 0.000000 0.000000 0.000000
49.062000   0.078979  -1.596745 -15.774781 10.243067 -3.749984  1.288786  0.000000 -0.000000  0.000000 0.000000 0.000000 0.000000
49.095000   0.065861  -1.195913 -15.627444 10.242579 -3.748368  1.286068  0.000000 -0.000000  0.000000 0.000000 0.000000 0.000000
49.133000   0.069506  -0.836668 -15.544520 10.238890 -3.746168  1.284668  0.000000 -0.000000  0.000000 0.000000 0.000000 0.000000
49.168000   0.043298  -0.572477 -15.425581 10.233107 -3.743800  1.283593  0.000000 -0.000000  0.000000 0.000000 0.000000 0.000000
49.203000   0.058617  -0.303655 -15.573070 10.226765 -3.743041  1.281834  0.000000 -0.000000  0.000000 0.000000 0.000000 0.000000
49.239000   0.144462   0.046050 -15.580562 10.222821 -3.742576  1.281749  0.000000 -0.000000  0.000000 0.000000 0.000000 0.000000
49.276000   0.164194   0.427429 -15.863088 10.215398 -3.745155  1.279225  0.000000 -0.000000  0.000000 0.000000 0.000000 0.000000
49.308000   0.151851   0.791799 -15.713164 10.212492 -3.745406  1.279872  0.000000 -0.000000  0.000000 0.000000 0.000000 0.000000
49.344000   0.075125   1.192793 -15.588369 10.207623 -3.744732  1.279510  0.000000 -0.000000  0.000000 0.000000 0.000000 0.000000
49.381000  -0.122009   1.540751 -15.461217 10.204418 -3.743038  1.279513  0.000000 -0.000000  0.000000 0.000000 0.000000 0.000000
49.414000  -0.269089   1.813761 -15.246252 10.206508 -3.739453  1.280174  0.000000 -0.000000  0.000000 0.000000 0.000000 0.000000
49.447000  -0.399645   1.998680 -15.444635 10.203308 -3.738855  1.280033  0.000000 -0.000000  0.000000 0.000000 0.000000 0.000000
49.482000  -0.430048   2.104842 -15.679550 10.200251 -3.739783  1.278278  0.000000 -0.000000  0.000000 0.000000 0.000000 0.000000
49.516000  -0.364646   2.114124 -15.654825 10.198240 -3.739994  1.277617  0.000000 -0.000000  0.000000 0.000000 0.000000 0.000000
49.551000  -0.347291   2.059518 -15.586373 10.195974 -3.739703  1.277151  0.000000 -0.000000  0.000000 0.000000 0.000000 0.000000
49.587000  -0.322698   1.945376 -15.797245 10.194505 -3.741500  1.276700  0.000000 -0.000000  0.000000 0.000000 0.000000 0.000000
49.619000  -0.306862   1.850782 -15.661005 10.195665 -3.740904  1.276394  0.000000 -0.000000  0.000000 0.000000 0.000000 0.000000
49.657000  -0.344318   1.656689 -15.721257 10.192367 -3.741728  1.275522  0.000000 -0.000000  0.000000 0.000000 0.000000 0.000000
49.695000  -0.364591   1.418169 -15.534187 10.194790 -3.740839  1.275134  0.000000 -0.000000  0.000000 0.000000 0.000000 0.000000
49.732000  -0.408592   1.202699 -15.664080 10.194985 -3.741064  1.275172  0.000000 -0.000000  0.000000 0.000000 0.000000 0.000000
49.767000  -0.414282   0.952954 -15.623813 10.197316 -3.741570  1.276344  0.000000 -0.000000  0.000000 0.000000 0.000000 0.000000
49.800000  -0.390524   0.723242 -15.533805 10.196854 -3.740945  1.277111  0.000000 -0.000000  0.000000 0.000000 0.000000 0.000000
49.834000  -0.358781   0.449086 -15.676957 10.197456 -3.741402  1.278615  0.000000 -0.000000  0.000000 0.000000 0.000000 0.000000
49.868000  -0.335167   0.202111 -15.691147 10.197905 -3.741875  1.279667  0.000000 -0.000000  0.000000 0.000000 0.000000 0.000000
49.903000  -0.298438   0.001894 -15.443383 10.202383 -3.739459  1.280847  0.000000 -0.000000  0.000000 0.000000 0.000000 0.000000
49.936000  -0.240254  -0.191503 -15.680273 10.204165 -3.739973  1.280614  0.000000 -0.000000  0.000000 0.000000 0.000000 0.000000
49.971000  -0.159555  -0.394057 -15.604485 10.206456 -3.739902  1.280969  0.000000 -0.000000  0.000000 0.000000 0.000000 0.000000
50.004000  -0.066369  -0.566530 -15.566135 10.206611 -3.740117  1.281259  0.000000 -0.000000  0.000000 0.000000 0.000000 0.000000
50.038000   0.032581  -0.756067 -15.860099 10.202911 -3.743361  1.281049  0.000000 -0.000000  0.000000 0.000000 0.000000 0.000000
50.076000   0.138739  -0.892459 -15.911379 10.198532 -3.746428  1.279884  0.000000 -0.000000  0.000000 0.000000 0.000000 0.000000
50.109000   0.096303  -0.945537 -15.610925 10.199471 -3.745447  1.278495  0.000000 -0.000000  0.000000 0.000000 0.000000 0.000000
50.143000  -0.029916  -0.870790 -15.616327 10.202539 -3.744811  1.278090  0.000000 -0.000000  0.000000 0.000000 0.000000 0.000000
50.176000  -0.176417  -0.718204 -15.486909 10.204949 -3.743950  1.278563  0.000000 -0.000000  0.000000 0.000000 0.000000 0.000000
50.210000  -0.289016  -0.612299 -15.630686 10.207304 -3.744388  1.278705  0.000000 -0.000000  0.000000 0.000000 0.000000 0.000000
50.249000  -0.319263  -0.514414 -15.659555 10.213530 -3.744200  1.279424  0.000000 -0.000000  0.000000 0.000000 0.000000 0.000000
50.281000  -0.340658  -0.506933 -15.571953 10.215727 -3.743502  1.278687  0.000000 -0.000000  0.000000 0.000000 0.000000 0.000000
50.315000  -0.300653  -0.554458 -15.584453 10.218825 -3.743002  1.279525  0.000000 -0.000000  0.000000 0.000000 0.000000 0.000000
50.350000  -0.206839  -0.689771 -15.544837 10.214448 -3.741977  1.278854  0.000000 -0.000000  0.000000 0.000000 0.000000 0.000000
50.388000  -0.110305  -0.869815 -15.555924 10.213405 -3.741886  1.279673  0.000000 -0.000000  0.000000 0.000000 0.000000 0.000000
50.423000   0.004739  -0.934133 -15.556119 10.215082 -3.741369  1.278482  0.000000 -0.000000  0.000000 0.000000 0.000000 0.000000
50.454000   0.080853  -0.940856 -15.614944 10.213722 -3.741581  1.277450  0.000000 -0.000000  0.000000 0.000000 0.000000 0.000000
50.489000   0.147075  -0.885296 -15.553301 10.214438 -3.740796  1.277767  0.000000 -0.000000  0.000000 0.000000 0.000000 0.000000
50.526000   0.195139  -0.793426 -15.579869 10.216474 -3.740336  1.278028  0.000000 -0.000000  0.000000 0.000000 0.000000 0.000000
50.563000   0.229008  -0.671082 -15.623754 10.216003 -3.741009  1.280166  0.000000 -0.000000  0.000000 0.000000 0.000000 0.000000
50.597000   0.279835  -0.588892 -15.779812 10.215329 -3.742621  1.280249  0.000000 -0.000000  0.000000 0.000000 0.000000 0.000000
50.631000   0.287692  -0.535754 -15.643321 10.210462 -3.742867  1.279459  0.000000 -0.000000  0.000000 0.000000 0.000000 0.000000
50.665000   0.229868  -0.485146 -15.605621 10.211937 -3.743266  1.279031  0.000000 -0.000000  0.000000 0.000000 0.000000 0.000000
50.700000   0.108318  -0.344376 -15.631765 10.212605 -3.743705  1.278718  0.000000 -0.000000  0.000000 0.000000 0.000000 0.000000
50.734000  -0.002120  -0.230636 -15.680339 10.211581 -3.744821  1.279553  0.000000 -0.000000  0.000000 0.000000 0.000000 0.000000
50.771000  -0.106013  -0.138518 -15.586855 10.213770 -3.744123  1.277919  0.000000 -0.000000  0.000000 0.000000 0.000000 0.000000
50.805000  -0.235697  -0.086155 -15.571149 10.214431 -3.743678  1.276804  0.000000 -0.000000  0.000000 0.000000 0.000000 0.000000
50.839000  -0.318025  -0.048233 -15.628642 10.211699 -3.743940  1.276313  0.000000 -0.000000  0.000000 0.000000 0.000000 0.000000
50.872000  -0.359621  -0.074757 -15.699090 10.211685 -3.745342  1.277239  0.000000 -0.000000  0.000000 0.000000 0.000000 0.000000
50.908000  -0.397560  -0.094971 -15.586521 10.208003 -3.744429  1.276913  0.000000 -0.000000  0.000000 0.000000 0.000000 0.000000
50.944000  -0.440997  -0.058273 -15.584519 10.209041 -3.744013  1.278168  0.000000 -0.000000  0.000000 0.000000 0.000000 0.000000
50.977000  -0.462814  -0.024722 -15.551787 10.213478 -3.743330  1.279626  0.000000 -0.000000  0.000000 0.000000 0.000000 0.000000
51.012000  -0.448230   0.046269 -15.593795 10.213445 -3.743179  1.280349  0.000000 -0.000000  0.000000 0.000000 0.000000 0.000000
51.045000  -0.399501   0.021643 -15.546195 10.213466 -3.742605  1.280785  0.000000 -0.000000  0.000000 0.000000 0.000000 0.000000
51.079000  -0.328645  -0.050512 -15.549838 10.215632 -3.741869  1.280500  0.000000 -0.000000  0.000000 0.000000 0.000000 0.000000
51.113000  -0.234393  -0.122955 -15.709910 10.214066 -3.743010  1.281419  0.000000 -0.000000  0.000000 0.000000 0.000000 0.000000
51.147000  -0.136020  -0.214212 -15.710358 10.213145 -3.743826  1.281494  0.000000 -0.000000  0.000000 0.000000 0.000000 0.000000
51.181000  -0.054379  -0.312139 -15.620381 10.210142 -3.743726  1.278997  0.000000 -0.000000  0.000000 0.000000 0.000000 0.000000
51.216000  -0.037891  -0.377967 -15.326190 10.209746 -3.741295  1.277562  0.000000 -0.000000  0.000000 0.000000 0.000000 0.000000
51.251000  -0.045323  -0.349911 -15.465488 10.210959 -3.740862  1.277749  0.000000 -0.000000  0.000000 0.000000 0.000000 0.000000
51.286000  -0.011774  -0.299461 -15.630184 10.213752 -3.741115  1.277868  0.000000 -0.000000  0.000000 0.000000 0.000000 0.000000
51.319000   0.019450  -0.225314 -15.671106 10.216227 -3.741687  1.278014  0.000000 -0.000000  0.000000 0.000000 0.000000 0.000000
51.356000   0.058305  -0.203929 -15.734856 10.219600 -3.742102  1.279205  0.000000 -0.000000  0.000000 0.000000 0.000000 0.000000
51.400000   0.125600  -0.308378 -15.742845 10.218126 -3.744360  1.280726  0.000000 -0.000000  0.000000 0.000000 0.000000 0.000000
51.433000   0.140024  -0.431823 -15.645688 10.218780 -3.744370  1.281470  0.000000 -0.000000  0.000000 0.000000 0.000000 0.000000
51.467000   0.094196  -0.576392 -15.638192 10.218217 -3.744705  1.282330  0.000000 -0.000000  0.000000 0.000000 0.000000 0.000000
51.501000   0.022429  -0.669136 -15.384366 10.218209 -3.743148  1.282298  0.000000 -0.000000  0.000000 0.000000 0.000000 0.000000
51.535000  -0.059315  -0.755435 -15.512466 10.222540 -3.742660  1.282679  0.000000 -0.000000  0.000000 0.000000 0.000000 0.000000
51.571000  -0.107472  -0.781396 -15.517341 10.222385 -3.742966  1.282277  0.000000 -0.000000  0.000000 0.000000 0.000000 0.000000
51.603000  -0.101420  -0.831549 -15.583959 10.220976 -3.743324  1.282102  0.000000 -0.000000  0.000000 0.000000 0.000000 0.000000
51.637000  -0.080282  -0.873751 -15.585071 10.221844 -3.743540  1.281154  0.000000 -0.000000  0.000000 0.000000 0.000000 0.000000
51.673000  -0.071581  -0.872965 -15.681752 10.220706 -3.744114  1.280410  0.000000 -0.000000  0.000000 0.000000 0.000000 0.000000
51.708000  -0.063329  -0.875019 -15.505562 10.220011 -3.742999  1.279375  0.000000 -0.000000  0.000000 0.000000 0.000000 0.000000
51.742000  -0.097216  -0.835960 -15.484979 10.219110 -3.742569  1.277928  0.000000 -0.000000  0.000000 0.000000 0.000000 0.000000
51.778000  -0.107397  -0.761069 -15.511404 10.216480 -3.742594  1.276321  0.000000 -0.000000  0.000000 0.000000 0.000000 0.000000
51.813000  -0.082161  -0.636345 -15.656480 10.216174 -3.743702  1.275310  0.000000 -0.000000  0.000000 0.000000 0.000000 0.000000
51.848000  -0.099091  -0.484232 -15.621330 10.215832 -3.743386  1.275614  0.000000 -0.000000  0.000000 0.000000 0.000000 0.000000
51.881000  -0.121807  -0.325836 -15.637164 10.215519 -3.743434  1.274738  0.000000 -0.000000  0.000000 0.000000 0.000000 0.000000
51.917000  -0.157836  -0.195666 -15.715583 10.212336 -3.744468  1.275131  0.000000 -0.000000  0.000000 0.000000 0.000000 0.000000
51.951000  -0.176247  -0.084698 -15.467450 10.211044 -3.744150  1.275990  0.000000 -0.000000  0.000000 0.000000 0.000000 0.000000
51.984000  -0.240449   0.024564 -15.401586 10.213158 -3.742364  1.277137  0.000000 -0.000000  0.000000 0.000000 0.000000 0.000000
52.018000  -0.271030   0.159358 -15.384093 10.213335 -3.741089  1.277841  0.000000 -0.000000  0.000000 0.000000 0.000000 0.000000
52.052000  -0.276605   0.221882 -15.492659 10.211768 -3.740828  1.278289  0.000000 -0.000000  0.000000 0.000000 0.000000 0.000000
52.087000  -0.220199   0.264261 -15.553542 10.211075 -3.741467  1.278773  0.000000 -0.000000  0.000000 0.000000 0.000000 0.000000
52.120000  -0.182455   0.285976 -15.505080 10.211263 -3.741146  1.279995  0.000000 -0.000000  0.000000 0.000000 0.000000 0.000000
52.155000  -0.128960   0.281707 -15.503590 10.211058 -3.740696  1.280622  0.000000 -0.000000  0.000000 0.000000 0.000000 0.000000
52.188000  -0.086418   0.272913 -15.607322 10.210171 -3.741634  1.281088  0.000000 -0.000000  0.000000 0.000000 0.000000 0.000000
52.222000  -0.043025   0.235429 -15.836012 10.205576 -3.743686  1.280985  0.000000 -0.000000  0.000000 0.000000 0.000000 0.000000
52.257000  -0.032570   0.201117 -15.753074 10.206331 -3.744316  1.280154  0.000000 -0.000000  0.000000 0.000000 0.000000 0.000000
52.291000  -0.104591   0.206657 -15.677676 10.205913 -3.744342  1.279977  0.000000 -0.000000  0.000000 0.000000 0.000000 0.000000
52.325000  -0.188537   0.210205 -15.524566 10.202929 -3.743611  1.278896  0.000000 -0.000000  0.000000 0.000000 0.000000 0.000000
52.359000  -0.261188   0.199284 -15.534832 10.203236 -3.743527  1.278257  0.000000 -0.000000  0.000000 0.000000 0.000000 0.000000
52.393000  -0.339485   0.243572 -15.697594 10.205466 -3.744198  1.277191  0.000000 -0.000000  0.000000 0.000000 0.000000 0.000000
52.432000  -0.379720   0.274312 -15.652588 10.204372 -3.744471  1.277120  0.000000 -0.000000  0.000000 0.000000 0.000000 0.000000
52.465000  -0.415100   0.243107 -15.491422 10.206158 -3.743293  1.277564  0.000000 -0.000000  0.000000 0.000000 0.000000 0.000000
52.499000  -0.431090   0.185560 -15.659000 10.205121 -3.743550  1.276646  0.000000 -0.000000  0.000000 0.000000 0.000000 0.000000
52.533000  -0.429026   0.148986 -15.605473 10.207314 -3.743559  1.278018  0.000000 -0.000000  0.000000 0.000000 0.000000 0.000000
52.566000  -0.404862   0.069474 -15.734016 10.207308 -3.744770  1.278597  0.000000 -0.000000  0.000000 0.000000 0.000000 0.000000
52.600000  -0.355682  -0.012461 -15.495153 10.207455 -3.743905  1.278351  0.000000 -0.000000  0.000000 0.000000 0.000000 0.000000
52.635000  -0.314033  -0.113628 -15.517116 10.209787 -3.743613  1.278350  0.000000 -0.000000  0.000000 0.000000 0.000000 0.000000
52.669000  -0.276023  -0.180558 -15.711944 10.210115 -3.744643  1.278330  0.000000 -0.000000  0.000000 0.000000 0.000000 0.000000
52.699000  -0.227070  -0.303993 -15.673239 10.210277 -3.744821  1.277813  0.000000 -0.000000  0.000000 0.000000 0.000000 0.000000
52.736000  -0.179888  -0.392679 -15.575542 10.213533 -3.744476  1.278159  0.000000 -0.000000  0.000000 0.000000 0.000000 0.000000
52.770000  -0.160157  -0.494788 -15.647392 10.212951 -3.744850  1.278922  0.000000 -0.000000  0.000000 0.000000 0.000000 0.000000
52.804000  -0.125953  -0.577163 -15.833250 10.211734 -3.746652  1.280089  0.000000 -0.000000  0.000000 0.000000 0.000000 0.000000
52.839000  -0.099719  -0.689833 -15.736648 10.207465 -3.747577  1.280651  0.000000 -0.000000  0.000000 0.000000 0.000000 0.000000
52.874000  -0.120729  -0.721477 -15.540891 10.206752 -3.746225  1.281580  0.000000 -0.000000  0.000000 0.000000 0.000000 0.000000
52.908000  -0.182107  -0.684363 -15.673916 10.205872 -3.747014  1.281790  0.000000 -0.000000  0.000000 0.000000 0.000000 0.000000
52.948000  -0.273706  -0.536012 -15.688787 10.209797 -3.746960  1.281810  0.000000 -0.000000  0.000000 0.000000 0.000000 0.000000
52.980000  -0.332909  -0.402642 -15.602121 10.209543 -3.746125  1.281247  0.000000 -0.000000  0.000000 0.000000 0.000000 0.000000
53.017000  -0.368535  -0.314975 -15.523724 10.211630 -3.744883  1.280523  0.000000 -0.000000  0.000000 0.000000 0.000000 0.000000
53.054000  -0.370514  -0.266542 -15.491874 10.212138 -3.743879  1.279611  0.000000 -0.000000  0.000000 0.000000 0.000000 0.000000
53.089000  -0.334103  -0.242961 -15.212837 10.211368 -3.740712  1.279231  0.000000 -0.000000  0.000000 0.000000 0.000000 0.000000
53.122000  -0.231796  -0.250279 -15.408185 10.208027 -3.739727  1.278845  0.000000 -0.000000  0.000000 0.000000 0.000000 0.000000
53.157000  -0.103355  -0.232168 -15.584450 10.208859 -3.739734  1.278220  0.000000 -0.000000  0.000000 0.000000 0.000000 0.000000
53.191000   0.055899  -0.143996 -15.563529 10.209903 -3.739707  1.279283  0.000000 -0.000000  0.000000 0.000000 0.000000 0.000000
53.225000   0.179730  -0.074798 -15.494834 10.213320 -3.738467  1.278745  0.000000 -0.000000  0.000000 0.000000 0.000000 0.000000
53.262000   0.286925  -0.041415 -15.373520 10.216361 -3.736774  1.277402  0.000000 -0.000000  0.000000 0.000000 0.000000 0.000000
53.295000   0.381935  -0.043170 -15.477848 10.215618 -3.736866  1.278286  0.000000 -0.000000  0.000000 0.000000 0.000000 0.000000
53.333000   0.510225  -0.153615 -15.378744 10.216363 -3.735682  1.278600  0.000000 -0.000000  0.000000 0.000000 0.000000 0.000000
53.366000   0.574699  -0.249959 -15.469973 10.217953 -3.734799  1.279004  0.000000 -0.000000  0.000000 0.000000 0.000000 0.000000
53.400000   0.639563  -0.354178 -15.448730 10.214107 -3.734268  1.277752  0.000000 -0.000000  0.000000 0.000000 0.000000 0.000000
53.435000   0.671517  -0.446710 -15.509946 10.217952 -3.733978  1.278208  0.000000 -0.000000  0.000000 0.000000 0.000000 0.000000
53.468000   0.704935  -0.474214 -15.521563 10.218184 -3.734738  1.279818  0.000000 -0.000000  0.000000 0.000000 0.000000 0.000000
53.503000   0.702486  -0.504011 -15.572105 10.217426 -3.735671  1.278948  0.000000 -0.000000  0.000000 0.000000 0.000000 0.000000
53.537000   0.660624  -0.540050 -15.636981 10.218071 -3.737216  1.278970  0.000000 -0.000000  0.000000 0.000000 0.000000 0.000000
53.573000   0.586618  -0.571611 -15.644994 10.215457 -3.738621  1.277811  0.000000 -0.000000  0.000000 0.000000 0.000000 0.000000
53.608000   0.426707  -0.608338 -15.649350 10.215249 -3.740441  1.277168  0.000000 -0.000000  0.000000 0.000000 0.000000 0.000000
53.643000   0.264019  -0.584986 -15.667791 10.213535 -3.742546  1.277211  0.000000 -0.000000  0.000000 0.000000 0.000000 0.000000
53.683000  -0.003943  -0.527113 -15.638078 10.210835 -3.743642  1.277806  0.000000 -0.000000  0.000000 0.000000 0.000000 0.000000
53.721000  -0.278852  -0.470504 -15.672241 10.210386 -3.745338  1.278309  0.000000 -0.000000  0.000000 0.000000 0.000000 0.000000
53.755000  -0.542184  -0.364393 -15.722680 10.208343 -3.747505  1.278684  0.000000 -0.000000  0.000000 0.000000 0.000000 0.000000
53.789000  -0.749691  -0.235200 -15.629368 10.207740 -3.747989  1.279410  0.000000 -0.000000  0.000000 0.000000 0.000000 0.000000
53.823000  -0.958163  -0.136499 -15.648706 10.207101 -3.749034  1.279746  0.000000 -0.000000  0.000000 0.000000 0.000000 0.000000
53.857000  -1.119073  -0.013025 -15.518605 10.211834 -3.747891  1.278179  0.000000 -0.000000  0.000000 0.000000 0.000000 0.000000
53.892000  -1.248355   0.074904 -15.671172 10.209928 -3.749043  1.277936  0.000000 -0.000000  0.000000 0.000000 0.000000 0.000000
53.928000  -1.261290   0.080900 -15.574652 10.213041 -3.748911  1.278619  0.000000 -0.000000  0.000000 0.000000 0.000000 0.000000
53.963000  -1.229946   0.037076 -15.607785 10.212553 -3.748470  1.278835  0.000000 -0.000000  0.000000 0.000000 0.000000 0.000000
53.998000  -1.151978  -0.029531 -15.567199 10.212312 -3.748963  1.279754  0.000000 -0.000000  0.000000 0.000000 0.000000 0.000000
54.034000  -0.988688  -0.133837 -15.570532 10.211145 -3.747864  1.278979  0.000000 -0.000000  0.000000 0.000000 0.000000 0.000000
54.068000  -0.850330  -0.218076 -15.505607 10.213185 -3.747502  1.279899  0.000000 -0.000000  0.000000 0.000000 0.000000 0.000000
54.101000  -0.684506  -0.273386 -15.760683 10.210590 -3.749115  1.280752  0.000000 -0.000000  0.000000 0.000000 0.000000 0.000000
54.138000  -0.509668  -0.327926 -15.706439 10.211548 -3.748261  1.279704  0.000000 -0.000000  0.000000 0.000000 0.000000 0.000000
54.172000  -0.360528  -0.351386 -15.638662 10.214547 -3.746934  1.278959  0.000000 -0.000000  0.000000 0.000000 0.000000 0.000000
54.207000  -0.258974  -0.357416 -15.574535 10.215392 -3.745616  1.279670  0.000000 -0.000000  0.000000 0.000000 0.000000 0.000000
54.242000  -0.118448  -0.416861 -15.591673 10.214572 -3.744680  1.278072  0.000000 -0.000000  0.000000 0.000000 0.000000 0.000000
54.275000   0.013055  -0.477825 -15.541319 10.211758 -3.744339  1.277780  0.000000 -0.000000  0.000000 0.000000 0.000000 0.000000
54.308000   0.143084  -0.502055 -15.623344 10.214763 -3.744242  1.278297  0.000000 -0.000000  0.000000 0.000000 0.000000 0.000000
54.342000   0.230948  -0.475461 -15.472070 10.216785 -3.742302  1.279546  0.000000 -0.000000  0.000000 0.000000 0.000000 0.000000
54.376000   0.311560  -0.439148 -15.432080 10.218757 -3.740894  1.280550  0.000000 -0.000000  0.000000 0.000000 0.000000 0.000000
54.417000   0.394332  -0.453453 -15.479200 10.216835 -3.740078  1.281638  0.000000 -0.000000  0.000000 0.000000 0.000000 0.000000
54.451000   0.481752  -0.510471 -15.600972 10.214287 -3.740773  1.281964  0.000000 -0.000000  0.000000 0.000000 0.000000 0.000000
54.485000   0.552298  -0.534598 -15.595073 10.212149 -3.740861  1.281608  0.000000 -0.000000  0.000000 0.000000 0.000000 0.000000
54.520000   0.565460  -0.472049 -15.622238 10.211705 -3.741003  1.281140  0.000000 -0.000000  0.000000 0.000000 0.000000 0.000000
54.556000   0.505453  -0.372469 -15.618875 10.214652 -3.740567  1.281236  0.000000 -0.000000  0.000000 0.000000 0.000000 0.000000
54.588000   0.421553  -0.259555 -15.569687 10.213120 -3.740637  1.281284  0.000000 -0.000000  0.000000 0.000000 0.000000 0.000000
54.622000   0.328361  -0.189214 -15.664024 10.213058 -3.740548  1.280480  0.000000 -0.000000  0.000000 0.000000 0.000000 0.000000
54.659000   0.239197  -0.151399 -15.669262 10.215904 -3.740893  1.279388  0.000000 -0.000000  0.000000 0.000000 0.000000 0.000000
54.692000   0.141916  -0.104212 -15.558726 10.213550 -3.740869  1.279397  0.000000 -0.000000  0.000000 0.000000 0.000000 0.000000
54.726000   0.060780  -0.122143 -15.634738 10.209971 -3.741208  1.279035  0.000000 -0.000000  0.000000 0.000000 0.000000 0.000000
54.760000  -0.026886  -0.148217 -15.587102 10.206716 -3.741708  1.278454  0.000000 -0.000000  0.000000 0.000000 0.000000 0.000000
54.794000  -0.106462  -0.107950 -15.759061 10.209109 -3.742859  1.278076  0.000000 -0.000000  0.000000 0.000000 0.000000 0.000000
54.828000  -0.214061  -0.010889 -15.567971 10.207487 -3.742639  1.277789  0.000000 -0.000000  0.000000 0.000000 0.000000 0.000000
54.862000  -0.312854   0.061896 -15.664805 10.207677 -3.743370  1.278098  0.000000 -0.000000  0.000000 0.000000 0.000000 0.000000
54.899000  -0.404854   0.107675 -15.597841 10.206382 -3.743250  1.277576  0.000000 -0.000000  0.000000 0.000000 0.000000 0.000000
54.931000  -0.463754   0.151001 -15.691639 10.207375 -3.744400  1.277937  0.000000 -0.000000  0.000000 0.000000 0.000000 0.000000
54.967000  -0.512987   0.176708 -15.801643 10.207159 -3.745963  1.277511  0.000000 -0.000000  0.000000 0.000000 0.000000 0.000000
54.999000  -0.555482   0.174858 -15.660928 10.205183 -3.745794  1.278235  0.000000 -0.000000  0.000000 0.000000 0.000000 0.000000
55.033000  -0.608844   0.148470 -15.683028 10.204808 -3.746400  1.278041  0.000000 -0.000000  0.000000 0.000000 0.000000 0.000000
55.067000  -0.655427   0.131709 -15.560155 10.203102 -3.746123  1.278261  0.000000 -0.000000  0.000000 0.000000 0.000000 0.000000
55.102000  -0.666842   0.125821 -15.599339 10.203683 -3.745865  1.278724  0.000000 -0.000000  0.000000 0.000000 0.000000 0.000000
55.137000  -0.694813   0.152333 -14.863495 10.206842 -3.738409  1.280090  0.000000 -0.000000  0.000000 0.000000 0.000000 0.000000
55.170000  -0.645581   0.149879 -15.138259 10.209232 -3.734990  1.279890  0.000000 -0.000000  0.000000 0.000000 0.000000 0.000000
55.207000  -0.470696   0.151198 -15.557584 10.208254 -3.736251  1.280526  0.000000 -0.000000  0.000000 0.000000 0.000000 0.000000
55.249000  -0.034842   0.110356 -15.507111 10.208466 -3.737041  1.280217  0.000000 -0.000000  0.000000 0.000000 0.000000 0.000000
55.284000   0.228010   0.045489 -15.493661 10.208355 -3.737844  1.280307  0.000000 -0.000000  0.000000 0.000000 0.000000 0.000000
55.318000   0.459972  -0.027131 -15.515837 10.209096 -3.738417  1.280010  0.000000 -0.000000  0.000000 0.000000 0.000000 0.000000
55.354000   0.561873  -0.118919 -15.764204 10.210611 -3.740909  1.280077  0.000000 -0.000000  0.000000 0.000000 0.000000 0.000000
55.387000   0.624914  -0.192328 -15.613379 10.207680 -3.741177  1.279640  0.000000 -0.000000  0.000000 0.000000 0.000000 0.000000
55.422000   0.536876  -0.291203 -15.645998 10.210254 -3.741853  1.279558  0.000000 -0.000000  0.000000 0.000000 0.000000 0.000000
55.457000   0.422010  -0.336167 -15.574389 10.212608 -3.741460  1.278511  0.000000 -0.000000  0.000000 0.000000 0.000000 0.000000
55.489000   0.281036  -0.395646 -15.728375 10.214466 -3.742724  1.279266  0.000000 -0.000000  0.000000 0.000000 0.000000 0.000000
55.524000   0.137084  -0.478176 -15.522752 10.219398 -3.742267  1.280193  0.000000 -0.000000  0.000000 0.000000 0.000000 0.000000
55.559000   0.006396  -0.619510 -15.531309 10.219753 -3.742036  1.278295  0.000000 -0.000000  0.000000 0.000000 0.000000 0.000000
55.592000  -0.090626  -0.750479 -15.554469 10.220633 -3.742291  1.278836  0.000000 -0.000000  0.000000 0.000000 0.000000 0.000000
55.628000  -0.135206  -0.937003 -15.584798 10.218255 -3.742885  1.278941  0.000000 -0.000000  0.000000 0.000000 0.000000 0.000000
55.656000  -0.162790  -1.026627 -15.669556 10.217613 -3.743785  1.279077  0.000000 -0.000000  0.000000 0.000000 0.000000 0.000000
55.695000  -0.203235  -1.141440 -15.626754 10.217317 -3.744776  1.279011  0.000000 -0.000000  0.000000 0.000000 0.000000 0.000000
55.728000  -0.254328  -1.124247 -15.645979 10.218124 -3.745572  1.279428  0.000000 -0.000000  0.000000 0.000000 0.000000 0.000000
55.765000  -0.298762  -1.058923 -15.626187 10.218669 -3.746264  1.279275  0.000000 -0.000000  0.000000 0.000000 0.000000 0.000000
55.799000  -0.356562  -0.980947 -15.684727 10.218175 -3.747099  1.279762  0.000000 -0.000000  0.000000 0.000000 0.000000 0.000000
55.834000  -0.411201  -0.906819 -15.438698 10.219350 -3.745382  1.279558  0.000000 -0.000000  0.000000 0.000000 0.000000 0.000000
55.868000  -0.464111  -0.829987 -15.574568 10.221214 -3.745618  1.279803  0.000000 -0.000000  0.000000 0.000000 0.000000 0.000000
55.899000  -0.461582  -0.742925 -15.532458 10.220646 -3.745382  1.279742  0.000000 -0.000000  0.000000 0.000000 0.000000 0.000000
55.937000  -0.434645  -0.690135 -15.470326 10.221847 -3.744371  1.279409  0.000000 -0.000000  0.000000 0.000000 0.000000 0.000000
55.971000  -0.380383  -0.628403 -15.655350 10.221088 -3.745369  1.279972  0.000000 -0.000000  0.000000 0.000000 0.000000 0.000000
56.005000  -0.293608  -0.619985 -15.675022 10.219360 -3.745792  1.278099  0.000000 -0.000000  0.000000 0.000000 0.000000 0.000000
56.038000  -0.209443  -0.582926 -15.632957 10.220486 -3.746283  1.276908  0.000000 -0.000000  0.000000 0.000000 0.000000 0.000000
56.072000  -0.166867  -0.520280 -15.654555 10.218786 -3.746411  1.277054  0.000000 -0.000000  0.000000 0.000000 0.000000 0.000000
56.108000  -0.142860  -0.480484 -15.622104 10.216962 -3.746209  1.276840  0.000000 -0.000000  0.000000 0.000000 0.000000 0.000000
56.144000  -0.140945  -0.421993 -15.606628 10.215217 -3.745703  1.278708  0.000000 -0.000000  0.000000 0.000000 0.000000 0.000000
56.179000  -0.156058  -0.334179 -15.637975 10.211950 -3.745666  1.279119  0.000000 -0.000000  0.000000 0.000000 0.000000 0.000000
56.211000  -0.179104  -0.241809 -15.594599 10.210408 -3.745061  1.278647  0.000000 -0.000000  0.000000 0.000000 0.000000 0.000000
56.247000  -0.181893  -0.084060 -15.585271 10.209099 -3.744167  1.279479  0.000000 -0.000000  0.000000 0.000000 0.000000 0.000000
56.280000  -0.209728   0.081131 -15.690841 10.209544 -3.744769  1.280005  0.000000 -0.000000  0.000000 0.000000 0.000000 0.000000
56.315000  -0.213225   0.251091 -15.677367 10.209359 -3.744695  1.280186  0.000000 -0.000000  0.000000 0.000000 0.000000 0.000000
56.348000  -0.217312   0.366648 -15.681715 10.207902 -3.744455  1.278968  0.000000 -0.000000  0.000000 0.000000 0.000000 0.000000
56.385000  -0.233443   0.452385 -15.519285 10.206477 -3.743809  1.278343  0.000000 -0.000000  0.000000 0.000000 0.000000 0.000000
56.418000  -0.248880   0.485109 -15.768037 10.206492 -3.744703  1.277214  0.000000 -0.000000  0.000000 0.000000 0.000000 0.000000
56.454000  -0.249869   0.541142 -15.626526 10.208354 -3.744405  1.276786  0.000000 -0.000000  0.000000 0.000000 0.000000 0.000000
56.491000  -0.249087   0.536894 -15.615309 10.208015 -3.743783  1.276794  0.000000 -0.000000  0.000000 0.000000 0.000000 0.000000
56.524000  -0.263409   0.485589 -15.570115 10.205306 -3.743100  1.277137  0.000000 -0.000000  0.000000 0.000000 0.000000 0.000000
56.564000  -0.245200   0.371013 -15.496614 10.203972 -3.741769  1.278593  0.000000 -0.000000  0.000000 0.000000 0.000000 0.000000
56.598000  -0.224602   0.314924 -15.470129 10.205599 -3.740468  1.279744  0.000000 -0.000000  0.000000 0.000000 0.000000 0.000000
56.632000  -0.178180   0.272102 -15.607705 10.204805 -3.740655  1.278871  0.000000 -0.000000  0.000000 0.000000 0.000000 0.000000
56.671000  -0.095167   0.221643 -15.492762 10.203557 -3.739765  1.279017  0.000000 -0.000000  0.000000 0.000000 0.000000 0.000000
56.703000  -0.055193   0.174928 -15.589223 10.201678 -3.740447  1.278923  0.000000 -0.000000  0.000000 0.000000 0.000000 0.000000
56.738000   0.020562   0.165789 -15.594809 10.203177 -3.740360  1.277033  0.000000 -0.000000  0.000000 0.000000 0.000000 0.000000
56.773000   0.041718   0.164003 -15.486338 10.205569 -3.739962  1.278421  0.000000 -0.000000  0.000000 0.000000 0.000000 0.000000
56.805000   0.060805   0.176365 -15.511976 10.206636 -3.739497  1.278621  0.000000 -0.000000  0.000000 0.000000 0.000000 0.000000
56.839000   0.082859   0.124916 -15.578288 10.209652 -3.739469  1.279404  0.000000 -0.000000  0.000000 0.000000 0.000000 0.000000
56.879000   0.115749   0.008892 -15.497275 10.212488 -3.739196  1.279815  0.000000 -0.000000  0.000000 0.000000 0.000000 0.000000
56.911000   0.140570  -0.126004 -15.495723 10.218124 -3.738692  1.277922  0.000000 -0.000000  0.000000 0.000000 0.000000 0.000000
56.944000   0.178831  -0.295641 -15.608001 10.220977 -3.739036  1.279011  0.000000 -0.000000  0.000000 0.000000 0.000000 0.000000
56.984000   0.252374  -0.611420 -15.738496 10.224561 -3.741524  1.277363  0.000000 -0.000000  0.000000 0.000000 0.000000 0.000000
57.018000   0.295223  -0.886556 -15.683737 10.227058 -3.743365  1.276883  0.000000 -0.000000  0.000000 0.000000 0.000000 0.000000
57.057000   0.283685  -1.244325 -15.622816 10.226712 -3.743502  1.278134  0.000000 -0.000000  0.000000 0.000000 0.000000 0.000000
57.096000   0.240696  -1.576639 -15.465324 10.227172 -3.743266  1.276893  0.000000 -0.000000  0.000000 0.000000 0.000000 0.000000
57.129000   0.157001  -1.792170 -15.298760 10.230944 -3.740303  1.277042  0.000000 -0.000000  0.000000 0.000000 0.000000 0.000000
57.164000   0.082885  -1.899239 -15.561836 10.232448 -3.740837  1.277656  0.000000 -0.000000  0.000000 0.000000 0.000000 0.000000
57.198000   0.074197  -1.959226 -15.656633 10.228871 -3.742235  1.279610  0.000000 -0.000000  0.000000 0.000000 0.000000 0.000000
57.231000   0.110632  -1.964400 -15.654398 10.225252 -3.743029  1.280727  0.000000 -0.000000  0.000000 0.000000 0.000000 0.000000
57.266000   0.103387  -1.904922 -15.549174 10.224988 -3.742036  1.282507  0.000000 -0.000000  0.000000 0.000000 0.000000 0.000000
57.303000   0.062746  -1.690178 -15.501058 10.220753 -3.741641  1.283293  0.000000 -0.000000  0.000000 0.000000 0.000000 0.000000
57.336000   0.001977  -1.435512 -15.732040 10.215554 -3.743897  1.283182  0.000000 -0.000000  0.000000 0.000000 0.000000 0.000000
57.370000  -0.036928  -1.087367 -15.686321 10.213496 -3.744530  1.283393  0.000000 -0.000000  0.000000 0.000000 0.000000 0.000000
57.405000  -0.148221  -0.641459 -15.619549 10.210876 -3.744482  1.283784  0.000000 -0.000000  0.000000 0.000000 0.000000 0.000000
57.439000  -0.295629  -0.226821 -15.655245 10.209316 -3.744807  1.283429  0.000000 -0.000000  0.000000 0.000000 0.000000 0.000000
57.473000  -0.418079   0.200991 -15.461116 10.205731 -3.743627  1.282449  0.000000 -0.000000  0.000000 0.000000 0.000000 0.000000
57.507000  -0.545663   0.551349 -15.471246 10.203914 -3.742462  1.281542  0.000000 -0.000000  0.000000 0.000000 0.000000 0.000000
57.542000  -0.625195   0.916077 -15.536666 10.199457 -3.741877  1.281183  0.000000 -0.000000  0.000000 0.000000 0.000000 0.000000
57.575000  -0.639850   1.160863 -15.609490 10.195539 -3.742037  1.281487  0.000000 -0.000000  0.000000 0.000000 0.000000 0.000000
57.613000  -0.622901   1.464713 -15.749570 10.190305 -3.742955  1.281317  0.000000 -0.000000  0.000000 0.000000 0.000000 0.000000
57.644000  -0.619117   1.664697 -15.692001 10.189371 -3.743024  1.281661  0.000000 -0.000000  0.000000 0.000000 0.000000 0.000000
57.678000  -0.631130   1.868477 -15.676056 10.189775 -3.742882  1.281395  0.000000 -0.000000  0.000000 0.000000 0.000000 0.000000
57.716000  -0.653224   2.023996 -15.475690 10.192610 -3.741978  1.281285  0.000000 -0.000000  0.000000 0.000000 0.000000 0.000000
57.750000  -0.650726   2.055237 -15.638699 10.192779 -3.742162  1.279910  0.000000 -0.000000  0.000000 0.000000 0.000000 0.000000
57.786000  -0.611206   1.944694 -15.689746 10.190423 -3.743084  1.279376  0.000000 -0.000000  0.000000 0.000000 0.000000 0.000000
57.818000  -0.553329   1.740592 -15.670461 10.189827 -3.743581  1.279380  0.000000 -0.000000  0.000000 0.000000 0.000000 0.000000
57.852000  -0.511511   1.492658 -15.647762 10.191104 -3.744250  1.278559  0.000000 -0.000000  0.000000 0.000000 0.000000 0.000000
57.887000  -0.488153   1.244528 -15.618314 10.191124 -3.744128  1.278607  0.000000 -0.000000  0.000000 0.000000 0.000000 0.000000
57.922000  -0.466899   0.962687 -15.616484 10.192268 -3.743841  1.277957  0.000000 -0.000000  0.000000 0.000000 0.000000 0.000000
57.956000  -0.466638   0.688735 -15.595682 10.197214 -3.742845  1.277863  0.000000 -0.000000  0.000000 0.000000 0.000000 0.000000
57.990000  -0.422103   0.415691 -15.501624 10.199632 -3.742272  1.277565  0.000000 -0.000000  0.000000 0.000000 0.000000 0.000000
58.024000  -0.352879   0.130117 -15.600874 10.202101 -3.742494  1.278122  0.000000 -0.000000  0.000000 0.000000 0.000000 0.000000
58.058000  -0.237657  -0.186350 -15.599920 10.203827 -3.742495  1.277929  0.000000 -0.000000  0.000000 0.000000 0.000000 0.000000
58.095000  -0.125351  -0.524998 -15.557514 10.204361 -3.742171  1.277818  0.000000 -0.000000  0.000000 0.000000 0.000000 0.000000
58.131000  -0.015726  -0.810633 -15.842076 10.202804 -3.744727  1.277304  0.000000 -0.000000  0.000000 0.000000 0.000000 0.000000
58.165000   0.077244  -1.030903 -15.596390 10.208697 -3.743726  1.277229  0.000000 -0.000000  0.000000 0.000000 0.000000 0.000000
58.202000   0.098893  -1.158242 -15.583520 10.214771 -3.743143  1.277187  0.000000 -0.000000  0.000000 0.000000 0.000000 0.000000
58.236000   0.114764  -1.271717 -15.550232 10.217883 -3.742723  1.277860  0.000000 -0.000000  0.000000 0.000000 0.000000 0.000000
58.271000   0.153480  -1.422814 -15.654496 10.221383 -3.743138  1.277695  0.000000 -0.000000  0.000000 0.000000 0.000000 0.000000
58.304000   0.206585  -1.572814 -15.548995 10.222104 -3.743109  1.278659  0.000000 -0.000000  0.000000 0.000000 0.000000 0.000000
58.339000   0.245817  -1.732331 -15.482999 10.225667 -3.741947  1.280038  0.000000 -0.000000  0.000000 0.000000 0.000000 0.000000
58.373000   0.283593  -1.830777 -15.513782 10.223831 -3.741726  1.280231  0.000000 -0.000000  0.000000 0.000000 0.000000 0.000000
58.408000   0.318363  -1.898557 -15.538652 10.225370 -3.741175  1.281289  0.000000 -0.000000  0.000000 0.000000 0.000000 0.000000
58.441000   0.360346  -1.901066 -15.596769 10.225723 -3.741053  1.280871  0.000000 -0.000000  0.000000 0.000000 0.000000 0.000000
58.475000   0.376113  -1.822134 -15.654270 10.225383 -3.741750  1.281196  0.000000 -0.000000  0.000000 0.000000 0.000000 0.000000
58.511000   0.382590  -1.708373 -15.652383 10.225952 -3.742018  1.280659  0.000000 -0.000000  0.000000 0.000000 0.000000 0.000000
58.545000   0.366890  -1.538032 -15.626942 10.226704 -3.741640  1.279935  0.000000 -0.000000  0.000000 0.000000 0.000000 0.000000
58.578000   0.319751  -1.382583 -15.478819 10.226638 -3.740925  1.279694  0.000000 -0.000000  0.000000 0.000000 0.000000 0.000000
58.614000   0.268032  -1.200625 -15.521366 10.225979 -3.740410  1.279354  0.000000 -0.000000  0.000000 0.000000 0.000000 0.000000
58.646000   0.220599  -1.033254 -15.596498 10.225546 -3.740364  1.278689  0.000000 -0.000000  0.000000 0.000000 0.000000 0.000000
58.680000   0.191060  -0.831241 -15.708986 10.223242 -3.741793  1.278961  0.000000 -0.000000  0.000000 0.000000 0.000000 0.000000
58.720000   0.155443  -0.652832 -15.827593 10.222596 -3.743993  1.278193  0.000000 -0.000000  0.000000 0.000000 0.000000 0.000000
58.756000   0.083519  -0.445488 -15.708163 10.222556 -3.744499  1.278243  0.000000 -0.000000  0.000000 0.000000 0.000000 0.000000
58.791000  -0.040187  -0.304458 -15.579579 10.223790 -3.743029  1.278968  0.000000 -0.000000  0.000000 0.000000 0.000000 0.000000
58.825000  -0.172658  -0.169555 -15.557006 10.224332 -3.742529  1.278328  0.000000 -0.000000  0.000000 0.000000 0.000000 0.000000
58.860000  -0.285136  -0.094738 -15.446983 10.225330 -3.741475  1.279083  0.000000 -0.000000  0.000000 0.000000 0.000000 0.000000
58.893000  -0.326130  -0.087378 -15.421403 10.224444 -3.740491  1.279111  0.000000 -0.000000  0.000000 0.000000 0.000000 0.000000
58.929000  -0.324603  -0.112831 -15.490209 10.225666 -3.739876  1.279676  0.000000 -0.000000  0.000000 0.000000 0.000000 0.000000
58.963000  -0.258664  -0.156842 -15.566939 10.221419 -3.740285  1.279504  0.000000 -0.000000  0.000000 0.000000 0.000000 0.000000
58.997000  -0.186339  -0.200305 -15.423976 10.219573 -3.739812  1.279369  0.000000 -0.000000  0.000000 0.000000 0.000000 0.000000
59.034000  -0.098705  -0.221747 -15.302587 10.218821 -3.737374  1.279040  0.000000 -0.000000  0.000000 0.000000 0.000000 0.000000
59.069000  -0.037115  -0.167001 -15.488489 10.218789 -3.737502  1.279380  0.000000 -0.000000  0.000000 0.000000 0.000000 0.000000
59.102000   0.041575  -0.095731 -15.505058 10.216505 -3.737731  1.279100  0.000000 -0.000000  0.000000 0.000000 0.000000 0.000000
59.136000   0.135607  -0.026286 -15.515529 10.218571 -3.737165  1.278614  0.000000 -0.000000  0.000000 0.000000 0.000000 0.000000
59.169000   0.171280   0.057661 -15.467280 10.219386 -3.737313  1.278739  0.000000 -0.000000  0.000000 0.000000 0.000000 0.000000
59.204000   0.226166   0.089191 -15.492005 10.218857 -3.737462  1.278532  0.000000 -0.000000  0.000000 0.000000 0.000000 0.000000
59.241000   0.228996   0.051721 -15.544589 10.216751 -3.738436  1.278292  0.000000 -0.000000  0.000000 0.000000 0.000000 0.000000
59.276000   0.241283   0.009058 -15.525767 10.213970 -3.739601  1.277991  0.000000 -0.000000  0.000000 0.000000 0.000000 0.000000
59.312000   0.200760  -0.026996 -15.615774 10.213129 -3.740442  1.278442  0.000000 -0.000000  0.000000 0.000000 0.000000 0.000000
59.346000   0.108794  -0.016986 -15.620087 10.213329 -3.741177  1.279365  0.000000 -0.000000  0.000000 0.000000 0.000000 0.000000
59.383000  -0.008979   0.013735 -15.634017 10.214012 -3.742107  1.279116  0.000000 -0.000000  0.000000 0.000000 0.000000 0.000000
59.417000  -0.132980   0.020863 -15.653847 10.213939 -3.742903  1.278161  0.000000 -0.000000  0.000000 0.000000 0.000000 0.000000
59.451000  -0.259136   0.003216 -15.588979 10.213727 -3.743466  1.278678  0.000000 -0.000000  0.000000 0.000000 0.000000 0.000000
59.489000  -0.392713  -0.052417 -15.532282 10.214032 -3.743674  1.278785  0.000000 -0.000000  0.000000 0.000000 0.000000 0.000000
59.524000  -0.485310  -0.095783 -15.582485 10.211785 -3.743825  1.279190  0.000000 -0.000000  0.000000 0.000000 0.000000 0.000000
59.557000  -0.545512  -0.154297 -15.624956 10.209581 -3.744611  1.279012  0.000000 -0.000000  0.000000 0.000000 0.000000 0.000000
59.592000  -0.591368  -0.177819 -15.615742 10.206997 -3.746103  1.279081  0.000000 -0.000000  0.000000 0.000000 0.000000 0.000000
59.625000  -0.626955  -0.146545 -15.616222 10.205745 -3.746424  1.278547  0.000000 -0.000000  0.000000 0.000000 0.000000 0.000000
59.659000  -0.678403  -0.088450 -15.630806 10.205015 -3.747085  1.279091  0.000000 -0.000000  0.000000 0.000000 0.000000 0.000000
59.694000  -0.737058   0.011071 -15.490622 10.208706 -3.746149  1.278727  0.000000 -0.000000  0.000000 0.000000 0.000000 0.000000
59.728000  -0.766121   0.109859 -15.438938 10.207332 -3.745626  1.278442  0.000000 -0.000000  0.000000 0.000000 0.000000 0.000000
59.762000  -0.756117   0.137060 -15.473856 10.209022 -3.745490  1.277924  0.000000 -0.000000  0.000000 0.000000 0.000000 0.000000
59.795000  -0.702790   0.143080 -15.516577 10.205216 -3.745698  1.278812  0.000000 -0.000000  0.000000 0.000000 0.000000 0.000000
59.830000  -0.625407   0.110477 -15.532246 10.206689 -3.744926  1.278369  0.000000 -0.000000  0.000000 0.000000 0.000000 0.000000
59.864000  -0.538938   0.093531 -15.655638 10.206057 -3.745510  1.278624  0.000000 -0.000000  0.000000 0.000000 0.000000 0.000000
59.897000  -0.444951   0.094174 -15.679327 10.205366 -3.745951  1.278798  0.000000 -0.000000  0.000000 0.000000 0.000000 0.000000
59.931000  -0.364407   0.082123 -15.669522 10.204522 -3.746495  1.279551  0.000000 -0.000000  0.000000 0.000000 0.000000 0.000000
59.966000  -0.299639   0.078230 -15.648960 10.203705 -3.747278  1.280106  0.000000 -0.000000  0.000000 0.000000 0.000000 0.000000
60.000000  -0.273250   0.078446 -15.643651 10.202279 -3.747462  1.280874  0.000000 -0.000000  0.000000 0.000000 0.000000 0.000000
60.034000  -0.281260   0.070111 -15.669921 10.200328 -3.747802  1.280893  0.000000 -0.000000  0.000000 0.000000 0.000000 0.000000
60.067000  -0.311313   0.092562 -15.530866 10.204434 -3.745789  1.280668  0.000000 -0.000000  0.000000 0.000000 0.000000 0.000000
60.101000  -0.351716   0.126423 -15.710945 10.205040 -3.746293  1.280832  0.000000 -0.000000  0.000000 0.000000 0.000000 0.000000
60.140000  -0.349896   0.123525 -15.662791 10.206051 -3.746141  1.280386  0.000000 -0.000000  0.000000 0.000000 0.000000 0.000000
60.175000  -0.312258   0.072655 -15.571296 10.205580 -3.745116  1.279689  0.000000 -0.000000  0.000000 0.000000 0.000000 0.000000
60.209000  -0.273938  -0.006873 -15.680586 10.206136 -3.745621  1.278960  0.000000 -0.000000  0.000000 0.000000 0.000000 0.000000
60.243000  -0.219648  -0.062566 -15.614906 10.204213 -3.745758  1.279572  0.000000 -0.000000  0.000000 0.000000 0.000000 0.000000
60.278000  -0.177155  -0.137116 -15.516186 10.205004 -3.744582  1.279482  0.000000 -0.000000  0.000000 0.000000 0.000000 0.000000
60.311000  -0.167909  -0.166724 -15.618477 10.203228 -3.744488  1.279048  0.000000 -0.000000  0.000000 0.000000 0.000000 0.000000
60.345000  -0.134850  -0.176582 -15.537747 10.204441 -3.743685  1.278613  0.000000 -0.000000  0.000000 0.000000 0.000000 0.000000
60.380000  -0.097800  -0.131254 -15.722202 10.204240 -3.743732  1.279156  0.000000 -0.000000  0.000000 0.000000 0.000000 0.000000
60.418000  -0.069857  -0.104680 -15.534049 10.203085 -3.742961  1.279487  0.000000 -0.000000  0.000000 0.000000 0.000000 0.000000
60.468000  -0.026331  -0.067147 -15.570326 10.205594 -3.741936  1.279631  0.000000 -0.000000  0.000000 0.000000 0.000000 0.000000
60.520000   0.010746  -0.015041 -15.625726 10.208710 -3.742048  1.278108  0.000000 -0.000000  0.000000 0.000000 0.000000 0.000000
60.560000   0.059686  -0.020518 -15.573995 10.213108 -3.741363  1.278064  0.000000 -0.000000  0.000000 0.000000 0.000000 0.000000
60.593000   0.076067  -0.091337 -15.569055 10.211517 -3.741379  1.278107  0.000000 -0.000000  0.000000 0.000000 0.000000 0.000000
60.629000   0.133077  -0.245603 -15.503641 10.212677 -3.740332  1.276698  0.000000 -0.000000  0.000000 0.000000 0.000000 0.000000
60.662000   0.161672  -0.379069 -15.579899 10.214058 -3.741065  1.276128  0.000000 -0.000000  0.000000 0.000000 0.000000 0.000000
60.697000   0.203100  -0.482986 -15.507639 10.215036 -3.739890  1.276721  0.000000 -0.000000  0.000000 0.000000 0.000000 0.000000
60.730000   0.223290  -0.607596 -15.603548 10.214954 -3.740196  1.277056  0.000000 -0.000000  0.000000 0.000000 0.000000 0.000000
60.764000   0.232352  -0.677750 -15.510063 10.216761 -3.739574  1.276963  0.000000 -0.000000  0.000000 0.000000 0.000000 0.000000
60.799000   0.249232  -0.747142 -15.504847 10.218648 -3.739111  1.278118  0.000000 -0.000000  0.000000 0.000000 0.000000 0.000000
60.833000   0.245458  -0.787537 -15.549904 10.218619 -3.739387  1.279002  0.000000 -0.000000  0.000000 0.000000 0.000000 0.000000
60.868000   0.262804  -0.838682 -15.551316 10.218198 -3.739725  1.278846  0.000000 -0.000000  0.000000 0.000000 0.000000 0.000000
60.901000   0.260447  -0.871292 -15.505323 10.216995 -3.739610  1.279604  0.000000 -0.000000  0.000000 0.000000 0.000000 0.000000
60.934000   0.241965  -0.887592 -15.623271 10.214726 -3.740065  1.279360  0.000000 -0.000000  0.000000 0.000000 0.000000 0.000000
60.970000   0.208178  -0.836333 -15.696148 10.215540 -3.741578  1.279667  0.000000 -0.000000  0.000000 0.000000 0.000000 0.000000
61.003000   0.137174  -0.728899 -15.551967 10.216569 -3.741083  1.279442  0.000000 -0.000000  0.000000 0.000000 0.000000 0.000000
61.037000   0.054740  -0.622312 -15.512799 10.216102 -3.740471  1.280038  0.000000 -0.000000  0.000000 0.000000 0.000000 0.000000
61.071000  -0.043377  -0.518125 -15.613849 10.215905 -3.740883  1.279706  0.000000 -0.000000  0.000000 0.000000 0.000000 0.000000
61.106000  -0.108905  -0.431566 -15.490210 10.216786 -3.740034  1.278968  0.000000 -0.000000  0.000000 0.000000 0.000000 0.000000
61.139000  -0.162278  -0.341456 -15.500560 10.218260 -3.740146  1.278813  0.000000 -0.000000  0.000000 0.000000 0.000000 0.000000
61.173000  -0.181857  -0.292562 -15.560557 10.216966 -3.741357  1.279040  0.000000 -0.000000  0.000000 0.000000 0.000000 0.000000
61.214000  -0.187937  -0.271838 -15.558867 10.214753 -3.741785  1.279324  0.000000 -0.000000  0.000000 0.000000 0.000000 0.000000
61.261000  -0.213740  -0.251559 -15.300142 10.219399 -3.738764  1.279911  0.000000 -0.000000  0.000000 0.000000 0.000000 0.000000
61.303000  -0.248161  -0.199265 -15.548266 10.218852 -3.739150  1.279669  0.000000 -0.000000  0.000000 0.000000 0.000000 0.000000
61.337000  -0.194169  -0.211571 -15.556996 10.219125 -3.739841  1.279602  0.000000 -0.000000  0.000000 0.000000 0.000000 0.000000
61.371000  -0.113054  -0.235850 -15.558676 10.221456 -3.740572  1.279664  0.000000 -0.000000  0.000000 0.000000 0.000000 0.000000
61.405000  -0.054777  -0.284868 -15.603945 10.222499 -3.741332  1.278858  0.000000 -0.000000  0.000000 0.000000 0.000000 0.000000
61.439000  -0.000400  -0.380799 -15.681413 10.221921 -3.742654  1.278801  0.000000 -0.000000  0.000000 0.000000 0.000000 0.000000
61.474000   0.024222  -0.504366 -15.600824 10.220665 -3.743447  1.278848  0.000000 -0.000000  0.000000 0.000000 0.000000 0.000000
61.507000  -0.000828  -0.617831 -15.621897 10.217016 -3.743825  1.278764  0.000000 -0.000000  0.000000 0.000000 0.000000 0.000000
61.545000  -0.057453  -0.685566 -15.626202 10.215570 -3.744224  1.278895  0.000000 -0.000000  0.000000 0.000000 0.000000 0.000000
61.577000  -0.135979  -0.672272 -15.546043 10.216836 -3.742885  1.278784  0.000000 -0.000000  0.000000 0.000000 0.000000 0.000000
61.614000  -0.221176  -0.582446 -15.629941 10.217287 -3.743638  1.278735  0.000000 -0.000000  0.000000 0.000000 0.000000 0.000000
61.647000  -0.275199  -0.501475 -15.554406 10.217362 -3.743422  1.278328  0.000000 -0.000000  0.000000 0.000000 0.000000 0.000000
61.683000  -0.304434  -0.418103 -15.587215 10.217189 -3.744001  1.278681  0.000000 -0.000000  0.000000 0.000000 0.000000 0.000000
61.715000  -0.302549  -0.360634 -15.734598 10.215939 -3.745831  1.278377  0.000000 -0.000000  0.000000 0.000000 0.000000 0.000000
61.751000  -0.320454  -0.315012 -15.642394 10.214791 -3.746380  1.278418  0.000000 -0.000000  0.000000 0.000000 0.000000 0.000000
61.783000  -0.378069  -0.278239 -15.451293 10.209404 -3.744676  1.277909  0.000000 -0.000000  0.000000 0.000000 0.000000 0.000000
61.821000  -0.425804  -0.217280 -15.600611 10.209035 -3.744420  1.278684  0.000000 -0.000000  0.000000 0.000000 0.000000 0.000000
61.853000  -0.455467  -0.091411 -15.666249 10.210030 -3.744716  1.278296  0.000000 -0.000000  0.000000 0.000000 0.000000 0.000000
61.888000  -0.469018   0.080028 -15.514506 10.212023 -3.744342  1.278688  0.000000 -0.000000  0.000000 0.000000 0.000000 0.000000
61.920000  -0.454932   0.171695 -15.648263 10.212069 -3.744781  1.278677  0.000000 -0.000000  0.000000 0.000000 0.000000 0.000000
61.954000  -0.414452   0.218015 -15.497486 10.210839 -3.743816  1.278076  0.000000 -0.000000  0.000000 0.000000 0.000000 0.000000
61.988000  -0.368293   0.220823 -15.679343 10.209178 -3.744159  1.278228  0.000000 -0.000000  0.000000 0.000000 0.000000 0.000000
62.023000  -0.323950   0.189344 -15.545439 10.212317 -3.743141  1.278234  0.000000 -0.000000  0.000000 0.000000 0.000000 0.000000
62.057000  -0.280755   0.198182 -15.434601 10.213915 -3.741035  1.278787  0.000000 -0.000000  0.000000 0.000000 0.000000 0.000000
62.091000  -0.231612   0.160015 -15.559997 10.214095 -3.740984  1.279259  0.000000 -0.000000  0.000000 0.000000 0.000000 0.000000
62.126000  -0.112407   0.053952 -15.601174 10.214894 -3.741079  1.279659  0.000000 -0.000000  0.000000 0.000000 0.000000 0.000000
62.172000   0.049083  -0.078102 -15.560160 10.212603 -3.741042  1.280630  0.000000 -0.000000  0.000000 0.000000 0.000000 0.000000
62.210000   0.158376  -0.209707 -15.679004 10.213199 -3.741821  1.281356  0.000000 -0.000000  0.000000 0.000000 0.000000 0.000000
62.248000   0.217121  -0.289305 -15.628748 10.210838 -3.742261  1.280353  0.000000 -0.000000  0.000000 0.000000 0.000000 0.000000
62.282000   0.241731  -0.338394 -15.706608 10.207404 -3.743280  1.280134  0.000000 -0.000000  0.000000 0.000000 0.000000 0.000000
62.315000   0.182958  -0.343089 -15.665978 10.207506 -3.743144  1.279769  0.000000 -0.000000  0.000000 0.000000 0.000000 0.000000
62.349000   0.087963  -0.277734 -15.518400 10.205382 -3.742578  1.278752  0.000000 -0.000000  0.000000 0.000000 0.000000 0.000000
62.383000  -0.012016  -0.206906 -15.522638 10.204633 -3.742006  1.278339  0.000000 -0.000000  0.000000 0.000000 0.000000 0.000000
62.421000  -0.129704  -0.061747 -15.687393 10.204195 -3.743358  1.278581  0.000000 -0.000000  0.000000 0.000000 0.000000 0.000000
62.453000  -0.187877   0.058358 -15.621399 10.203425 -3.744009  1.278734  0.000000 -0.000000  0.000000 0.000000 0.000000 0.000000
62.490000  -0.297365   0.186763 -15.749031 10.204665 -3.745181  1.279814  0.000000 -0.000000  0.000000 0.000000 0.000000 0.000000
62.525000  -0.385511   0.268588 -15.735316 10.203835 -3.745971  1.279621  0.000000 -0.000000  0.000000 0.000000 0.000000 0.000000
62.563000  -0.504490   0.294683 -15.653461 10.203767 -3.745919  1.279733  0.000000 -0.000000  0.000000 0.000000 0.000000 0.000000
62.596000  -0.572682   0.304397 -15.643556 10.202530 -3.746178  1.279725  0.000000 -0.000000  0.000000 0.000000 0.000000 0.000000
62.630000  -0.631187   0.284760 -15.541203 10.200399 -3.746002  1.279869  0.000000 -0.000000  0.000000 0.000000 0.000000 0.000000
