time,posi_x,posi_y,posi_z,vel_x,vel_y,vel_z,acc_x,acc_y,acc_z,jerk_x,jerk_y,jerk_z,yaw,yaw_rate,backup
8.920000000000002,0.050000000000000,-0.049999999238016,0.050000009143805,0.000000000000000,0.000000304087416,0.000003649048993,0.000000000000000,0.000090873635550,0.001090483626596,0.000000000000000,0.018033963949793,0.216407567397516,0.001182498518343,0.013907087690407,1
8.930000000000000,0.050000000000000,-0.049999987920871,0.050000144949552,0.000000000000000,0.000002404601067,0.000028855212799,0.000000000000000,0.000357891207733,0.004294694492800,0.000000000000000,0.035231502307204,0.422778027686453,0.001390656909684,0.027706673617346,1
8.940000000000001,0.050000000000000,-0.049999939415831,0.050000727010032,0.000000000000000,0.000008021430009,0.000096257160114,0.000000000000000,0.000792769699357,0.009513236392285,0.000000000000000,0.051608841749962,0.619306100999545,0.001736273651478,0.041398757780829,1
8.949999999999999,0.050000000000000,-0.049999810302725,0.050002276367303,0.000000000000000,0.000018792442358,0.000225509308296,0.000000000000000,0.001387387727957,0.016648652735485,0.000000000000000,0.067182082546436,0.806184990557229,0.002218273726089,0.054983340180845,1
8.960000000000001,0.050000000000000,-0.049999541186091,0.050005505766905,0.000000000000000,0.000036275095307,0.000435301143687,0.000000000000000,0.002133784281707,0.025605411380487,0.000000000000000,0.081967198555684,0.983606382668203,0.002835582115883,0.068460420817405,1
8.969999999999999,0.050000000000000,-0.049999057491290,0.050011310104517,0.000000000000000,0.000061948032520,0.000743376390244,0.000000000000000,0.003024157455324,0.036289889463893,0.000000000000000,0.095980037227408,1.151760446728897,0.003587123803226,0.081829999690497,1
8.980000000000000,0.050000000000000,-0.049998270244704,0.050020757063549,0.000000000000000,0.000097212668873,0.001166552026476,0.000000000000000,0.004050863185977,0.048610358231725,0.000000000000000,0.109236319601998,1.310835835223975,0.004471823770482,0.095092076800133,1
8.989999999999998,0.050000000000000,-0.049997076838155,0.050035077942134,0.000000000000000,0.000143394762558,0.001720737150695,0.000000000000000,0.005206413989189,0.062476967870273,0.000000000000000,0.121751640310488,1.461019683725858,0.005488607000017,0.108246652146302,1
9.000000000000000,0.050000000000000,-0.049995361777664,0.050055658668027,0.000000000000000,0.000201745974548,0.002420951694575,0.000000000000000,0.006483477694751,0.077801732337012,0.000000000000000,0.133541467574598,1.602497610895176,0.006636398474196,0.121293725729014,1
9.010000000000002,0.050000000000000,-0.049992997416678,0.050084030999867,0.000000000000000,0.000273445415418,0.003281344985013,0.000000000000000,0.007874876182621,0.094498514191447,0.000000000000000,0.144621143206699,1.735453718480386,0.007914123175386,0.134233297548264,1
9.020000000000000,0.050000000000000,-0.049989844673891,0.050121863913314,0.000000000000000,0.000359601179526,0.004315214154308,0.000000000000000,0.009373584118834,0.112483009426006,0.000000000000000,0.155005882609829,1.860070591317949,0.009320706085950,0.147065367604048,1
9.030000000000001,0.050000000000000,-0.049985753735790,0.050170955170516,0.000000000000000,0.000461251866554,0.005535022398644,0.000000000000000,0.010972727691412,0.131672732296941,0.000000000000000,0.164710774777704,1.976529297332444,0.010855072188255,0.159789935896374,1
9.039999999999999,0.050000000000000,-0.049980564744049,0.050233223071411,0.000000000000000,0.000579368090407,0.006952417084879,0.000000000000000,0.012665583346264,0.151987000155164,0.000000000000000,0.173750782294689,2.085009387536270,0.012516146464666,0.172407002425234,1
9.050000000000001,0.050000000000000,-0.049974108467889,0.050310698385334,0.000000000000000,0.000714853975471,0.008578247705654,0.000000000000000,0.014445576523098,0.173346918277178,0.000000000000000,0.182140741335831,2.185688896029972,0.014302853897548,0.184916567190637,1
9.059999999999999,0.050000000000000,-0.049966206961548,0.050405516461423,0.000000000000000,0.000868548640233,0.010422583682791,0.000000000000000,0.016306280391325,0.195675364695902,0.000000000000000,0.189895361666829,2.278744340001940,0.016214119469267,0.197318630192574,1
9.070000000000000,0.050000000000000,-0.049956674206976,0.050519909516287,0.000000000000000,0.001041227668252,0.012494732019026,0.000000000000000,0.018241414585968,0.218896975031611,0.000000000000000,0.197029226644058,2.364350719728688,0.018248868162188,0.209613191431053,1
9.079999999999998,0.050000000000000,-0.049945316741879,0.050656199097452,0.000000000000000,0.001233604566502,0.014803254798025,0.000000000000000,0.020244843943563,0.242938127322751,0.000000000000000,0.203556793214550,2.442681518574593,0.020406024958676,0.221800250906066,1
9.090000000000000,0.050000000000000,-0.049931934273248,0.050816788721029,0.000000000000000,0.001446332211061,0.017355986532727,0.000000000000000,0.022310577238074,0.267726926856887,0.000000000000000,0.209492391916012,2.513908702992138,0.022684514841098,0.233879808617622,1
9.100000000000001,0.050000000000000,-0.049916320276490,0.051004156682123,0.000000000000000,0.001680004280165,0.020160051361986,0.000000000000000,0.024432765916793,0.293193191001521,0.000000000000000,0.214850226876810,2.578202722521712,0.025083262791818,0.245851864565715,1
9.109999999999999,0.050000000000000,-0.049898262580297,0.051220849036440,0.000000000000000,0.001935156674627,0.023221880095526,0.000000000000000,0.026605702836250,0.319268434035000,0.000000000000000,0.219644375815975,2.635732509791701,0.027601193793201,0.257716418750343,1
9.120000000000001,0.050000000000000,-0.049877543937367,0.051469472751591,0.000000000000000,0.002212268925601,0.026547227107208,0.000000000000000,0.028823820998119,0.345885851977423,0.000000000000000,0.223888790043212,2.686665480518541,0.030237232827613,0.269473471171513,1
9.129999999999999,0.050000000000000,-0.049853942581120,0.051752689026564,0.000000000000000,0.002511765589716,0.030141187076590,0.000000000000000,0.031081692285121,0.372980307421453,0.000000000000000,0.227597294458882,2.731167533506582,0.032990304877419,0.281123021829217,1
9.140000000000001,0.050000000000000,-0.049827232768512,0.052073206777860,0.000000000000000,0.002834017631569,0.034008211578825,0.000000000000000,0.033374026196940,0.400488314363278,0.000000000000000,0.230783587554019,2.769403050648229,0.035859334924986,0.292665070723464,1
9.149999999999999,0.050000000000000,-0.049797185309103,0.052433776290764,0.000000000000000,0.003179343793569,0.038152125522832,0.000000000000000,0.035695668586117,0.428348023033408,0.000000000000000,0.233461241410319,2.801534896923819,0.038843247952677,0.304099617854244,1
9.160000000000000,0.050000000000000,-0.049763568080480,0.052837183034245,0.000000000000000,0.003548011953151,0.042576143437808,0.000000000000000,0.038041600393970,0.456499204727640,0.000000000000000,0.235643701700144,2.827724420401726,0.041940968942859,0.315426663221567,1
9.170000000000002,0.050000000000000,-0.049726146530170,0.053286241637954,0.000000000000000,0.003940240467335,0.047282885608025,0.000000000000000,0.040406936386488,0.484883236637860,0.000000000000000,0.237344287686524,2.848131452238281,0.045151422877898,0.326646206825428,1
9.180000000000000,0.050000000000000,-0.049684684164182,0.053783790029821,0.000000000000000,0.004356199504663,0.052274394055952,0.000000000000000,0.042786923890247,0.513443086682960,0.000000000000000,0.238576192223151,2.862914306677812,0.048473534740156,0.337758248665823,1
9.190000000000001,0.050000000000000,-0.049638943022273,0.054332683732721,0.000000000000000,0.004796012364473,0.057552148373680,0.000000000000000,0.045176941528312,0.542123298339745,0.000000000000000,0.239352481754388,2.872229781052649,0.051906229512002,0.348762788742760,1
9.199999999999999,0.050000000000000,-0.049588684140109,0.054935790318688,0.000000000000000,0.005259756783554,0.063117081402646,0.000000000000000,0.047572497956145,0.570869975473743,0.000000000000000,0.239686096315259,2.876233155783097,0.055448432175800,0.359659827056232,1
9.210000000000001,0.050000000000000,-0.049533667998401,0.055595984019188,0.000000000000000,0.005747466230141,0.068969594761691,0.000000000000000,0.049969230597514,0.599630767170165,0.000000000000000,0.239589849531455,2.875078194377457,0.059099067713915,0.370449363606245,1
9.219999999999999,0.050000000000000,-0.049473654959176,0.056316140489887,0.000000000000000,0.006259131185282,0.075109574223389,0.000000000000000,0.052362904380392,0.628354852564704,0.000000000000000,0.239076428619336,2.868917143432021,0.062857061108713,0.381131398392793,1
9.231000000000002,0.050000000000000,-0.049401583574491,0.057180997106111,0.000000000000000,0.006849568882465,0.082194826589579,0.000000000000000,0.054987512404884,0.659850148858612,0.000000000000000,0.238044817049241,2.856537804590891,0.067113569133913,0.392757472121203,1
9.239999999999998,0.050000000000000,-0.049337681571350,0.057947821143805,0.000000000000000,0.007354082209173,0.088248986510079,0.000000000000000,0.057124765019077,0.685497180228925,0.000000000000000,0.236848181228905,2.842178174746851,0.070690821397819,0.402172962675508,1
9.250000000000000,0.050000000000000,-0.049261245102050,0.058865058775403,0.000000000000000,0.007937145659370,0.095245747912439,0.000000000000000,0.059485107875048,0.713821294500569,0.000000000000000,0.235158097136637,2.821897165639640,0.074764438256858,0.412532492171674,1
9.260000000000002,0.050000000000000,-0.049178860278258,0.059853676660906,0.000000000000000,0.008543721855255,0.102524662263060,0.000000000000000,0.061826701344669,0.741920416136023,0.000000000000000,0.233100323688140,2.797203884257678,0.078941112902042,0.422784519904379,1
9.270000000000000,0.050000000000000,-0.049090292970764,0.060916484350833,0.000000000000000,0.009173605119943,0.110083261439317,0.000000000000000,0.064145928915567,0.769751146986806,0.000000000000000,0.230686916053101,2.768242992637211,0.083219770315734,0.432929045873618,1
9.280000000000001,0.050000000000000,-0.048995311285949,0.062056264568617,0.000000000000000,0.009826554212078,0.117918650544931,0.000000000000000,0.066439293995022,0.797271527940264,0.000000000000000,0.227929802991871,2.735157635902445,0.087599335480303,0.442966070079399,1
9.289999999999999,0.050000000000000,-0.048893685915453,0.063275769014565,0.000000000000000,0.010502293518705,0.126027522224456,0.000000000000000,0.068703418645866,0.824441023750392,0.000000000000000,0.224840786855469,2.698089442265616,0.092078733378110,0.452895592521714,1
9.300000000000001,0.050000000000000,-0.048785190473983,0.064577714312210,0.000000000000000,0.011200514235511,0.134406170826129,0.000000000000000,0.070935042322399,0.851220507868782,0.000000000000000,0.221431543585576,2.657178523026902,0.096656888991525,0.462717613200571,1
9.309999999999999,0.050000000000000,-0.048669601825373,0.065964778095528,0.000000000000000,0.011920875534415,0.143050506412974,0.000000000000000,0.073131020606286,0.877572247275430,0.000000000000000,0.217713622714544,2.612563472574526,0.101332727302910,0.472432132115963,1
9.320000000000000,0.050000000000000,-0.048546700397041,0.067439595235511,0.000000000000000,0.012663005718522,0.151956068622264,0.000000000000000,0.075288323942474,0.903459887309692,0.000000000000000,0.213698447365387,2.564381368384638,0.106105173294633,0.482039149267897,1
9.329999999999998,0.050000000000000,-0.048416270482952,0.069004754204572,0.000000000000000,0.013426503364437,0.161118040373245,0.000000000000000,0.077404036375091,0.928848436501089,0.000000000000000,0.209397314251788,2.512767771021443,0.110973151949056,0.491538664656365,1
9.340000000000000,0.050000000000000,-0.048278100535227,0.070662793577277,0.000000000000000,0.014210938451935,0.170531261423217,0.000000000000000,0.079475354283355,0.953704251400261,0.000000000000000,0.204821393678090,2.457856724137068,0.115935588248548,0.500930678281375,1
9.350000000000001,0.050000000000000,-0.048131983444511,0.072416198665865,0.000000000000000,0.015015853480990,0.180190241771878,0.000000000000000,0.081499585117482,0.977995021409781,0.000000000000000,0.199981729539307,2.399780754471679,0.120991407175473,0.510215190142923,1
9.359999999999999,0.050000000000000,-0.047977716809244,0.074267398289068,0.000000000000000,0.015840764576167,0.190089174914007,0.000000000000000,0.083474146134589,1.001689753615064,0.000000000000000,0.194889239321121,2.338670871853439,0.126139533712195,0.519392200241006,1
9.370000000000001,0.050000000000000,-0.047815103193942,0.076218761672696,0.000000000000000,0.016685162578371,0.200221950940457,0.000000000000000,0.085396563134606,1.024758757615271,0.000000000000000,0.189554714099870,2.274656569198433,0.131378892841082,0.528461708575631,1
9.379999999999999,0.050000000000000,-0.047643950376628,0.078272595480461,0.000000000000000,0.017548514123952,0.210582169487422,0.000000000000000,0.087264469196178,1.047173630354135,0.000000000000000,0.183988818542569,2.207865822510825,0.136708409544496,0.537423715146790,1
9.390000000000001,0.050000000000000,-0.047464071585537,0.080431140973554,0.000000000000000,0.018430262711172,0.221163152534065,0.000000000000000,0.089075603412575,1.068907240950898,0.000000000000000,0.178202090906890,2.138425090882675,0.142127008804806,0.546278219954491,1
9.399999999999999,0.050000000000000,-0.047275285725215,0.082696571297424,0.000000000000000,0.019329829754034,0.231957957048402,0.000000000000000,0.090827809627595,1.089933715531132,0.000000000000000,0.172204943041178,2.066459316494131,0.147633615604374,0.555025222998727,1
9.411000000000001,0.050000000000000,-0.047057124734098,0.085314503190828,0.000000000000000,0.020339201353492,0.244070416241898,0.000000000000000,0.092680337436572,1.112164049238865,0.000000000000000,0.164589538143460,1.975074457721516,0.153789518596226,0.564209007946988,1
9.420000000000002,0.050000000000000,-0.046870298562673,0.087556417247920,0.000000000000000,0.021179904836217,0.254158858034602,0.000000000000000,0.094133125515986,1.129597506191824,0.000000000000000,0.158234169709071,1.898810036508849,0.158900856634696,0.571629926375054,1
9.430000000000000,0.050000000000000,-0.046653766783465,0.090154798598424,0.000000000000000,0.022129028577430,0.265548342929160,0.000000000000000,0.095679647671945,1.148155772063340,0.000000000000000,0.151049277753639,1.812591333043661,0.164657978120304,0.579777132332065,1
9.440000000000001,0.050000000000000,-0.046427667643394,0.092867988279276,0.000000000000000,0.023093256232332,0.277119074787983,0.000000000000000,0.097153705430183,1.165844465162199,0.000000000000000,0.143742689870754,1.724912278449050,0.170496054513046,0.587820907801644,1
9.449999999999999,0.050000000000000,-0.046191853746477,0.095697755042274,0.000000000000000,0.024071857211661,0.288862286539930,0.000000000000000,0.098554123639357,1.182649483672284,0.000000000000000,0.136322749321938,1.635872991863258,0.176414051508045,0.595761252783786,1
9.460000000000001,0.050000000000000,-0.045946185059996,0.098645779280049,0.000000000000000,0.025064089589974,0.300769075079682,0.000000000000000,0.099879810030990,1.198557720371883,0.000000000000000,0.128797689418630,1.545572273023559,0.182410934800430,0.603598167278497,1
9.469999999999999,0.050000000000000,-0.045690529023731,0.101713651715227,0.000000000000000,0.026069200928974,0.312830411147683,0.000000000000000,0.101129754119969,1.213557049439630,0.000000000000000,0.121175633522208,1.454107602266502,0.188485670085323,0.611331651285772,1
9.480000000000000,0.050000000000000,-0.045424760651022,0.104902872187742,0.000000000000000,0.027086429089851,0.325037149078206,0.000000000000000,0.102303026105045,1.227636313260540,0.000000000000000,0.113464595043972,1.361575140527664,0.194637223057854,0.618961704805615,1
9.489999999999998,0.050000000000000,-0.045148762621754,0.108214848538957,0.000000000000000,0.028115003034618,0.337380036415415,0.000000000000000,0.103398775769330,1.240785309231960,0.000000000000000,0.105672477445158,1.268069729341903,0.200864559413143,0.626488327838022,1
9.500000000000000,0.050000000000000,-0.044862425367391,0.111650895591304,0.000000000000000,0.029154143616463,0.349849723397551,0.000000000000000,0.104416231380800,1.252994776569601,0.000000000000000,0.097807074236924,1.173684890843098,0.207166644846322,0.633911520382997,1
9.510000000000002,0.050000000000000,-0.044565647151902,0.115212234177176,0.000000000000000,0.030203062867610,0.362436754411324,0.000000000000000,0.105354253920587,1.264251047047039,0.000000000000000,0.089788240295035,1.077458883540423,0.213542265817950,0.641195524224999,1
9.520000000000000,0.050000000000000,-0.044258334181484,0.118899989822194,0.000000000000000,0.031260960513729,0.375131526164745,0.000000000000000,0.106211824557367,1.274541894688400,0.000000000000000,0.081717913964123,0.980614967569479,0.219990212336474,0.648376629762482,1
9.530000000000001,0.050000000000000,-0.043940400703060,0.122715191563283,0.000000000000000,0.032327029582753,0.387924354993041,0.000000000000000,0.106988464797663,1.283861577571954,0.000000000000000,0.073603363382569,0.883240360590835,0.226509455418851,0.655454836995452,1
9.539999999999999,0.050000000000000,-0.043611769055992,0.126658771328097,0.000000000000000,0.033400458679296,0.400805504151552,0.000000000000000,0.107683768291060,1.292205219492714,0.000000000000000,0.065451749024654,0.785420988295857,0.233098966082034,0.662430145923905,1
9.550000000000001,0.050000000000000,-0.043272369712724,0.130731563447309,0.000000000000000,0.034480432700695,0.413765192408339,0.000000000000000,0.108297399753565,1.299568797042775,0.000000000000000,0.057270123700536,0.687241484406436,0.239757715342981,0.669302556547844,1
9.559999999999999,0.050000000000000,-0.042922141312321,0.134934304252146,0.000000000000000,0.035566133542293,0.426793602507519,0.000000000000000,0.108829093890966,1.305949126691589,0.000000000000000,0.049065432556272,0.588785190675263,0.246484674218642,0.676072068867266,1
9.570000000000000,0.050000000000000,-0.042561030687005,0.139267631755945,0.000000000000000,0.036656740791956,0.439880889503475,0.000000000000000,0.109278654322192,1.311343851866303,0.000000000000000,0.040844513073795,0.490134156885551,0.253278813725978,0.682738682882174,1
9.579999999999998,0.050000000000000,-0.042188992881803,0.143732085418369,0.000000000000000,0.037751432413817,0.453017188965801,0.000000000000000,0.109645952502670,1.315751430032038,0.000000000000000,0.032614095070942,0.391369140851314,0.260139104881937,0.689302398592565,1
9.590000000000000,0.050000000000000,-0.041805991167411,0.148328105991067,0.000000000000000,0.038849385421260,0.466192625055119,0.000000000000000,0.109930926647685,1.319171119772214,0.000000000000000,0.024380800701424,0.292569608417089,0.267064518703480,0.695763215998442,1
9.600000000000001,0.050000000000000,-0.041411997046383,0.153056035443405,0.000000000000000,0.039949776539136,0.479397318469629,0.000000000000000,0.110133580655738,1.321602967868850,0.000000000000000,0.016151144454848,0.193813733458180,0.274054026207560,0.702121135099804,1
9.609999999999999,0.050000000000000,-0.041006990251777,0.157916116978672,0.000000000000000,0.041051783241195,0.492621398894337,0.000000000000000,0.110254098072932,1.323049176875186,0.000000000000000,0.007954240480011,0.095450885760141,0.281106644924952,0.708385434457889,1
9.620000000000001,0.050000000000000,-0.040590958729903,0.162908495241168,0.000000000000000,0.042154585488739,0.505855025864867,0.000000000000000,0.110292714034031,1.323512568408376,0.000000000000000,-0.000228096498468,-0.002737157981613,0.288221391418294,0.714546690288989,1
9.629999999999999,0.050000000000000,-0.040163898617688,0.168033216587748,0.000000000000000,0.043257365100132,0.519088381201578,0.000000000000000,0.110249605536385,1.322995266436619,0.000000000000000,-0.008389619062038,-0.100675428744452,0.295397235252309,0.720604902593101,1
9.640000000000001,0.050000000000000,-0.039725814223990,0.173290229312115,0.000000000000000,0.044359305974276,0.532311671691308,0.000000000000000,0.110125011509768,1.321500138117213,0.000000000000000,-0.016524188144194,-0.198290257730323,0.302633145991732,0.726560071370227,1
9.649999999999999,0.050000000000000,-0.039276718005715,0.178679383931419,0.000000000000000,0.045459594704519,0.545515136454223,0.000000000000000,0.109919231732860,1.319030780794318,0.000000000000000,-0.024625773030457,-0.295509276365477,0.309928093201290,0.732412196620364,1
9.660000000000000,0.050000000000000,-0.038816630537842,0.184200433545890,0.000000000000000,0.046557421181725,0.558689054180702,0.000000000000000,0.109632625749726,1.315591508996706,0.000000000000000,-0.032688451358395,-0.392261416300740,0.317281046445716,0.738161278343517,1
9.670000000000002,0.050000000000000,-0.038345580477485,0.189853034270175,0.000000000000000,0.047651979186513,0.571823750238151,0.000000000000000,0.109265611786293,1.311187341435520,0.000000000000000,-0.040706409117607,-0.488476909411278,0.324690975289739,0.743807316539682,1
9.680000000000000,0.050000000000000,-0.037863604522075,0.195636745735103,0.000000000000000,0.048742466970652,0.584909603647818,0.000000000000000,0.108818665666836,1.305823988002034,0.000000000000000,-0.048673940649725,-0.584087287796693,0.332156849298086,0.749350311208859,1
9.690000000000001,0.050000000000000,-0.037370747361785,0.201551031658574,0.000000000000000,0.049828087827634,0.597937053931605,0.000000000000000,0.108292319730449,1.299507836765393,0.000000000000000,-0.056585448648428,-0.679025383781132,0.339677638035493,0.754790262351051,1
9.699999999999999,0.050000000000000,-0.036867061626313,0.207595260484244,0.000000000000000,0.050908050652400,0.610896607828801,0.000000000000000,0.107687161747533,1.292245940970389,0.000000000000000,-0.064435444159421,-0.773225329913044,0.347252311066683,0.760127169966254,1
9.710000000000001,0.050000000000000,-0.036352607831205,0.213768706025543,0.000000000000000,0.051981568458291,0.623778821499492,0.000000000000000,0.107003228439709,1.284038741276504,0.000000000000000,-0.072337956351748,-0.868055476220969,0.354879591955805,0.765311968872132,1
9.719999999999999,0.050000000000000,-0.035827454368432,0.220070547578813,0.000000000000000,0.053047853152071,0.636574237824852,0.000000000000000,0.106240676024611,1.274888112295332,0.000000000000000,-0.080158450780357,-0.961901409364273,0.362558209664410,0.770394533863276,1
9.730000000000000,0.050000000000000,-0.035291677486199,0.226499870165609,0.000000000000000,0.054106122724606,0.649273472695273,0.000000000000000,0.105400348951378,1.264804187416530,0.000000000000000,-0.087892090496503,-1.054705085958033,0.370287141853355,0.775374864939687,1
9.739999999999998,0.050000000000000,-0.034745361209777,0.233055665482675,0.000000000000000,0.055155603851364,0.661867246216370,0.000000000000000,0.104483139518088,1.253797674217060,0.000000000000000,-0.095534142660748,-1.146409711928972,0.378065366183487,0.780252962101364,1
9.750000000000000,0.050000000000000,-0.034188597252282,0.239736832972610,0.000000000000000,0.056195532365702,0.674346388388427,0.000000000000000,0.103489986830670,1.241879841968044,0.000000000000000,-0.103079978542977,-1.236959742515719,0.385891860315666,0.785028825348308,1
9.760000000000002,0.050000000000000,-0.033621484920777,0.246542180950681,0.000000000000000,0.057225153721737,0.686701844660842,0.000000000000000,0.102421875761806,1.229062509141668,0.000000000000000,-0.110525073522382,-1.326300882268578,0.393765601910740,0.789702454680520,1
9.770000000000000,0.050000000000000,-0.033044131017786,0.253470427786566,0.000000000000000,0.058243723446808,0.698924681361689,0.000000000000000,0.101279835909838,1.215358030918058,0.000000000000000,-0.117865007087470,-1.414380085049633,0.401685568629560,0.794273850097996,1
9.780999999999999,0.050000000000000,-0.032397349219177,0.261231809369877,0.000000000000000,0.059350509856830,0.712206118281958,0.000000000000000,0.099939486569311,1.199273838831733,0.000000000000000,-0.125812324055900,-1.509747888670788,0.410449701876420,0.799184304885703,1
9.789999999999999,0.050000000000000,-0.031859162562708,0.267690049247500,0.000000000000000,0.060244783121426,0.722937397457110,0.000000000000000,0.098778305631716,1.185339667580589,0.000000000000000,-0.132212228475317,-1.586546741703794,0.417660088081859,0.803109939188749,1
9.800000000000001,0.050000000000000,-0.031251798144702,0.274978422263571,0.000000000000000,0.061225838418172,0.734710061018066,0.000000000000000,0.097421088660717,1.169053063928600,0.000000000000000,-0.139211195821668,-1.670534349860005,0.425712596137043,0.807374632862026,1
9.809999999999999,0.050000000000000,-0.030634692170950,0.282383693948595,0.000000000000000,0.062192983605074,0.746315803260881,0.000000000000000,0.095997464265126,1.151969571181516,0.000000000000000,-0.145501772884724,-1.746021274616675,0.433808427876774,0.811773984315072,1
9.820000000000000,0.050000000000000,-0.030007986971953,0.289904156336560,0.000000000000000,0.063145579233967,0.757746950807599,0.000000000000000,0.094511300907850,1.134135610894198,0.000000000000000,-0.151718042802588,-1.820616513631050,0.441947721207957,0.816066951152124,1
9.829999999999998,0.050000000000000,-0.029371831157620,0.297538026108560,0.000000000000000,0.064083003724589,0.768996044695070,0.000000000000000,0.092963369805872,1.115560437670470,0.000000000000000,-0.157854397984180,-1.894252775810151,0.450129412284429,0.820253533373179,1
9.840000000000003,0.050000000000000,-0.028726379514171,0.305283445829952,0.000000000000000,0.065004643487078,0.780055721844936,0.000000000000000,0.091354497606626,1.096253971279510,0.000000000000000,-0.163905359930811,-1.966864319169724,0.458352437260037,0.824333730978241,1
9.850000000000001,0.050000000000000,-0.028071792921486,0.313138484942172,0.000000000000000,0.065909893469816,0.790918721637786,0.000000000000000,0.089685565097070,1.076226781164844,0.000000000000000,-0.169865579236161,-2.038386950833923,0.466615732288610,0.828307543967304,1
9.859999999999999,0.050000000000000,-0.027408238265035,0.321101140819582,0.000000000000000,0.066798157694375,0.801577892332495,0.000000000000000,0.087957505912764,1.055490070953171,0.000000000000000,-0.175729835586305,-2.108758027035653,0.474918233523993,0.832174972340372,1
9.869999999999997,0.050000000000000,-0.026735888342526,0.329169339889688,0.000000000000000,0.067668849777547,0.812026197330563,0.000000000000000,0.086171305246944,1.034055662963333,0.000000000000000,-0.181493037759697,-2.177916453116355,0.483258877120027,0.835936016097444,1
9.880000000000003,0.050000000000000,-0.026054921765396,0.337340938815250,0.000000000000000,0.068521393440467,0.822256721285602,0.000000000000000,0.084327998559600,1.011935982715197,0.000000000000000,-0.187150223627177,-2.245802683526112,0.491636599230558,0.839590675238523,1
9.890000000000001,0.050000000000000,-0.025365522855277,0.345613725736680,0.000000000000000,0.069355223004822,0.832262676057862,0.000000000000000,0.082428670286553,0.989144043438635,0.000000000000000,-0.192696560151956,-2.312358721823455,0.500050336009414,0.843138949763603,1
9.899999999999999,0.050000000000000,-0.024667881535560,0.353985421573275,0.000000000000000,0.070169783876160,0.842037406513913,0.000000000000000,0.080474452548529,0.965693430582344,0.000000000000000,-0.198127343389639,-2.377528120675650,0.508499023610440,0.846580839672688,1
9.909999999999997,0.050000000000000,-0.023962193248892,0.362453681013293,0.000000000000000,0.070964520793999,0.851574249527988,0.000000000000000,0.078462886154533,0.941554633854395,0.000000000000000,-0.204154230366296,-2.449850764395539,0.516980133066850,0.849624226120987,1
9.920000000000002,0.050000000000000,-0.023248659167904,0.371016089985152,0.000000000000000,0.071738843881939,0.860866126583267,0.000000000000000,0.076392005190665,0.916704062287975,0.000000000000000,-0.209989945590633,-2.519879347087586,0.525491171623088,0.852566659637028,1
9.930000000000000,0.050000000000000,-0.022527486364685,0.379670163623779,0.000000000000000,0.072492169583659,0.869906035003904,0.000000000000000,0.074263730573325,0.891164766879898,0.000000000000000,-0.215632664719833,-2.587591976637980,0.534031129749819,0.855408140220806,1
9.939999999999998,0.050000000000000,-0.021798887650540,0.388413348193514,0.000000000000000,0.073223933641677,0.878687203700125,0.000000000000000,0.072080000999373,0.864960011992483,0.000000000000000,-0.221080656004034,-2.652967872048401,0.542598997917727,0.858148667872323,1
9.950000000000003,0.050000000000000,-0.021063081382130,0.397243023414435,0.000000000000000,0.073933591270526,0.887203095246309,0.000000000000000,0.069842772020204,0.838113264242455,0.000000000000000,-0.226332280286323,-2.715987363435859,0.551193766597494,0.860788242591582,1
9.960000000000001,0.050000000000000,-0.020320291265924,0.406156504808906,0.000000000000000,0.074620617320664,0.895447407847964,0.000000000000000,0.067554015115821,0.810648181389851,0.000000000000000,-0.231385991002715,-2.776631892032571,0.559814426259787,0.863326864378578,1
9.969999999999999,0.050000000000000,-0.019570746161058,0.415151046067301,0.000000000000000,0.075284506433136,0.903414077197633,0.000000000000000,0.065215716768896,0.782588601226749,0.000000000000000,-0.236240334182186,-2.834884010186225,0.568459967375288,0.865764533233314,1
9.979999999999997,0.050000000000000,-0.018814679880695,0.424223841431665,0.000000000000000,0.075924773184970,0.911097278219637,0.000000000000000,0.062829877538849,0.753958530466195,0.000000000000000,-0.240893948446651,-2.890727381359802,0.577129380414676,0.868101249155789,1
9.990000000000002,0.050000000000000,-0.018052330991975,0.433372028096303,0.000000000000000,0.076540952225312,0.918491426703743,0.000000000000000,0.060398511135917,0.724782133631007,0.000000000000000,-0.245345565010973,-2.944146780131664,0.585821655848633,0.870337012146005,1
10.000000000000000,0.050000000000000,-0.017283942614657,0.442592688624118,0.000000000000000,0.077132598402307,0.925591180827684,0.000000000000000,0.057923643495225,0.695083721942704,0.000000000000000,-0.249594007682950,-2.995128092195387,0.594535784147824,0.872471822203959,1
10.009999999999998,0.050000000000000,-0.016509762096434,0.451882854842788,0.000000000000000,0.077699335473090,0.932392025677077,0.000000000000000,0.055421767528514,0.665061210342174,0.000000000000000,-0.250795674853637,-3.009548098243633,0.603276107746477,0.875572498745206,1
10.020000000000003,0.050000000000000,-0.015730039505096,0.461239525938845,0.000000000000000,0.078240992304753,0.938891907657039,0.000000000000000,0.052907461329105,0.634889535949265,0.000000000000000,-0.252077951944523,-3.024935423334264,0.612046826147097,0.878550782596338,1
10.030000000000001,0.050000000000000,-0.014945026277458,0.470659684670500,0.000000000000000,0.078757440773551,0.945089289282609,0.000000000000000,0.050379981405817,0.604559776869807,0.000000000000000,-0.253428363383517,-3.041140360602186,0.620846715422772,0.881406673757349,1
10.039999999999999,0.050000000000000,-0.014154975166679,0.480140297999856,0.000000000000000,0.079248545940000,0.950982551280004,0.000000000000000,0.047838707642241,0.574064491706899,0.000000000000000,-0.254834709787151,-3.058016517445790,0.629674551646607,0.884140172228242,1
10.049999999999997,0.050000000000000,-0.013360140304295,0.489678316348458,0.000000000000000,0.079714167268822,0.956570007225858,0.000000000000000,0.045283140534863,0.543397686418363,0.000000000000000,-0.256285067960577,-3.075420815526907,0.638529110891700,0.886751278009017,1
10.060000000000002,0.050000000000000,-0.012560777250197,0.499270672997635,0.000000000000000,0.080154159821256,0.961849917855068,0.000000000000000,0.042712898431171,0.512554781174060,0.000000000000000,-0.257767790897571,-3.093213490770832,0.647409169231156,0.889239991099676,1
10.070000000000000,0.050000000000000,-0.011757143030816,0.508914283630204,0.000000000000000,0.080568375419765,0.966820505037183,0.000000000000000,0.040127714767779,0.481532577213350,0.000000000000000,-0.259271507780524,-3.111258093366269,0.656313502738063,0.891606311500215,1
10.079999999999998,0.050000000000000,-0.010949496165803,0.518606046010367,0.000000000000000,0.080956663785118,0.971479965421412,0.000000000000000,0.037527435308526,0.450329223702320,0.000000000000000,-0.260785123980453,-3.129421487765411,0.665240887485524,0.893850239210635,1
10.090000000000003,0.050000000000000,-0.010138096683473,0.528342839798326,0.000000000000000,0.081318873645847,0.975826483750160,0.000000000000000,0.034912015382601,0.418944184591219,0.000000000000000,-0.262297821056994,-3.147573852683904,0.674190099546644,0.895971774230939,1
10.100000000000001,0.050000000000000,-0.009323206125301,0.538121526496384,0.000000000000000,0.081654853820096,0.979858245841155,0.000000000000000,0.032281517122657,0.387378205471889,0.000000000000000,-0.263799056758402,-3.165588681100801,0.683159914994511,0.897970916561123,1
10.109999999999999,0.050000000000000,-0.008505087464420,0.547938950426960,0.000000000000000,0.081964484226443,0.983573810717311,0.000000000000000,0.029645010678831,0.355740128145981,0.000000000000000,-0.263530823871250,-3.162369886454980,0.692151931191864,0.900409845288348,1
10.119999999999997,0.050000000000000,-0.007684004287084,0.557791948554992,0.000000000000000,0.082247760198724,0.986973122384682,0.000000000000000,0.027010359950146,0.324124319401756,0.000000000000000,-0.263424813780810,-3.161097765369695,0.701167662347844,0.902713908286456,1
10.130000000000003,0.050000000000000,-0.006860220071113,0.567677359146639,0.000000000000000,0.082504692491162,0.990056309893944,0.000000000000000,0.024376034993590,0.292512419923085,0.000000000000000,-0.263462640848262,-3.161551690179127,0.710205759805166,0.904883105555452,1
10.140000000000001,0.050000000000000,-0.006033998260238,0.577592020877139,0.000000000000000,0.082735277470697,0.992823329648363,0.000000000000000,0.021740687581961,0.260888250983540,0.000000000000000,-0.263626347551872,-3.163516170622449,0.719264874906526,0.906917437095330,1
10.149999999999999,0.050000000000000,-0.005205602398954,0.587532771212547,0.000000000000000,0.082939498912736,0.995273986952837,0.000000000000000,0.019103146922684,0.229237763072211,0.000000000000000,-0.263898404486988,-3.166780853843838,0.728343658994639,0.908816902906094,1
10.159999999999997,0.050000000000000,-0.004375296249639,0.597496445004330,0.000000000000000,0.083117329754098,0.997407957049173,0.000000000000000,0.016462415376645,0.197548984519741,0.000000000000000,-0.264261710366040,-3.171140524392467,0.737440763412214,0.910581502987742,1
10.171999999999997,0.050000000000000,-0.003376779142381,0.609478650291422,0.000000000000000,0.083295839669293,0.999550076031511,0.000000000000000,0.013288170282623,0.159458043391482,0.000000000000000,-0.264794680342298,-3.177536164107561,0.748379572638730,0.912521000323288,1
10.180000000000000,0.050000000000000,-0.002710009807745,0.617479882307056,0.000000000000000,0.083393667407062,1.000724008884740,0.000000000000000,0.011168229148108,0.134018749777302,0.000000000000000,-0.265195804391094,-3.182349652693121,0.755684538606592,0.913706105963693,1
10.189999999999998,0.050000000000000,-0.001875558943520,0.627493292677758,0.000000000000000,0.083492081076445,1.001904972917339,0.000000000000000,0.008513606424155,0.102163277089860,0.000000000000000,-0.265734530547374,-3.188814366568476,0.764828512068806,0.915066108857996,1
10.200000000000003,0.050000000000000,-0.001040256764845,0.637516918821864,0.000000000000000,0.083563921066911,1.002767052802926,0.000000000000000,0.005853448168180,0.070241378018166,0.000000000000000,-0.266300381668146,-3.195604580017739,0.773985411231324,0.916291246023184,1
10.210000000000001,0.050000000000000,-0.000204369257159,0.647547568914095,0.000000000000000,0.083609143648210,1.003309723778516,0.000000000000000,0.003191338746524,0.038296064958288,0.000000000000000,-0.266137671691360,-3.193652060296311,0.783155005402463,0.917604209167898,1
10.219999999999999,0.050000000000000,0.000631837394103,0.657582048729231,0.000000000000000,0.083627751732581,1.003533020790978,0.000000000000000,0.000530402802588,0.006364833631060,0.000000000000000,-0.266062558334916,-3.192750700018988,0.792337027833935,0.918776898089642,1
10.229999999999997,0.050000000000000,0.001468097088822,0.667617165065866,0.000000000000000,0.083619752985615,1.003437035827377,0.000000000000000,-0.002130142650686,-0.025561711808226,0.000000000000000,-0.266056531222703,-3.192678374672433,0.801530075783509,0.919809312788415,1
10.240000000000002,0.050000000000000,0.002304143767454,0.677649725209445,0.000000000000000,0.083585148160001,1.003021777920013,0.000000000000000,-0.004790898060180,-0.057490776722160,0.000000000000000,-0.266101592695083,-3.193219112340994,0.810732746508963,0.920701453264218,1
10.250000000000000,0.050000000000000,0.003139711350932,0.687676536211184,0.000000000000000,0.083523932895301,1.002287194743616,0.000000000000000,-0.007452286459758,-0.089427437517091,0.000000000000000,-0.266180257808892,-3.194163093706702,0.819943637268053,0.921453319517050,1
10.259999999999998,0.050000000000000,0.003974533698330,0.697694404379962,0.000000000000000,0.083436099466439,1.001233193597270,0.000000000000000,-0.010114558597438,-0.121374703169249,0.000000000000000,-0.266275554337439,-3.195306652049273,0.829161345318557,0.922064911546912,1
10.271000000000001,0.050000000000000,0.004891659786927,0.708699917443121,0.000000000000000,0.083308727495854,0.999704729950245,0.000000000000000,-0.013044173568111,-0.156530082817329,0.000000000000000,-0.266379960675599,-3.196559528107185,0.839307023972847,0.922575646052230,1
10.280000000000001,0.050000000000000,0.005640877677871,0.717690532134457,0.000000000000000,0.083180540524803,0.998166486297641,0.000000000000000,-0.015441926412916,-0.185303116954990,0.000000000000000,-0.266450716314357,-3.197408595772279,0.847611602324893,0.922867272937725,1
10.289999999999999,0.050000000000000,0.006471866575852,0.727662398910218,0.000000000000000,0.083012797757339,0.996153573088074,0.000000000000000,-0.018106708301984,-0.217280499623797,0.000000000000000,-0.266499200891713,-3.197990410700562,0.856841345796259,0.923058042298676,1
10.299999999999997,0.050000000000000,0.007301044800720,0.737612537608643,0.000000000000000,0.082818405454419,0.993820865453033,0.000000000000000,-0.020771756606023,-0.249261079272275,0.000000000000000,-0.266501555141783,-3.198018661701402,0.866072295590119,0.923108537436656,1
10.310000000000002,0.050000000000000,0.008128145853574,0.747537750242886,0.000000000000000,0.082597364087161,0.991168369045932,0.000000000000000,-0.023436363552602,-0.281236362631219,0.000000000000000,-0.266409343599211,-3.196912123190534,0.875303099476567,0.923028816336166,1
10.320000000000000,0.050000000000000,0.008952903280515,0.757434839366180,0.000000000000000,0.082349682368424,0.988196188421091,0.000000000000000,-0.026099710354163,-0.313196524249956,0.000000000000000,-0.266247212162983,-3.194966545955799,0.884532403446530,0.922808554141119,1
10.329999999999998,0.050000000000000,0.009775050753264,0.767300609039171,0.000000000000000,0.082075376624894,0.984904519498729,0.000000000000000,-0.028761029255493,-0.345132351065911,0.000000000000000,-0.266001535876312,-3.192018430515747,0.893758802089071,0.922447750851516,1
10.340000000000003,0.050000000000000,0.010594322147446,0.777131865769351,0.000000000000000,0.081774471533425,0.981293658401103,0.000000000000000,-0.031419418840784,-0.377033026089407,0.000000000000000,-0.265659207577625,-3.187910490931506,0.902980889993248,0.921946406467355,1
10.350000000000001,0.050000000000000,0.011410451632685,0.786925419592220,0.000000000000000,0.081447001431759,0.977364017181113,0.000000000000000,-0.034073849211586,-0.408886190539023,0.000000000000000,-0.265207637900566,-3.182491654806798,0.912197261748105,0.921304520988639,1
10.359999999999999,0.050000000000000,0.012223173775557,0.796678085306686,0.000000000000000,0.081093011577461,0.973116138929527,0.000000000000000,-0.036723167164763,-0.440678005977156,0.000000000000000,-0.264634755273992,-3.175617063287915,0.921406511942702,0.920522094415365,1
10.369999999999997,0.050000000000000,0.013032223654864,0.806386683858365,0.000000000000000,0.080712559355073,0.968550712260873,0.000000000000000,-0.039366101370447,-0.472393216445357,0.000000000000000,-0.263929005921977,-3.167148071063738,0.930607235166094,0.919599126747535,1
10.380000000000003,0.050000000000000,0.013837336988723,0.816048043864670,0.000000000000000,0.080305715431497,0.963668585177969,0.000000000000000,-0.042001267549984,-0.504015210599800,0.000000000000000,-0.263079353863809,-3.156952246365719,0.939798026007341,0.918535617985147,1
10.390000000000001,0.050000000000000,0.014638250272950,0.825659003275402,0.000000000000000,0.079872564859593,0.958470778315111,0.000000000000000,-0.044627173653886,-0.535526083846622,0.000000000000000,-0.262075280913992,-3.144903370967917,0.948977479055484,0.917331568128204,1
10.399999999999999,0.050000000000000,0.015434700930228,0.835216411162735,0.000000000000000,0.079413208129989,0.952958497559872,0.000000000000000,-0.047242225039790,-0.566906700477476,0.000000000000000,-0.260906786682245,-3.130881440186951,0.958144188899586,0.915986977176703,1
10.410000000000004,0.050000000000000,0.016226427420620,0.844717129047440,0.000000000000000,0.078927742751949,0.947132913023392,0.000000000000000,-0.049850485226203,-0.598205822714429,0.000000000000000,-0.260687594221198,-3.128251130654386,0.967295011135491,0.914155716594893,1
10.420000000000002,0.050000000000000,0.017013168895161,0.854158026741933,0.000000000000000,0.078416211493793,0.940994537925519,0.000000000000000,-0.052454825218537,-0.629457902622438,0.000000000000000,-0.260122900037686,-3.121474800452236,0.976426868163318,0.912193935562406,1
10.430000000000000,0.050000000000000,0.017794664948603,0.863535979383238,0.000000000000000,0.077878670816083,0.934544049792997,0.000000000000000,-0.055051795063740,-0.660621540764880,0.000000000000000,-0.259213766870567,-3.110565202446812,0.985538454778566,0.910101634079244,1
10.439999999999998,0.050000000000000,0.018570655912612,0.872847870951340,0.000000000000000,0.077315211620784,0.927782539449409,0.000000000000000,-0.057637956933288,-0.691655483199447,0.000000000000000,-0.257961556886525,-3.095538682638312,0.994628465776730,0.907878812145404,1
10.451000000000001,0.050000000000000,0.019417579010974,0.883010948131691,0.000000000000000,0.076665621072501,0.919987452870011,0.000000000000000,-0.060466167298225,-0.725594007578694,0.000000000000000,-0.256189864227753,-3.074278370733046,1.004601000275402,0.905282956897648,1
10.460000000000001,0.050000000000000,0.020105089644594,0.891261075735123,0.000000000000000,0.076111072645053,0.913332871740640,0.000000000000000,-0.062764184019620,-0.753170208235432,0.000000000000000,-0.254434852273519,-3.053218227282236,1.012738540103782,0.903041606925693,1
10.470999999999997,0.050000000000000,0.020938457901180,0.901261494814154,0.000000000000000,0.075405321997238,0.904863863966855,0.000000000000000,-0.065549503269874,-0.786594039238484,0.000000000000000,-0.251919102106652,-3.023029225279835,1.022656286047578,0.900158606686450,1
10.479999999999997,0.050000000000000,0.021614420505309,0.909373046063710,0.000000000000000,0.074805204685584,0.897662456227009,0.000000000000000,-0.067806360122450,-0.813676321469394,0.000000000000000,-0.249559672088598,-2.994716065063177,1.030746649508405,0.897682319903277,1
10.491000000000000,0.050000000000000,0.022433120284916,0.919197443418987,0.000000000000000,0.074044299860658,0.888531598327892,0.000000000000000,-0.070534016009627,-0.846408192115521,0.000000000000000,-0.246311193750848,-2.955734325010178,1.040603863997508,0.894512174672542,1
10.500000000000000,0.050000000000000,0.023096632516503,0.927159590198030,0.000000000000000,0.073399557091891,0.880794685102699,0.000000000000000,-0.072737724512952,-0.872852694155424,0.000000000000000,-0.243357693066857,-2.920292316802284,1.048642352354561,0.891800951078151,1
10.509999999999998,0.050000000000000,0.023826950833486,0.935923410001830,0.000000000000000,0.072660088846769,0.871921066161228,0.000000000000000,-0.075148174655257,-0.901778095863084,0.000000000000000,-0.238707654192413,-2.864491850308959,1.057546439130698,0.888992898397167,1
10.521000000000001,0.050000000000000,0.024621612683200,0.945459352198404,0.000000000000000,0.071819122857615,0.861829474291386,0.000000000000000,-0.077745033372382,-0.932940400468583,0.000000000000000,-0.233417087853360,-2.801005054240323,1.067307632803377,0.885741145583733,1
10.530000000000001,0.050000000000000,0.025264807889522,0.953177694674262,0.000000000000000,0.071110024089248,0.853320289070980,0.000000000000000,-0.079825763369257,-0.957909160431078,0.000000000000000,-0.228945451125644,-2.747345413507730,1.075266845239684,0.882953689491429,1
10.539999999999999,0.050000000000000,0.025971878896135,0.961662546753613,0.000000000000000,0.070300403907758,0.843604846893100,0.000000000000000,-0.082089730695154,-0.985076768341841,0.000000000000000,-0.223820014824900,-2.685840177898803,1.084080343882235,0.879722533266678,1
10.549999999999997,0.050000000000000,0.026670741363852,0.970048896366223,0.000000000000000,0.069468403148136,0.833620837777636,0.000000000000000,-0.084301594357744,-1.011619132292923,0.000000000000000,-0.218523805417342,-2.622285665008107,1.092860825789965,0.876350342527337,1
10.560000000000002,0.050000000000000,0.027361174120762,0.978334089449146,0.000000000000000,0.068614551474563,0.823374617694752,0.000000000000000,-0.086459620199362,-1.037515442392344,0.000000000000000,-0.213051634064317,-2.556619608771810,1.101606880617735,0.872837117273405,1
10.570000000000000,0.050000000000000,0.028042961379142,0.986515536549705,0.000000000000000,0.067739396142590,0.812872753711083,0.000000000000000,-0.088562025068384,-1.062744300820604,0.000000000000000,-0.207398890813409,-2.488786689760918,1.110317098020387,0.869182857504887,1
10.579999999999998,0.050000000000000,0.028715892913727,0.994590714964729,0.000000000000000,0.066843502460136,0.802122029521628,0.000000000000000,-0.090606982608095,-1.087283791297140,0.000000000000000,-0.201561544598416,-2.418738535180998,1.118990067652781,0.865387563221779,1
10.590000000000003,0.050000000000000,0.029379764244298,1.002557170931580,0.000000000000000,0.065927454190588,0.791129450287057,0.000000000000000,-0.092592629045552,-1.111111548546620,0.000000000000000,-0.195536143239359,-2.346433718872313,1.127624379169777,0.861451234424080,1
10.600000000000001,0.050000000000000,0.030034376822008,1.010412521864092,0.000000000000000,0.064991853898029,0.779902246776344,0.000000000000000,-0.094517068980436,-1.134204827765234,0.000000000000000,-0.189319813442497,-2.271837761309977,1.136218622226217,0.857373871111794,1
10.610999999999997,0.050000000000000,0.030743527322461,1.018922327869532,0.000000000000000,0.063940853506780,0.767290242081362,0.000000000000000,-0.096560965770485,-1.158731589245820,0.000000000000000,-0.182258607217420,-2.187103286609053,1.145624327269432,0.852725876603930,1
10.619999999999997,0.050000000000000,0.031315062319861,1.025780747838334,0.000000000000000,0.063064503169732,0.756774038036785,0.000000000000000,-0.098174624337566,-1.178095492050784,0.000000000000000,-0.176305769791478,-2.115669237497749,1.153281261576863,0.848796040943456,1
10.631000000000000,0.050000000000000,0.032002793590967,1.034033523091603,0.000000000000000,0.061974065681666,0.743688788179994,0.000000000000000,-0.100073002856184,-1.200876034274211,0.000000000000000,-0.168814336566865,-2.025772038802387,1.162590903970606,0.843837770503493,1
10.640000000000001,0.050000000000000,0.032556486904647,1.040677842855765,0.000000000000000,0.061066656272992,0.732799875275912,0.000000000000000,-0.101564072906362,-1.218768874876347,0.000000000000000,-0.162508005019857,-1.950096060238300,1.170166702943565,0.839654072716758,1
10.649999999999999,0.050000000000000,0.033162048476351,1.047944581716207,0.000000000000000,0.060043009222027,0.720516110664327,0.000000000000000,-0.103153347586132,-1.237840171033576,0.000000000000000,-0.155314194645593,-1.863770335747133,1.178539448520067,0.834871536831527,1
10.660000000000004,0.050000000000000,0.033757295320957,1.055087543851485,0.000000000000000,0.059003832385268,0.708045988623212,0.000000000000000,-0.104669703362989,-1.256036440355863,0.000000000000000,-0.147924372681746,-1.775092472180969,1.186863663565149,0.829947966431703,1
10.670000000000002,0.050000000000000,0.034342075819180,1.062104909830156,0.000000000000000,0.057949864735087,0.695398376821050,0.000000000000000,-0.106111185533180,-1.273334226398163,0.000000000000000,-0.140339718038152,-1.684076616457843,1.195137937733655,0.824883361517294,1
10.680000000000000,0.050000000000000,0.034916245838971,1.068994950067652,0.000000000000000,0.056881864722302,0.682582376667626,0.000000000000000,-0.107475854076485,-1.289710248917818,0.000000000000000,-0.132561988510857,-1.590743862130303,1.203360860680444,0.819677722088296,1
10.691000000000003,0.050000000000000,0.035535415137950,1.076424981655393,0.000000000000000,0.055691786148646,0.668301433783753,0.000000000000000,-0.108885979507210,-1.306631754086513,0.000000000000000,-0.123786290642968,-1.485435487715630,1.212345082013900,0.813788623852045,1
10.700000000000003,0.050000000000000,0.036032216512936,1.082386598155237,0.000000000000000,0.054706897691832,0.656482772301990,0.000000000000000,-0.109967098352364,-1.319605180228369,0.000000000000000,-0.116437230420486,-1.397246765045848,1.219647011528292,0.808843339686528,1
10.710000000000001,0.050000000000000,0.036573768073975,1.088885216887699,0.000000000000000,0.053601543096541,0.643218517158494,0.000000000000000,-0.111089919561900,-1.333079034742803,0.000000000000000,-0.108096611880642,-1.297159342567718,1.227707418739054,0.803214596713763,1
10.720999999999997,0.050000000000000,0.037156640645235,1.095879687742823,0.000000000000000,0.052373202268446,0.628478427221354,0.000000000000000,-0.112227574647242,-1.346730895766904,0.000000000000000,-0.098713911245937,-1.184566934951267,1.236507985916945,0.796860084579372,1
10.729999999999997,0.050000000000000,0.037623442491838,1.101481309902052,0.000000000000000,0.051359261478058,0.616311137736695,0.000000000000000,-0.113080848925617,-1.356970187107399,0.000000000000000,-0.090879262516384,-1.090551150196624,1.243655845008530,0.791534007224465,1
10.740000000000002,0.050000000000000,0.038131366284982,1.107576395419781,0.000000000000000,0.050224056107440,0.602688673289287,0.000000000000000,-0.113945446957217,-1.367345363486600,0.000000000000000,-0.082012415032540,-0.984148980390499,1.251541043376958,0.785482160707928,1
10.750000000000000,0.050000000000000,0.038627896279258,1.113534755351099,0.000000000000000,0.049080650866908,0.588967810402893,0.000000000000000,-0.114720548623624,-1.376646583483483,0.000000000000000,-0.072981006051656,-0.875772072619891,1.259365018107642,0.779289279676807,1
10.759999999999998,0.050000000000000,0.039112954977955,1.119355459735454,0.000000000000000,0.047929948844116,0.575159386129392,0.000000000000000,-0.115404539771892,-1.384854477262698,0.000000000000000,-0.063791424459576,-0.765497093514929,1.267126358855442,0.772955364131096,1
10.770000000000003,0.050000000000000,0.039586473994853,1.125037687938238,0.000000000000000,0.046772868939159,0.561274427269909,0.000000000000000,-0.115995873032364,-1.391950476388370,0.000000000000000,-0.054450638028368,-0.653407656340440,1.274823655275218,0.766480414070792,1
10.780999999999999,0.050000000000000,0.040093946300096,1.131127355601157,0.000000000000000,0.045493829770372,0.545925957244466,0.000000000000000,-0.116537561894664,-1.398450742735963,0.000000000000000,-0.044010155574064,-0.528121866888795,1.283215026891157,0.759195074140114,1
10.789999999999999,0.050000000000000,0.040498665911737,1.135983990940847,0.000000000000000,0.044443325906765,0.533319910881178,0.000000000000000,-0.116894745060916,-1.402736940730992,0.000000000000000,-0.035346216168031,-0.424154594016402,1.290020473750084,0.753107410406426,1
10.799999999999997,0.050000000000000,0.040937248947098,1.141246987365170,0.000000000000000,0.043272773081263,0.519273276975154,0.000000000000000,-0.117199575105890,-1.406394901270685,0.000000000000000,-0.025599410714172,-0.307192928570083,1.297517175114889,0.746209356802359,1
10.810000000000002,0.050000000000000,0.041364112842185,1.146369354106224,0.000000000000000,0.042099661294470,0.505195935533647,0.000000000000000,-0.117406341394583,-1.408876096735002,0.000000000000000,-0.015735060371736,-0.188820724460852,1.304944190771085,0.739170268683698,1
10.820000000000000,0.050000000000000,0.041779236929762,1.151350843157146,0.000000000000000,0.040924976899239,0.491099722790867,0.000000000000000,-0.117513917306720,-1.410167007680641,0.000000000000000,-0.005763027343938,-0.069156328127281,1.312300110373517,0.731990146050453,1
10.829999999999998,0.050000000000000,0.042182610460782,1.156191325529385,0.000000000000000,0.039749717011861,0.476996604142329,0.000000000000000,-0.117521277738488,-1.410255332861862,0.000000000000000,0.004306247279803,0.051674967357610,1.319583523577043,0.724668988902619,1
10.840000000000003,0.050000000000000,0.042574232706853,1.160890792482234,0.000000000000000,0.038574888467964,0.462898661615572,0.000000000000000,-0.117427504891402,-1.409130058696828,0.000000000000000,0.014461743523844,0.173540922286105,1.326793020036523,0.717206797240191,1
10.850000000000001,0.050000000000000,0.042954113051967,1.165449356623604,0.000000000000000,0.037401506720519,0.448818080646225,0.000000000000000,-0.117231794061163,-1.406781528733955,0.000000000000000,0.024691862526296,0.296302350315529,1.333927189406800,0.709603571063179,1
10.859999999999999,0.050000000000000,0.043322271072925,1.169867252875103,0.000000000000000,0.036230594679942,0.434767136159304,0.000000000000000,-0.116933459426521,-1.403201513118257,0.000000000000000,0.034984426539066,0.419813118468764,1.340984621342735,0.701859310371577,1
10.869999999999997,0.050000000000000,0.043678736607870,1.174144839294439,0.000000000000000,0.035063181496330,0.420758177955962,0.000000000000000,-0.116531939838141,-1.398383278057693,0.000000000000000,0.045326678927828,0.543920147133910,1.347963905499181,0.693974015165387,1
10.880000000000003,0.050000000000000,0.044023549812351,1.178282597748217,0.000000000000000,0.033900301283792,0.406803615405504,0.000000000000000,-0.116026804607459,-1.392321655289510,0.000000000000000,0.055705284172040,0.668463410064454,1.354863631530996,0.685947685444602,1
10.890999999999998,0.050000000000000,0.044389446496317,1.182673357955800,0.000000000000000,0.032627607254230,0.391531287050760,0.000000000000000,-0.115351132580977,-1.384213590971724,0.000000000000000,0.067147113371695,0.805765360460315,1.362359757285101,0.676955827887396,1
10.899999999999999,0.050000000000000,0.044678431683665,1.186141180203978,0.000000000000000,0.031592292989245,0.379107515870947,0.000000000000000,-0.114704651501988,-1.376455818023860,0.000000000000000,0.076515316713451,0.918183800561389,1.368418767840130,0.669471922459277,1
10.909999999999997,0.050000000533320,0.044988631090634,1.189863586527271,0.000000213074519,0.030448655573643,0.365389236361582,0.000063795660872,-0.114064251344320,-1.367163365477885,0.012708504509326,0.051663383015087,0.940214909816049,1.375057953681683,0.658371704522474,1
10.920000000000002,0.050000008492621,0.045287422026083,1.193449278327045,0.000001694480647,0.029310189405207,0.351764973774793,0.000253162553117,-0.113669420293823,-1.357653347187326,0.025114747499686,0.027400514457577,0.961697810482999,1.381586331103994,0.647310238609663,1
10.930000000000000,0.050000042789528,0.045574844021962,1.196899206559654,0.000005684867696,0.028174468148141,0.338236876443635,0.000565093078385,-0.113514297084644,-1.347931219440428,0.037221730347834,0.003720837839301,0.982637658837025,1.388004287627292,0.636287524720858,1
10.939999999999998,0.050000134592280,0.045850912638948,1.200214343392837,0.000013394958862,0.027039123786034,0.324807038395738,0.000996609592367,-0.113593079065662,-1.338002387060305,0.049032442485691,-0.019381496584504,1.003039591625351,1.394312210771822,0.625303562856052,1
10.950000000000003,0.050000327027965,0.046115620046710,1.203395681665221,0.000026005850172,0.025901846036890,0.311477499867016,0.001544764285349,-0.113900021965919,-1.327872203600235,0.060549861400312,-0.041912315101686,1.022908726067619,1.400510488057828,0.614358353015238,1
10.960000000000001,0.050000674887732,0.046368935598342,1.206444234350959,0.000044669308229,0.024760381770503,0.298250247813413,0.002206639062763,-0.114429439660049,-1.317545971538960,0.071776952633864,-0.063877420543125,1.042250159855848,1.406599507005542,0.603451895198430,1
10.969999999999999,0.050001244334990,0.046610806398978,1.209361034029497,0.000070508066770,0.023612534428167,0.285127216420616,0.002979345425741,-0.115175703933715,-1.307028942475918,0.082716669783672,-0.085282592282834,1.061068971154520,1.412579655135208,0.592584189405622,1
10.979999999999997,0.050002112616550,0.046841157868611,1.212147132360401,0.000104616122025,0.022456163444740,0.272110287611911,0.003860024351659,-0.116133244249030,-1.296326317326546,0.093371954502193,-0.106133586237893,1.079370218600524,1.418451319967065,0.581755235636813,1
10.990000000000002,0.050003367776724,0.047059894299152,1.214803599563267,0.000148059026879,0.021289183673056,0.259201291554025,0.004845846174700,-0.117296547509998,-1.285443246517545,0.103745736497021,-0.126436134868478,1.097158941303179,1.424214889021359,0.570965033891995,1
11.000999999999998,0.050005313234561,0.047286949616023,1.217577288903228,0.000207865282319,0.019990831226848,0.245128179836614,0.006048353902838,-0.118807337639616,-1.273269533323867,0.114845474971004,-0.148162771226086,1.116152714556264,1.430430425171241,0.559137186600397,1
11.009999999999998,0.050007443207028,0.047462036863842,1.219732011183207,0.000267072831847,0.018915327437279,0.233714164609900,0.007122253129380,-0.120219691226601,-1.263155515858830,0.123761379696494,-0.165620667394227,1.131338759620898,1.435419120970268,0.549467139015554,1
11.020000000000003,0.050010491080190,0.047645150756555,1.222006184299437,0.000344645319050,0.017704532476518,0.221139451758281,0.008408318552542,-0.121970779422717,-1.251759725548536,0.133405973124443,-0.184507860885762,1.147736192106803,1.440860222454576,0.538759650642738,1
11.030000000000001,0.050014380577518,0.047816066019615,1.224155182788834,0.000435556129126,0.016475291161436,0.208679508391199,0.009789462815074,-0.123908075735892,-1.240202445890849,0.142777633109578,-0.202863241056184,1.163637461687145,1.446194443839067,0.528091119052751,1
11.039999999999999,0.050019249790816,0.047974588967472,1.226180162338228,0.000540742452298,0.015225767906603,0.196335924677150,0.011262971128513,-0.126026290500721,-1.228488613570133,0.151879266824539,-0.220692497497453,1.179047554008928,1.451422174691572,0.517461544245586,1
11.049999999999997,0.050025246048534,0.048120507822256,1.228082294290124,0.000661114476064,0.013954179739160,0.184110241666749,0.012826157715512,-0.128320190828656,-1.216623115512982,0.160713769319718,-0.238001295989668,1.193971434980863,1.456543804579919,0.506870926221242,1
11.060000000000002,0.050032525647190,0.048253593237070,1.229862765154021,0.000797555674699,0.012658795732241,0.172003951789303,0.014476365688616,-0.130784600369892,-1.204610789085584,0.169284023523271,-0.254795278501086,1.208414050773394,1.461559723071941,0.496319264979713,1
11.070000000000000,0.050041253585680,0.048373598813628,1.231522776122656,0.000950923097545,0.011337936440778,0.160018499347461,0.016210966929039,-0.133414399075243,-1.192456422291141,0.177592900241096,-0.271080063188080,1.222380327818655,1.466470319735458,0.485806560521012,1
11.079999999999998,0.050051603302465,0.048480261614258,1.233063542593221,0.001122047656097,0.009989973339681,0.148155281009809,0.018027361965444,-0.136204522958032,-1.180164753967200,0.185643258156865,-0.286861244395205,1.235875172810534,1.471275984138302,0.475332812845134,1
11.090000000000003,0.050063756415626,0.048573302668307,1.234486293693468,0.001311734409867,0.008613328264409,0.136415646301562,0.019922979852722,-0.139149963855970,-1.167740473983059,0.193437943832011,-0.302144392655168,1.248903472704638,1.475977105848305,0.464898021952069,1
11.100000000000001,0.050077902465763,0.048652427472957,1.235792271812716,0.001520762851044,0.007206472853914,0.124800898093286,0.021895278050760,-0.142245769193027,-1.155188223437179,0.200979791705705,-0.316935054688790,1.261470094718268,1.480574074433288,0.454502187841834,1
11.109999999999999,0.050094238650005,0.048717326511969,1.236982732123757,0.001749882499464,0.005767937376009,0.113312287498594,0.023940339390506,-0.145484234988572,-1.142514267222122,0.207992491164884,-0.330680303042943,1.273247140839758,1.485067749029479,0.444239127530596,1
11.119999999999997,0.050112969442607,0.048767676001445,1.238058941971039,0.001999799408993,0.004296337735879,0.101950997937171,0.026054332670657,-0.148857828020628,-1.129724752946984,0.214766629217348,-0.343961380660984,1.284582488345352,1.489458984906577,0.434014444023133,1
11.130000000000003,0.050134306223130,0.048803138620542,1.239022180269379,0.002271191015860,0.002790345781924,0.090718162982762,0.028234885740726,-0.152361932903979,-1.116824074181453,0.221304896644791,-0.356783548175647,1.295480817340955,1.493748165832622,0.423828137319438,1
11.140000000000001,0.050158467027337,0.048823363996795,1.239873737050428,0.002564711169134,0.001248679253745,0.079614872507124,0.030479653300021,-0.155991986745859,-1.103816577789782,0.227609972625620,-0.369152043446068,1.305946788812807,1.497935675575647,0.413680207419525,1
11.151000000000003,0.050188573735191,0.048827579328368,1.240683010067225,0.002913893656929,-0.000489832951380,0.067552124738062,0.033020298935514,-0.160125135138348,-1.089390088485236,0.234279403488424,-0.382239620326585,1.316965523989245,1.502424964103742,0.402561809737976,1
11.159999999999997,0.050216164726353,0.048816639005323,1.241247019167979,0.003220636181732,-0.001946580251328,0.057801068763728,0.035152584236344,-0.163611950830056,-1.077498287204813,0.239531208944754,-0.392548854822976,1.325600207532091,1.506007216584792,0.393499478031024,1
11.170999999999999,0.050253771938464,0.048785240338264,1.241817936908466,0.003621932067145,-0.003770307965349,0.046028992507874,0.037821618001827,-0.167997123578336,-1.062860709294001,0.245702529859180,-0.404667503681392,1.335693708274613,1.510274981448940,0.382465509317780,1
11.180000000000000,0.050287931104377,0.048744454223447,1.242189314511669,0.003972343648027,-0.005298800885471,0.036517449304639,0.040054895660885,-0.171682258326375,-1.050803729262192,0.250551539536628,-0.414193262193550,1.343579650000412,1.513676678078321,0.373472255857616,1
11.189999999999998,0.050329699262753,0.048682812640067,1.242502173102178,0.004385507408075,-0.007036504536257,0.026076732248403,0.042586487776713,-0.175875434864091,-1.037325726395937,0.255730439846101,-0.424371167055155,1.351953079459894,1.517361588426821,0.363516209976578,1
11.200000000000003,0.050375726492396,0.048603582682712,1.242711299800917,0.004824242400779,-0.008816641781066,0.015771207126838,0.045168779925615,-0.180168272592229,-1.023766016981261,0.260691980110731,-0.434126348582479,1.359921715800679,1.520947130200533,0.353598540899307,1
11.210000000000001,0.050426270998188,0.048506335115277,1.242818050537675,0.005289042274828,-0.010640183126902,0.005601667802834,0.047798855398857,-0.184555057625282,-1.010129535452194,0.265288331024671,-0.443163060957740,1.367309210328812,1.524433943299343,0.343770421394931,1
11.219999999999999,0.050481595763879,0.048390631305872,1.242823788920210,0.005780369253317,-0.012508037419521,-0.004431143850659,0.050473855080683,-0.189030190084829,-0.996421132984731,0.269677241934577,-0.451796654627692,1.374306641219047,1.527822665479071,0.333980357082764,1
11.229999999999997,0.050541968272253,0.048256023774639,1.242729885756448,0.006298662248296,-0.014421068059234,-0.014326528053744,0.053191717155417,-0.193589663369239,-0.982644688114352,0.273861227828442,-0.460032042979424,1.380918425523656,1.531113677291638,0.324228347962806,1
11.240000000000002,0.050607660292547,0.048102056607228,1.242537718658922,0.006844339679218,-0.016380098625638,-0.024083823591345,0.055950404900718,-0.198229519899827,-0.968804035299834,0.277842792384878,-0.467874117214189,1.387148961528653,1.534307359288968,0.314514394035050,1
11.250000000000000,0.050678947676770,0.047928265850561,1.242248671661327,0.007417799723309,-0.018385913366728,-0.033702407373352,0.058747906574478,-0.202945850898984,-0.954902965110956,0.281624427973105,-0.475327746347373,1.393002628753770,1.537404092022981,0.304838495299511,1
11.259999999999998,0.050756110158532,0.047734179903705,1.241864134839457,0.008019420564802,-0.020439257685811,-0.043181693996709,0.061582235301741,-0.207734796168331,-0.940945224416100,0.285208615652973,-0.482397777208535,1.398483787952493,1.540404256045598,0.295200651756181,1
11.270000000000003,0.050839431154355,0.047519319903898,1.241385503936519,0.008649560643048,-0.022540838626178,-0.052521135309320,0.064451428961602,-0.212592543866860,-0.926934516569947,0.288597825174947,-0.489089034441385,1.403596781112037,1.543308231908746,0.285600863405054,1
11.280000000000001,0.050929197567459,0.047283200107736,1.240814179992800,0.009308558899485,-0.024691325353570,-0.061720219975829,0.067353550074108,-0.217515330289057,-0.912874501601164,0.291794514980104,-0.495406320503773,1.408345931453345,1.546116400164341,0.276039130246143,1
11.289999999999999,0.051025699594015,0.047025328267540,1.240151568979655,0.009996735023486,-0.026891349636432,-0.070778473045337,0.070286685687176,-0.222499439643071,-0.898768796400013,0.294801132200148,-0.501354415667719,1.412735543431105,1.548829141364308,0.266515452279441,1
11.299999999999997,0.051129230531846,0.046745206002943,1.239399081437820,0.010714389697072,-0.029141506323929,-0.079695455520934,0.073248947263491,-0.227541203828834,-0.884620974906046,0.297620112657396,-0.506938078019388,1.416769902733735,1.551446836060570,0.257029829504948,1
11.310000000000002,0.051240086590627,0.046442329169590,1.238558132118877,0.011461804418200,-0.031442352981418,-0.088470764438383,0.076238330806574,-0.232636722774716,-0.870434736970927,0.300222972549330,-0.512100244560108,1.420415973521837,1.553969912375825,0.247592823057053,1
11.320999999999998,0.051370845608277,0.046082274865206,1.237532607711044,0.012318644080222,-0.034032447279990,-0.097959536538301,0.079555556043348,-0.238299162756222,-0.854789940782310,0.302872511707512,-0.517363671659466,1.424023235115724,1.556636545804480,0.237257277819524,1
11.329999999999998,0.051484972266291,0.045766268740060,1.236616525991248,0.013046937995860,-0.036198147827767,-0.105594936437524,0.082290546024448,-0.242973615466784,-0.841961625785334,0.304879009642725,-0.521356946801754,1.426667681375635,1.558733938452676,0.228835104636847,1
11.341000000000001,0.051633534923367,0.045353273299261,1.235404359659971,0.013970625789164,-0.038902492588295,-0.114770141172614,0.085656828571417,-0.248733687555523,-0.826252170666577,0.307136943847166,-0.525860133127303,1.429529387420953,1.561194696536868,0.218583115427833,1
11.350000000000001,0.051762777026789,0.044993013154475,1.234338138928792,0.014753999586274,-0.041162439655992,-0.122148486297789,0.088428772951419,-0.253481841238206,-0.813377016482718,0.308827304612764,-0.529239725999791,1.431571364244155,1.563124329361644,0.210229306268491,1
11.359999999999999,0.051914790006100,0.044568626311842,1.233076223895835,0.015653757971516,-0.043723778733547,-0.130210643920374,0.091525761782300,-0.258791703650046,-0.799051246886598,0.310541954893160,-0.532677428446687,1.433528121947388,1.565180361128494,0.200983377103763,1
11.369999999999997,0.052075955697373,0.044118360026156,1.231734403887684,0.016584569136662,-0.046338382806590,-0.138129451435196,0.094639045814871,-0.264134290862715,-0.784707535817838,0.312086734475986,-0.535785446832123,1.435160346809377,1.567144123503762,0.191775427952000,1
11.380000000000003,0.052246585414953,0.043641680065980,1.230314113248572,0.017546587579102,-0.049006562714901,-0.145904745585452,0.097766938009181,-0.269506328818851,-0.770349107994855,0.313463974892443,-0.538568334131295,1.436472157714035,1.569015996287578,0.182605458813194,1
11.390000000000001,0.052426991934193,0.043138049254423,1.228816787794755,0.018539951042210,-0.051728596784964,-0.153536395155870,0.100907774584391,-0.274904588880609,-0.755979147040657,0.314675996435381,-0.541030621275573,1.437467654864736,1.570796359280070,0.173473469687359,1
11.399999999999999,0.052617489325081,0.042606927792009,1.227243864496137,0.019564780747386,-0.054504731283071,-0.161024300562730,0.104059914906406,-0.280325887609252,-0.741600795669594,0.315725108159307,-0.543176817152517,1.438150919784325,1.572485592281367,0.164379460574488,1
11.410000000000004,0.052818392791213,0.042047773568926,1.225596781165677,0.020621182841338,-0.057335183298369,-0.168368391978711,0.107222105294788,-0.285767814201061,-0.727216716984080,0.316685993306472,-0.545156143208532,1.438613312820709,1.574083951264031,0.155298692966483,1
11.420000000000002,0.053030018541227,0.041460042412525,1.223876976189217,0.021709252195455,-0.060220148328926,-0.175568624621641,0.110393099105923,-0.291227970848202,-0.712829552709160,0.317486178089694,-0.546823580952327,1.438768716432378,1.575591693280864,0.146256067408464,1
11.430999999999997,0.053275569568730,0.040779880096788,1.221902914293445,0.022942799221625,-0.063456770529095,-0.183322705964201,0.113889456755576,-0.297251504736174,-0.697003746593585,0.318183524989119,-0.548302907774715,1.438589936429213,1.577146002129213,0.136353233362370,1
11.439999999999998,0.053486705958230,0.040196663826574,1.220224956066288,0.023980696995512,-0.066154253822597,-0.189537481584270,0.116755138160184,-0.302190633895131,-0.684058125104940,0.318613661469439,-0.549240789992611,1.438174789118526,1.578336852099039,0.128285242442362,1
11.450000000000003,0.053732403803109,0.039519920181202,1.218295618012764,0.025164185227948,-0.069203636081146,-0.196306165229456,0.119943061393104,-0.307687082215386,-0.669679839478401,0.318945539022354,-0.549999504623828,1.437433527877379,1.579575031741381,0.119357043034273,1
11.460000000000001,0.053990095975443,0.038812407776682,1.216299311901360,0.026379566751437,-0.072308015840150,-0.202931107945593,0.123133543800395,-0.313189643984618,-0.655310424045477,0.319125874124111,-0.550464217612279,1.436401416580263,1.580724120099891,0.110466985676168,1
11.469999999999999,0.054260101510941,0.038073576381153,1.214237474649545,0.027626859618331,-0.075467439607710,-0.209412412910584,0.126325081271955,-0.318695401283829,-0.640952767352698,0.319156927756738,-0.550639344715379,1.435082442885263,1.581784498595070,0.101615070368043,1
11.479999999999997,0.054542739551002,0.037302875442833,1.212111541999248,0.028906066952739,-0.078681924933146,-0.215750211988725,0.129516192250510,-0.324201480239769,-0.626609718164392,0.319040949503792,-0.550529279326561,1.433480575576820,1.582756548647418,0.092801297109896,1
11.490000000000002,0.054838329194566,0.036499754377410,1.209922948231979,0.030217177175489,-0.081951460846347,-0.221944665333836,0.132705417617630,-0.329705050801305,-0.612284085651402,0.318780177550361,-0.550138392475281,1.431599764565731,1.583640651677435,0.084025665901722,1
11.500000000000000,0.055147189352195,0.035663662851050,1.207673125887909,0.031560164227941,-0.085276008294863,-0.227995960994251,0.135891320579738,-0.335203326515771,-0.597978639579861,0.318376838683068,-0.549471032827014,1.429443940889157,1.584437189105620,0.075288176743533,1
11.509999999999998,0.055469638609751,0.034794051044332,1.205363505497717,0.032934990731117,-0.088655506451586,-0.233904310994883,0.139073365020690,-0.340695321210548,-0.583695056005202,0.318007855798167,-0.548880936150530,1.427226732307463,1.585146245926328,0.066529610667755,1
11.520000000000003,0.055805995167036,0.033890369766366,1.202995515405684,0.034341616819691,-0.092089890371999,-0.239669940607776,0.142250997621627,-0.346180013266250,-0.569435019130002,0.317494850296870,-0.548011246940797,1.424735264191546,1.585767909784367,0.057809584209717,1
11.530000000000001,0.056156576775400,0.032952070571062,1.200570581592811,0.035779991212041,-0.095579073124174,-0.245293098946655,0.145422789525204,-0.351654628976763,-0.555201251686025,0.316840093974505,-0.546866405177095,1.421973506032403,1.586302566075915,0.049128097369430,1
11.539999999999999,0.056521700602316,0.031978606019593,1.198090127413481,0.037250048451370,-0.099122940260746,-0.250774062154422,0.148587334532961,-0.357116438919797,-0.540996436806958,0.316045846811754,-0.545450827642366,1.418945407947808,1.586750600197148,0.040485150146889,1
11.549999999999997,0.056901683090755,0.030969429953344,1.195555573327153,0.038751709131697,-0.102721350260574,-0.256113133008130,0.151743248987169,-0.362562757724904,-0.526823218222191,0.315114356974645,-0.543768907923228,1.415654900682322,1.587112397544245,0.031880742542093,1
11.560000000000002,0.057296839820819,0.029923997762445,1.192968336633977,0.040284880122674,-0.106374134968107,-0.261310640525913,0.154889171652691,-0.367990943841527,-0.512684200450520,0.314047860814556,-0.541825016409961,1.412105895607287,1.587388343513383,0.023314874555037,1
11.570000000000000,0.057707485373616,0.028841766649936,1.190329831214355,0.041849454793221,-0.110081100030418,-0.266366939575839,0.158023763598820,-0.373398399307015,-0.498581948993926,0.312848582868218,-0.539623500296523,1.408302284720837,1.587578823500738,0.014787546185732,1
11.579999999999998,0.058133933197368,0.027722195891558,1.187641467272377,0.043445313233985,-0.113842025331929,-0.271282410486729,0.161145708081153,-0.378782569514691,-0.484518990531245,0.311518735857710,-0.537168683580534,1.404247940647884,1.587684222902490,0.006298757434173,1
11.590000000000003,0.058576495475735,0.026564747091219,1.184904651083152,0.045072322478606,-0.117656665426812,-0.276057458660881,0.164253710423432,-0.384140942981868,-0.470497813111928,0.310060520690457,-0.534464867063284,1.399946716640122,1.587704927114814,-0.002151491699647,1
11.600000000000001,0.059035482998344,0.025368884432145,1.182120784744013,0.046730336723807,-0.121524749969057,-0.280692514188742,0.167346497899396,-0.389471051117881,-0.456520866349806,0.308476126459242,-0.531516328349739,1.395402446576040,1.587641321533889,-0.010563201215715,1
11.613000000000000,0.059657230916567,0.023755958112138,1.178433716443134,0.048931848074089,-0.126632676346890,-0.286509544695651,0.171342875651800,-0.396355060395267,-0.438420258317859,0.306316050684220,-0.527493787298809,1.389239029656631,1.587433038776851,-0.021469401843854,1
11.619999999999997,0.060003969247002,0.022859788556528,1.176417487702787,0.050138742862716,-0.129420066542887,-0.289544478374195,0.173482748662998,-0.400039415185489,-0.428707715918339,0.305066219993388,-0.525159575362611,1.385753839482068,1.587262282704673,-0.027314887568007,1
11.630000000000003,0.060514081580240,0.021545498538113,1.173500838279391,0.051888792682231,-0.133446660729964,-0.293762353167345,0.176524066995450,-0.405273530049260,-0.414875872305780,0.303177309638442,-0.521624338070305,1.380576146045075,1.586947512554491,-0.035632693933777,1
11.640000000000001,0.061041846157754,0.020190681471020,1.170542700827645,0.053669159234906,-0.137525415415548,-0.297842172266953,0.179545895734088,-0.410471127826949,-0.401096961424389,0.301168662380153,-0.517856864009247,1.375167923868898,1.586549757796687,-0.043911809092621,1
11.649999999999999,0.061587565152532,0.018794817614648,1.167544453219582,0.055479641674023,-0.141655953887431,-0.301784476463789,0.182547048324389,-0.415629907287517,-0.387373269675621,0.299042439123399,-0.513861376586115,1.369532946876286,1.586069405343329,-0.052152233044544,1
11.660000000000004,0.062151538670124,0.017357391109875,1.164507467805635,0.057320027395167,-0.145837876631873,-0.305589829224269,0.185526359760966,-0.420747609316327,-0.373707045819577,0.296800788790155,-0.509642075674685,1.363674969415701,1.585506842106486,-0.060353965789552,1
11.670000000000002,0.062734064632144,0.015877890204979,1.161433111189764,0.059190092251109,-0.150070761753580,-0.309258816315012,0.188482686467733,-0.425822016679803,-0.360100501170774,0.294445848319503,-0.505203137615846,1.357597726261330,1.584862454998228,-0.068517007327633,1
11.680000000000000,0.063335438661909,0.014355807477350,1.158322744008319,0.061089600765512,-0.154354165393356,-0.312792045429373,0.191414906178083,-0.430850953790125,-0.346555809793827,0.291979742667618,-0.500548715217577,1.351304932613061,1.584136630930623,-0.076641357658794,1
11.689999999999998,0.063955953972217,0.012790640051063,1.155177720712625,0.063018306345418,-0.158687622143371,-0.316190145815923,0.194321917815056,-0.435832286469886,-0.333075108699237,0.289404584807779,-0.495682937754961,1.344800284096500,1.583329756815741,-0.084727016783033,1
11.700000000000003,0.064595901255230,0.011181889810290,1.151999389355291,0.064975951492551,-0.163070645460097,-0.319453767908881,0.197202641371512,-0.440763921716767,-0.319660498039108,0.286722475730361,-0.490609910970180,1.338087456762961,1.582442219565652,-0.092773984700358,1
11.710000000000001,0.065255568563897,0.009529063629774,1.148789091367502,0.066962263788178,-0.167502719624053,-0.322583588026559,0.200054753940956,-0.445641279664246,-0.306315556658875,0.283684220478059,-0.484831128212868,1.330868817492682,1.581474832225563,-0.100697134572020,1
11.719999999999999,0.065935241090835,0.007831673810457,1.145548161214529,0.068976943723086,-0.171983275389153,-0.325580322848072,0.202876012673970,-0.450459939609021,-0.293043755924215,0.280552032718678,-0.478870943116653,1.323459907110861,1.580428403849122,-0.108582191970748,1
11.729999999999997,0.066635200954170,0.006089238501304,1.142277926060731,0.071019678094667,-0.176511716768430,-0.328444713235565,0.205665487954885,-0.455218106471392,-0.279846981193612,0.277327852449885,-0.472733140726487,1.315864193019259,1.579303315361058,-0.116429156896541,1
11.740000000000002,0.067355727093845,0.004301281900272,1.138979705568158,0.073090144500967,-0.181087430013005,-0.331177518731708,0.208422269511536,-0.459914022911331,-0.266727083245265,0.274013608374936,-0.466421483931463,1.308085123870840,1.578099947686100,-0.124238029349406,1
11.750000000000000,0.068097095180590,0.002467334430051,1.135654811711472,0.075188011533554,-0.185709783988366,-0.333779517214830,0.211145466302315,-0.464545969106913,-0.253685878464617,0.270611217902690,-0.459939713464834,1.300126129569789,1.576818681748979,-0.132008809329330,1
11.761000000000003,0.068936997427396,0.000396320147840,1.131968176944463,0.077526906678078,-0.190847469344529,-0.336491583846776,0.214101152293970,-0.469565217303216,-0.239433569830544,0.266769053904931,-0.452617722121867,1.291167492941870,1.575319771359010,-0.140512670501011,1
11.770000000000003,0.069643442999432,-0.001340379275390,1.128930212281007,0.079464577960823,-0.195091804907528,-0.338594294277593,0.216487636894980,-0.473611257738546,-0.227846643109069,0.263549610929675,-0.446480683670443,1.283681991382521,1.574023978787162,-0.147436091870380,1
11.780000000000001,0.070448956934530,-0.003315052012355,1.125533090601913,0.081642571226292,-0.199850126009769,-0.340808717214665,0.219104923749960,-0.478041346127289,-0.215052075028488,0.259894172774584,-0.439510795029902,1.275203613560700,1.572511303611925,-0.155092594431501,1
11.789999999999999,0.071276381054005,-0.005337528296593,1.122114463001813,0.083846553237462,-0.204652396896753,-0.342895621176983,0.221685251719372,-0.482400955733947,-0.202343125479189,0.256158144913541,-0.432385534092184,1.266558842715027,1.570922253873442,-0.162711004519687,1
11.799999999999997,0.072125973384016,-0.007408244076271,1.118675600361938,0.086076150407056,-0.209497905072635,-0.344855870613828,0.224227824220254,-0.486688551003782,-0.189721441694988,0.252343388283367,-0.425108530811261,1.257751015005717,1.569257210496442,-0.170291322134938,1
11.810000000000002,0.072997988172076,-0.009527628091920,1.115217764833290,0.088330979976432,-0.214385920271031,-0.346690347846292,0.226731474871591,-0.490901856065650,-0.177189106023727,0.248374548325326,-0.417529023692903,1.248690333483401,1.567516681033831,-0.177808252385148,1
11.820000000000000,0.073892675773856,-0.011696101655717,1.111742209632571,0.090610646398436,-0.219315687213480,-0.348399957321173,0.229195074304902,-0.495038668151371,-0.164748145332910,0.244333443440628,-0.409810517969740,1.239476559066969,1.565701171808776,-0.185287274624129,1
11.829999999999998,0.074810282543351,-0.013914078437436,1.108250178843223,0.092914745577473,-0.224286434078442,-0.349985620388983,0.231617908815330,-0.499097614710345,-0.152400074377821,0.240221860665364,-0.401956497113431,1.230112923406015,1.563811061901387,-0.192728388851887,1
11.840000000000003,0.075751050758214,-0.016181964320585,1.104742907259987,0.095242866370067,-0.229297375492684,-0.351448273386513,0.233999282513027,-0.503077357918160,-0.140146375689641,0.236041575966110,-0.393970422889451,1.220602639672579,1.561846730391775,-0.200131595068428,1
11.850000000000001,0.076715218550163,-0.018500157268621,1.101221620240648,0.097594590762452,-0.234347712877442,-0.352788867315511,0.236338517212460,-0.506976594459519,-0.127988499760239,0.231794354239936,-0.385855735357104,1.210948902561164,1.559808556360055,-0.207496893273741,1
11.859999999999999,0.077703019837162,-0.020869047194625,1.097687533560974,0.099969494047072,-0.239436634792454,-0.354008367523223,0.238634952321724,-0.510794055311195,-0.115927865226906,0.227481949314389,-0.377615852869494,1.201154888288697,1.557696918886338,-0.214824283467832,1
11.869999999999997,0.078714684257363,-0.023289015834390,1.094141853272862,0.102367144997958,-0.244563317277775,-0.355107753384759,0.240887944731839,-0.514528505524958,-0.103965859057156,0.223106103947503,-0.369254172073545,1.191223754594556,1.555512197050737,-0.222113765650699,1
11.880000000000003,0.079750437104794,-0.025760436622931,1.090585775565630,0.104787106045006,-0.249726924193456,-0.356088017987331,0.243096868706062,-0.518178744010520,-0.092103836733491,0.218668549827793,-0.360774067909987,1.181158640740557,1.553254769933361,-0.229365339822349,1
11.890000000000001,0.080810499266780,-0.028283674574365,1.087020486630480,0.107228933447138,-0.254926607557015,-0.356950167816315,0.245261115769180,-0.521743603318460,-0.080343122438207,0.214171007574270,-0.352178893613386,1.170962667510981,1.550925016614326,-0.236579005982771,1
11.899999999999999,0.081895087163101,-0.030859086165173,1.083447162528065,0.109692177464377,-0.260161507878789,-0.357695222443182,0.247380094596828,-0.525221949423182,-0.068685009238119,0.209615186736418,-0.343471980712101,1.160638937212531,1.548523316173744,-0.243754764131970,1
11.909999999999997,0.083004412690075,-0.033487019227236,1.079866969063073,0.112176383815387,-0.265430757067601,-0.358324212663460,0.249453615698581,-0.528613450896739,-0.057130295156622,0.205079271491848,-0.334809571328687,1.150282785650341,1.546049922568715,-0.250917607718865,1
11.920000000000002,0.084138683198204,-0.036167812907870,1.076281061700307,0.114681097612635,-0.270733486290440,-0.358838175646883,0.251481487660674,-0.531917771604930,-0.045679770210175,0.200485646072717,-0.326036387757466,1.139801627942895,1.543505091002466,-0.258042356375577,1
11.930000000000000,0.085298101469944,-0.038901797630051,1.072690585481978,0.117205859507892,-0.276068818256856,-0.359238159483413,0.253463141980569,-0.535133820572467,-0.034334668959262,0.195836028436459,-0.317155779619961,1.129198561159260,1.540889202424303,-0.265129010102098,1
11.939999999999998,0.086482865666133,-0.041689294989864,1.069096674908179,0.119750204553617,-0.281435864933767,-0.359525224454075,0.255398027278763,-0.538260540209359,-0.023096195087488,0.191132125231342,-0.308171074352329,1.118476663601883,1.538202637783526,-0.272177568898431,1
11.950000000000003,0.087693169270849,-0.044530617650739,1.065500453816521,0.122313662373619,-0.286833727878194,-0.359700442723130,0.257285609185687,-0.541296906089048,-0.011965521589262,0.186375631796472,-0.299085577205375,1.107638994806613,1.535445778029434,-0.279188032764582,1
11.960000000000001,0.088929201037968,-0.047426069240996,1.061903035264836,0.124895757332586,-0.292261498567774,-0.359764898032117,0.259125370228617,-0.544241926726553,-0.000943790957496,0.181568232161812,-0.289902571244579,1.096688595542727,1.532619004111334,-0.286160401700542,1
11.969999999999999,0.090191144939423,-0.050375944254713,1.058305521416916,0.127496008704495,-0.297718258729088,-0.359719685395779,0.260916809718583,-0.547094643356624,0.009967884628786,0.176711599048153,-0.280625317350048,1.085628487812881,1.529722696978525,-0.293094675706314,1
11.979999999999997,0.091479180115131,-0.053380527955832,1.054709003431305,0.130113930839880,-0.303203080663735,-0.359565910799862,0.262659443637278,-0.549854129711888,0.020768423116743,0.171807393867133,-0.271257054216553,1.074461674853143,1.526757237580310,-0.299990854781900,1
11.990000000000002,0.092793480824587,-0.056440096285543,1.051114561353081,0.132749033331974,-0.308715027572211,-0.359304690900792,0.264352804523966,-0.552519491800990,0.031456772392070,0.166857266721230,-0.261800998353503,1.063191141132976,1.523723006865987,-0.306848938927303,1
12.000000000000000,0.094134216400121,-0.059554915772867,1.047523264008656,0.135400821181718,-0.314253153875542,-0.358937152727226,0.265996441362388,-0.555089867686739,0.042031910091300,0.161862856403772,-0.252260344084984,1.051819852355268,1.520620385784863,-0.313668928142515,1
12.009999999999998,0.095501551211077,-0.062725243467039,1.043936168914663,0.138068798667031,-0.319816512945481,-0.358464428936609,0.267591027576770,-0.557566643472288,0.052494173267155,0.157046011325257,-0.243078703380648,1.040615044828730,1.517449381559492,-0.320525473683283,1
12.020000000000003,0.096895644721310,-0.065951327056430,1.040354322299856,0.140752480341972,-0.325404179094441,-0.357887644515593,0.269137196985972,-0.559951125224415,0.062843861353521,0.152179784968473,-0.233802102905493,1.029305346339620,1.514210005176166,-0.327343359733080,1
12.030000000000001,0.098316651543717,-0.069233404981437,1.036778759124435,0.143451379598334,-0.331015224690543,-0.357207930408514,0.270634464445140,-0.562242380271086,0.073079940764489,0.147265908909535,-0.224433923846985,1.017893818356486,1.510902643229800,-0.334122586291897,1
12.039999999999999,0.099764721401147,-0.072571706360077,1.033210502987981,0.146165005062839,-0.336648712943863,-0.356426427742822,0.272082362064884,-0.564439509633712,0.083201408430523,0.142306102664995,-0.214977523706433,1.006383502680703,1.507527682315300,-0.340863153359737,1
12.049999999999997,0.101239999079604,-0.075966450898073,1.029650566029152,0.148892860769093,-0.342303698242170,-0.355544287524901,0.273480439090683,-0.566541647790289,0.093207291601756,0.137302073691853,-0.205436236299017,0.994777421446508,1.504085509027576,-0.347565060936602,1
12.060000000000002,0.102742624383178,-0.079417848802307,1.026099948828409,0.151634446328329,-0.347979226484311,-0.354562670337851,0.274828261782291,-0.568547962438532,0.103096647651337,0.132255517387549,-0.195813371753772,0.983078577120978,1.500576509961536,-0.354228309022495,1
12.070000000000000,0.104272732090663,-0.082926100697579,1.022559640313756,0.154389257098940,-0.353674335411212,-0.353482746041251,0.276125413293131,-0.570457654259014,0.112868563878726,0.127168117089980,-0.186112216513620,0.971289952504069,1.497001071712095,-0.360852897617408,1
12.079999999999998,0.105830451913876,-0.086491397546685,1.019030617669456,0.157156784354826,-0.359388054934540,-0.352305693472868,0.277371493549713,-0.572269956678308,0.122522157313071,0.122041544077478,-0.176336033335325,0.959414510728563,1.493359580874160,-0.367438826721345,1
12.090000000000003,0.107415908457649,-0.090113920573752,1.015513846247737,0.159936515452514,-0.365119407462975,-0.351032700152352,0.278566119131033,-0.573984135632127,0.132056574516509,0.116877457568819,-0.166488061289514,0.947455195260092,1.489652424042637,-0.373986096334311,1
12.100000000000001,0.109029221181482,-0.093793841190823,1.012010279483457,0.162727933997076,-0.370867408226100,-0.349664961986884,0.279708923147974,-0.575599489328454,0.141470991387479,0.111677504723236,-0.156571515760699,0.935414929897166,1.485879987812442,-0.380494706456296,1
12.109999999999999,0.110670504356994,-0.097531320915965,1.008520858804652,0.165530517666930,-0.376631060915804,-0.348203685783029,0.280798855419329,-0.577113948512175,0.150763774420996,0.106304288285076,-0.146311505506353,0.923129998707706,1.482042894030398,-0.386917667520654,1
12.119999999999997,0.112339866969129,-0.101326511178783,1.005046513476653,0.168343731538944,-0.382409344327752,-0.346650097151634,0.281834918246275,-0.578525548114839,0.159933362428069,0.100903871242238,-0.136000097374129,0.910776386814876,1.478141762110670,-0.393302333993302,1
12.130000000000003,0.114037412621969,-0.105179553135080,1.001588160452649,0.171167035584140,-0.388201227345933,-0.345005431430857,0.282816847265550,-0.579833789054646,0.168979082436109,0.095477780227198,-0.125640266982873,0.898356857930948,1.474176974999170,-0.399648705874247,1
12.140000000000001,0.115763239506336,-0.109090577605034,0.998146704299268,0.173999887206038,-0.394005674011906,-0.343270930550716,0.283744393322482,-0.581038201892680,0.177900289014370,0.090027530325870,-0.115234967291342,0.885874156715839,1.470148915641823,-0.405956783163478,1
12.149999999999999,0.117517440374888,-0.113059705026264,0.994723037132014,0.176841741392179,-0.399821643820126,-0.341447842758619,0.284617322355527,-0.582138346606318,0.186696364083461,0.084554625077582,-0.104787128598168,0.873331008777059,1.466057966984541,-0.412226565861001,1
12.159999999999997,0.119300102518702,-0.117087045409817,0.991318038553471,0.179692050864470,-0.405648092010954,-0.339537422346804,0.285435415280802,-0.583133812362617,0.195366716724797,0.079060556475090,-0.094299658541878,0.860730120669746,1.461904511973243,-0.418458053966815,1
12.170000000000002,0.121111307745369,-0.121172698299091,0.987932575594200,0.182550266228392,-0.411483969861430,-0.337540929381685,0.286198467876618,-0.584024217291724,0.203910782990089,0.073546804964575,-0.083775442100889,0.848074179896647,1.457688933553843,-0.424651247480925,1
12.180000000000000,0.122951132358568,-0.125316752731630,0.984567502656356,0.185415836121030,-0.417328224973754,-0.335459629435104,0.286906290668015,-0.584809208260265,0.212328025710798,0.068014839445654,-0.073217341593529,0.835365854908159,1.453411614672262,-0.430806146403322,1
12.189999999999998,0.124819647139123,-0.129519287203828,0.981223661459955,0.188288207357978,-0.423179801561543,-0.333294793317482,0.287558708811296,-0.585488460644752,0.220617934307641,0.062466117271358,-0.062628196677998,0.822607795102267,1.449072938274417,-0.436922750734010,1
12.200000000000003,0.126716917327512,-0.133780369638457,0.977901880991819,0.191166825079070,-0.429037640733786,-0.331047696812878,0.288155561978562,-0.586061678104976,0.228780024600057,0.056902084248144,-0.052010824352390,0.809802630824578,1.444673287306220,-0.443001060472995,1
12.210999999999999,0.128837198085998,-0.138535251283724,0.974274376362451,0.194339850952811,-0.435487221450195,-0.328482413391515,0.288746604262596,-0.586567138233074,0.237608768620516,0.050559030546943,-0.039889238878440,0.795416703241698,1.439764085252474,-0.449573510385674,1
12.219999999999999,0.130597956967226,-0.142478396791008,0.971327754082000,0.196940547921952,-0.440767807245148,-0.326311879308604,0.289178264224470,-0.586881484961458,0.244714438919151,0.045364831604308,-0.029964739415780,0.783616883439223,1.435693855181197,-0.454916959527534,1
12.229999999999997,0.132581828679885,-0.146915423472212,0.968077001066552,0.199834502572256,-0.446637936480825,-0.323825772949060,0.289603041169100,-0.587125975344716,0.252484933324737,0.039590052498983,-0.018932683194000,0.770477124646393,1.431115147763306,-0.460818225925459,1
12.240000000000002,0.134594660215316,-0.151411161831476,0.964851495448259,0.202732416207896,-0.452509958962470,-0.321262619110676,0.289970057307269,-0.587260129681874,0.260123887960686,0.033812882879279,-0.007897943227329,0.757309329829897,1.426477616625196,-0.466681703570492,1
12.250000000000000,0.136636488274986,-0.155965625284107,0.961652001120353,0.205633711122488,-0.458382771236642,-0.318623734552996,0.290279295092848,-0.587283933491141,0.267631034446067,0.028034592747984,0.003137012881493,0.744115891827124,1.421781639654404,-0.472507392462624,1
12.259999999999998,0.138707343782632,-0.160578816210573,0.958479268795443,0.208537809497516,-0.464255269828119,-0.315910438600030,0.290530749625724,-0.587197396860891,0.275006128237560,0.022256441305361,0.014169738702028,0.730899185319461,1.417027594738455,-0.478295292601861,1
12.270000000000003,0.140807251883773,-0.165250725957502,0.955334035981065,0.211444133528240,-0.470126351484536,-0.313124052902789,0.290724428543777,-0.587000554237941,0.282248948447878,0.016479676949160,0.025197808976122,0.717661566832323,1.412215859764875,-0.484045403988204,1
12.280000000000001,0.142936231946467,-0.169981334841113,0.952217026957599,0.214352105548534,-0.475994913418890,-0.310265901203640,0.290860351914847,-0.586693464215829,0.289359297664193,0.010705537274629,0.036218819617876,0.704405374735182,1.407346812621199,-0.489757726621648,1
12.289999999999999,0.145094297563320,-0.174770612153095,0.949128952758514,0.217261148154655,-0.481859853549979,-0.307337309102454,0.290938552128717,-0.586276209323089,0.296337001766607,0.004935249074489,0.047230387713698,0.691132929241510,1.402420831194953,-0.495432260502195,1
12.299999999999997,0.147281456554726,-0.179618516168845,0.946070511152962,0.220170684327917,-0.487720070740674,-0.304339603824598,0.290959073789086,-0.585748895811532,0.303181909746574,-0.000829971661047,0.058230151522265,0.677846532408814,1.397438293373667,-0.501069005629845,1
12.310000000000002,0.149497710977190,-0.184524994165820,0.943042386635333,0.223080139098499,-0.493574468117659,-0.301274112129747,0.290922434693979,-0.585112575364182,0.309894449918072,-0.006497330560339,0.069032643199382,0.664658988272055,1.392399426558712,-0.506698017686508,1
12.320000000000000,0.151743057170982,-0.189489982520468,0.940045250463130,0.225988944167084,-0.499421962305211,-0.298142154652022,0.290829139601682,-0.584368272902650,0.316475043130583,-0.012160962691776,0.079826149076388,0.651457529083941,1.387304459813417,-0.512288991698651,1
12.331000000000003,0.154246527676763,-0.195018960020271,0.936784977211190,0.229187203408778,-0.505844944579616,-0.294621809054203,0.290661129612490,-0.583424943401758,0.323561145413660,-0.018385168229785,0.091685738471359,0.636922622265760,1.381635654958103,-0.518395129170597,1
12.340000000000003,0.156320981894829,-0.199595181797409,0.934146562180773,0.231802340283981,-0.511091924930839,-0.291684124013742,0.290472767822959,-0.582556153953961,0.329239901691028,-0.023472078460913,0.101376542516910,0.625022132987948,1.376947748053571,-0.523356825589396,1
12.350000000000001,0.158653524788737,-0.204735211510104,0.931246286554929,0.234705800241183,-0.516912238369364,-0.288360694354572,0.290209815204540,-0.581488613499209,0.335423981163900,-0.029117105988050,0.112128654510475,0.611792783226875,1.371686763799915,-0.528833685467994,1
12.359999999999999,0.161015088194093,-0.209933389188885,0.928379552224532,0.237606348559781,-0.522721339096922,-0.284976085456577,0.289890454501072,-0.580313642655991,0.341475741555107,-0.034753494526216,0.122862229564054,0.598558692708027,1.366371201137695,-0.534272507302076,1
12.372000000000000,0.163887225994161,-0.216247791529927,0.924984596693740,0.241082369657637,-0.529675948075821,-0.280835661537399,0.289432893925411,-0.578762148617940,0.348563143505082,-0.041504068395007,0.135714767692345,0.582674688753977,1.359921018019393,-0.540748883284216,1
12.380000000000003,0.165825143166482,-0.220503707739804,0.922749114917694,0.243396456749573,-0.534301611153681,-0.278028623754953,0.289082890382011,-0.577642221232117,0.353182182841268,-0.045995565546463,0.144264459212648,0.572085258780937,1.355577862109342,-0.545036036836698,1
12.390000000000001,0.168273553978938,-0.225875581473658,0.919986582585339,0.246284892433383,-0.540070642298248,-0.274468418257733,0.288594907487839,-0.576146234193918,0.358836858366525,-0.051598881468484,0.154928513875005,0.558850353494298,1.350100846504103,-0.550360744537234,1
12.399999999999999,0.170750823815744,-0.231305068943391,0.917259932836061,0.249168168340485,-0.545824180822575,-0.270852327690693,0.288050957327582,-0.574543743413074,0.364359203698173,-0.057188825281422,0.165564831732073,0.545619583693071,1.344570774012082,-0.555647414193255,1
12.410000000000004,0.173256898297098,-0.236792009930433,0.914569717921669,0.252045731093942,-0.551561174329707,-0.267181668389147,0.287452855844036,-0.572838390518038,0.369751281053240,-0.062431313933595,0.175505283415652,0.532794289861257,1.338987461945895,-0.561008501587478,1
12.420000000000002,0.175791717627213,-0.242336233928294,0.911916477066234,0.254917050729627,-0.557280617342911,-0.263457729728344,0.286802336497542,-0.571033651511233,0.375015061603277,-0.067672168421314,0.185441605993846,0.519960627709069,1.333350733929451,-0.566330604245351,1
12.430000000000000,0.178355216754350,-0.247937560463534,0.909300736647213,0.257781603173513,-0.562981516252237,-0.259681795054332,0.286099422491967,-0.569129581084668,0.380150473781551,-0.072910018427076,0.195371123456260,0.507121017112819,1.327660979810111,-0.571613722166878,1
12.439999999999998,0.180947325387416,-0.253595799129787,0.906723010205428,0.260638864651911,-0.568662878128027,-0.255855148308177,0.285344150670551,-0.567126260565028,0.385157470117565,-0.078143506393087,0.205291184879086,0.494277857443259,1.321918589435237,-0.576857855352060,1
12.450000000000003,0.183567967999649,-0.259310749595903,0.904183798440315,0.263488311827235,-0.574323710986027,-0.251979073786017,0.284536571388316,-0.565023797662796,0.390036027032002,-0.083371287521263,0.215199164425114,0.481433527565561,1.316123952652189,-0.582063003800900,1
12.460000000000001,0.186217063833649,-0.265082201616699,0.901683589207569,0.266329421932467,-0.579963024049946,-0.248054855901194,0.283676748384464,-0.562822326221404,0.394786144631661,-0.088592029773218,0.225092461343702,0.468590385839353,1.310277459308339,-0.587229167513391,1
12.470999999999997,0.189163829947387,-0.271495795096177,0.898978973520027,0.269444390674033,-0.586140232368840,-0.243684143440455,0.282670693868657,-0.560286544171642,0.399862955430445,-0.094325142169962,0.235955056212956,0.454467091872453,1.303786887585201,-0.592866920226651,1
12.481000000000002,0.191872391451099,-0.277385172010382,0.896562200443108,0.272266294617586,-0.591731135734070,-0.239663004445697,0.281701425336343,-0.557877705287870,0.404343455021409,-0.099526823758508,0.245809165768352,0.441634030505854,1.297832764416820,-0.597951215992821,1
12.490000000000002,0.194334184775874,-0.282733316144263,0.894421662620883,0.274797513504513,-0.596741960278123,-0.236006183023745,0.280784652518443,-0.555625585822420,0.408266213595727,-0.104198894283632,0.254658625127472,0.430091365582174,1.292430738385578,-0.602493750232795,1
12.500000000000000,0.197096181561089,-0.288728474174194,0.892082085249110,0.277600063706150,-0.602285319612435,-0.231902229954241,0.279716755237910,-0.553029932537123,0.412503041549862,-0.109378415841110,0.264467685761879,0.417276149946603,1.286380717272135,-0.607503974999904,1
12.509999999999998,0.199886149574682,-0.294778934348933,0.889783757094785,0.280391669765612,-0.607802219579257,-0.227756556857673,0.278595212230061,-0.550332489090426,0.416609479112416,-0.114925054392940,0.275010696773901,0.404016990584750,1.280281426298198,-0.612347906889769,1
12.521000000000001,0.202987287121234,-0.301497992232932,0.887303728659918,0.283449141626743,-0.613839006007790,-0.223149703099557,0.277297643041270,-0.547243914608484,0.420973629338189,-0.120990203961160,0.286535434685589,0.389472076405845,1.273516492138245,-0.617632483585608,1
12.530000000000001,0.205549545100016,-0.307044671566357,0.885312477724118,0.285939853620993,-0.618752469864840,-0.219345327129056,0.276186511172875,-0.544622885808767,0.424425451851237,-0.125923568246408,0.295906549097640,0.377604669362227,1.267938473328320,-0.621922138505829,1
12.539999999999999,0.208422731747021,-0.313259377659481,0.883140308111148,0.288695331581362,-0.624183730629036,-0.215082411698110,0.274899997583481,-0.541612018379065,0.428135718554946,-0.131373543212663,0.306255709915989,0.364455230032779,1.261695568880143,-0.626652438232023,1
12.549999999999997,0.211323407941030,-0.319528244094837,0.881010950975904,0.291437672471611,-0.629584366391099,-0.210783050408606,0.273559153988195,-0.538497999152496,0.431714690672559,-0.136789414667396,0.316536608826369,0.351346056298065,1.255405550821642,-0.631344860570326,1
12.560000000000002,0.214251439600566,-0.325850959476270,0.878924764219029,0.294166334712287,-0.634953349076034,-0.206448554162784,0.272164326046836,-0.535281519702156,0.435162779954392,-0.142170259471493,0.326747458557030,0.338278964002766,1.249068797926694,-0.635999405520742,1
12.570000000000000,0.217206687245789,-0.332227202161737,0.876882092653034,0.296880780226511,-0.640289657613580,-0.202080229654897,0.270715868596560,-0.531963289367914,0.438480416218354,-0.147515165297255,0.336886493026169,0.325255750823222,1.242685688969185,-0.640616073083265,1
12.579999999999998,0.220189006033987,-0.338656640334267,0.874883268045276,0.299580474531213,-0.645592278114833,-0.197679379191433,0.269214145543741,-0.528544035044500,0.441668047168286,-0.152823230628427,0.346951967341977,0.312278196267379,1.236256602722991,-0.645194863257898,1
12.590000000000003,0.223198245795966,-0.345138932074634,0.872928609162727,0.302264886827286,-0.650860204046730,-0.193247300513164,0.267659529755857,-0.525024500969612,0.444726138212265,-0.158093564760180,0.356942157802610,0.299348061674816,1.229781917961985,-0.649735776044643,1
12.600000000000001,0.226234251073323,-0.351673725435768,0.871018421818519,0.304933490088644,-0.656092436404405,-0.188785286619030,0.266052402953381,-0.521405448512025,0.447655172280917,-0.163325287799102,0.366855361896176,0.286467090216774,1.223262013460055,-0.654238811443495,1
12.609999999999999,0.229296861154713,-0.358260658515071,0.869152998917907,0.307585760383875,-0.661287982349214,-0.184294626516932,0.264392926546957,-0.517687197987444,0.450455373134002,-0.168563001665338,0.376780813073623,0.273582114916986,1.216697347060666,-0.658688178897894,1
12.619999999999997,0.232385910094038,-0.364899359490551,0.867332620483136,0.310221174731943,-0.666445850915806,-0.179776607744706,0.262681284121145,-0.513870113485043,0.453126998032332,-0.173758355562746,0.386621894593815,0.260752174944611,1.210088375672834,-0.663099809132027,1
12.630000000000003,0.235501226730621,-0.371589446660857,0.865557553681349,0.312839213604224,-0.671565058009088,-0.175232513282638,0.260917903341451,-0.509955046552900,0.455670605569775,-0.178910538087256,0.396377039603286,0.247978915440606,1.203435476668757,-0.667473702145897,1
12.640000000000001,0.238642634730010,-0.378330528526513,0.863828052878093,0.315439361789132,-0.676644628127437,-0.170663620443124,0.259103219934627,-0.505942864304194,0.458086770702276,-0.184018748395393,0.406044701937022,0.235263963680380,1.196739027420648,-0.671809857939497,1
12.649999999999999,0.241809952627565,-0.385122203876653,0.862144359694807,0.318021108472227,-0.681683594517336,-0.166071200707924,0.257237677583048,-0.501834449210301,0.460376084569212,-0.189082196204296,0.415623356118499,0.222608929073741,1.189999405300704,-0.676108276512831,1
12.660000000000004,0.245002993872816,-0.391964061877252,0.860506703067936,0.320583947315226,-0.686680999325910,-0.161456519567234,0.255321727819119,-0.497630698893922,0.462539154314729,-0.194100101791710,0.425111497359666,0.210015403164923,1.183216987681124,-0.680368957865902,1
12.670000000000002,0.248221566874609,-0.398855682160874,0.858915299309648,0.323127376533976,-0.691635893751394,-0.156820836360537,0.253355829919664,-0.493332525922205,0.464576602909084,-0.199071695995971,0.434507641560921,0.197484959632608,1.176392151934119,-0.684591901998703,1
12.680000000000000,0.251465475047047,-0.405796634917954,0.857370352170123,0.325650898975381,-0.696547338191568,-0.152165404119218,0.251340450800321,-0.488940857599841,0.466489068969997,-0.203996220216032,0.443810325311154,0.185019154289878,1.169525275431887,-0.688777108911238,1
12.689999999999998,0.254734516856172,-0.412786480989509,0.855872052901418,0.328154022193253,-0.701414402390080,-0.147491469410995,0.249276064909933,-0.484456635762195,0.468277206583990,-0.208872926411445,0.453018105887720,0.172619525084251,1.162616735546631,-0.692924578603506,1
12.700000000000003,0.258028485867413,-0.419824771961328,0.854420580322872,0.330636258523119,-0.706236165580725,-0.142800272186117,0.247163154124946,-0.479880816568410,0.469941685127731,-0.213701077102372,0.462129561256451,0.160287592097656,1.155666909650549,-0.697034311075511,1
12.710000000000001,0.261347170813357,-0.426911050298752,0.853016100911562,0.333097132974926,-0.711011732267398,-0.138093036240660,0.245004544342849,-0.475219043643894,0.471485993713074,-0.218016194798601,0.470215798605723,0.148581474343959,1.148675397562620,-0.701261578231364,1
12.720999999999997,0.265026013425763,-0.434760825305460,0.851525634663701,0.335778897749360,-0.716210515277075,-0.132897960041027,0.242580409578276,-0.469998043158247,0.473049803473596,-0.222729678114608,0.479045397250802,0.135756878521534,1.140936150615451,-0.705866331127453,1
12.729999999999997,0.268057820833890,-0.441225696441414,0.850348727717046,0.337953049100163,-0.720420999349421,-0.128635154868956,0.240558590521650,-0.465654326844997,0.474224559005616,-0.226559346860003,0.486216828066201,0.125306395922365,1.134566534613976,-0.709598603516191,1
12.740000000000002,0.271449341318059,-0.448453107784741,0.849086107798204,0.340347236476605,-0.725053099677404,-0.123886836918403,0.238271841656196,-0.460752554488066,0.475419755879367,-0.230785195207376,0.494127350978497,0.113741292516117,1.127449967146769,-0.713708361645169,1
12.750000000000000,0.274864688635556,-0.455726593726894,0.847871028893289,0.342718345599532,-0.729635787793603,-0.119127144415039,0.235942993019452,-0.455771989150827,0.476499554280282,-0.234979123416154,0.501975077149226,0.102227015703657,1.120292497946656,-0.717778950098517,1
12.759999999999998,0.278303629904224,-0.463045656216665,0.846703598986454,0.345065957084953,-0.734168278942643,-0.114357228770911,0.233572369121544,-0.450713269166134,0.477464471869300,-0.239140071970686,0.509757937883460,0.090765440940261,1.113094518710387,-0.721810368876239,1
12.770000000000003,0.281765928064466,-0.470409789387552,0.845583914573927,0.347389654846733,-0.738649794855474,-0.109578236128042,0.231160305000768,-0.445577053421983,0.478315044955564,-0.243266994752617,0.517473890848077,0.079358422410987,1.105856421134714,-0.725802617978338,1
12.780999999999999,0.285601145251276,-0.478561779282039,0.844407508947669,0.349917609599969,-0.743519665287394,-0.104312221529511,0.228459583591051,-0.439838519701010,0.479119270082366,-0.247766077892541,0.525881755360038,0.066875901428437,1.097848644609554,-0.730148851015295,1
12.789999999999999,0.288759626136137,-0.485271205627496,0.843488111100701,0.351963661970407,-0.747456821550660,-0.099997576953673,0.226213248080831,-0.435074871401314,0.479675394821187,-0.251414645511734,0.532697035944975,0.056715364444019,1.091261437752207,-0.733669607155652,1
12.799999999999997,0.292290531347889,-0.492767438490175,0.842512128084688,0.354213156584105,-0.751780810051448,-0.095198174697950,0.223678976793359,-0.429710323303929,0.480186335545517,-0.255433348238703,0.540200275220054,0.045482927025361,1.083905335338879,-0.737544347230869,1
12.810000000000002,0.295843804117388,-0.500306641749778,0.841584162760837,0.356437105539584,-0.756050773865711,-0.090394226791023,0.221103918969480,-0.424269536824801,0.480584316133288,-0.259570533985474,0.547941882169046,0.034125129594634,1.076510942778416,-0.741327719302724,1
12.820000000000000,0.299419186935945,-0.507888271321725,0.840704254925117,0.358635097829259,-0.760265944255412,-0.085586865767640,0.218487721151188,-0.418751791122838,0.480869079535882,-0.263661208881855,0.555591851238466,0.022839751038867,1.069078909863987,-0.745072418024987,1
12.829999999999998,0.303016418187691,-0.515511775439154,0.839872433059968,0.360806724392501,-0.764425556236976,-0.080777220152686,0.215830852573620,-0.413158010592922,0.481041357740176,-0.267704549656458,0.563148583249361,0.011628347649615,1.061609623329084,-0.748778443397663,1
12.840000000000003,0.306635232189749,-0.523176594731853,0.839088714399438,0.362951580901994,-0.768528854150328,-0.075966411073693,0.213133790642954,-0.407489135500542,0.481101898195954,-0.271699745373153,0.570610503260082,0.000492455717562,1.054103469907197,-0.752445795420753,1
12.850000000000001,0.310275359239966,-0.530882162320267,0.838353105003930,0.365069267844816,-0.772575091816383,-0.071155552107225,0.210397020813056,-0.401746121739427,0.481051463615906,-0.275645997431063,0.577976060566276,-0.010566408467454,1.046560836331832,-0.756074474094252,1
12.859999999999999,0.313936525665473,-0.538627903911122,0.837665599836467,0.367159390602317,-0.776563532692135,-0.066345749127229,0.207621036462120,-0.395929940589151,0.480890831775614,-0.279542519564580,0.585243728700909,-0.021546748616485,1.038982109336480,-0.759664479418164,1
12.869999999999997,0.317618453872013,-0.546413237894521,0.837026182840469,0.369221559528732,-0.780493450023288,-0.061538100155417,0.204806338769319,-0.390041578472775,0.480620795313546,-0.283388537843353,0.592412005434252,-0.032447088441448,1.031367675654637,-0.763215811392487,1
12.880000000000003,0.321320862394058,-0.554237575442603,0.836434827019020,0.371255390028581,-0.784364126994489,-0.056733695213632,0.201953436591455,-0.384082036714469,0.480242161531045,-0.287183290672293,0.599479412773886,-0.043265971655133,1.023717922019793,-0.766728470017225,1
12.890000000000001,0.325043465945689,-0.562100320609647,0.835891494515588,0.373260502632823,-0.788174856877113,-0.051933616178233,0.199062846339608,-0.378052331297151,0.479755752192324,-0.290926028791564,0.606444496964686,-0.054001961971178,1.016033235165456,-0.770202455292373,1
12.901000000000003,0.329161310013752,-0.570792981251383,0.835349237329951,0.375432510794022,-0.792296589895764,-0.046659806739820,0.195840285022354,-0.371339831039829,0.479097210085384,-0.294997549782443,0.614017131462774,-0.065732676964262,1.007540195905180,-0.773974009026290,1
12.909999999999997,0.332548098196319,-0.577938615026820,0.834948694225397,0.377183079806424,-0.795613694660776,-0.042350724807421,0.193169941684423,-0.365785040039949,0.478462049968085,-0.298403798229662,0.620364548719289,-0.075401130755999,1.000560866136969,-0.776983008711324,1
12.920000000000002,0.336329537601473,-0.585912937540763,0.834549097067947,0.379099796672621,-0.799240410703471,-0.037570052291619,0.190167221242879,-0.359546606222711,0.477654700648021,-0.302129976047590,0.627301896581308,-0.086052637423560,0.992774468884887,-0.780290080004334,1
12.930000000000000,0.340129993420817,-0.593923214142301,0.834197264496972,0.380986301059208,-0.802804397576826,-0.032797984229869,0.187127549361812,-0.353239410235173,0.476741321095593,-0.305793994736904,0.634116807120894,-0.096606981919240,0.984955191770882,-0.783558981096955,1
12.939999999999998,0.343949161692369,-0.601968814122086,0.833893105182661,0.382842226568843,-0.806304973798480,-0.028035576046931,0.184051550355745,-0.346864681683671,0.475722888760719,-0.309395311519176,0.640808237380917,-0.107063001712228,0.977103416496952,-0.786789711989191,1
12.950000000000003,0.347786734821478,-0.610049100017602,0.833636517290024,0.384667213074277,-0.809741470233918,-0.023283873335249,0.180939853910908,-0.340423660494129,0.474600392625343,-0.312933394831019,0.647375166401102,-0.117419552928436,0.969219524765097,-0.789982272681044,1
12.960000000000001,0.351642401643786,-0.618163427737136,0.833427388577782,0.386460906771513,-0.813113230198558,-0.018543911740573,0.177793094973099,-0.333917596692102,0.473374833016870,-0.316407724324080,0.653816595218026,-0.127675510350479,0.961303898277330,-0.793136663172509,1
12.969999999999999,0.355515847488737,-0.626311146684813,0.833265596498404,0.388222960231846,-0.816419609557661,-0.013816716849422,0.174611913635514,-0.327347750182782,0.472047221421590,-0.319817790865055,0.660131546865137,-0.137829767417719,0.953356918735651,-0.796252883463589,1
12.979999999999997,0.359406754243571,-0.634491599886561,0.833151008299251,0.389953032452771,-0.819659976824022,-0.009103304078436,0.171396955026613,-0.320715390531045,0.470618580298118,-0.323163096535680,0.666319066372741,-0.147881236226233,0.945378967842063,-0.799330933554283,1
12.990000000000002,0.363314800417849,-0.642704124117080,0.833083481124821,0.391650788907778,-0.822833713253466,-0.004404678565582,0.168148869197958,-0.314021796741476,0.469089942890824,-0.326443154632735,0.672378220768008,-0.157828847528828,0.937370427298564,-0.802370813444594,1
13.000999999999998,0.367633059489236,-0.651774143761712,0.833063373988204,0.393480605042746,-0.826247141980364,0.000745543312819,0.164538549909518,-0.306589766652192,0.467294257893549,-0.329864699014537,0.678672644299329,-0.168518683574360,0.928526139725833,-0.805705570002448,1
13.011000000000003,0.371576037403480,-0.660051831406039,0.833094165695220,0.395109462822997,-0.829279045347736,0.005409918966681,0.161229562159853,-0.299784847992605,0.465566790517044,-0.331931060814969,0.682307889311849,-0.176968060795014,0.920452511654162,-0.809013090265388,1
13.020000000000003,0.375138511980250,-0.667527401101100,0.833161688689095,0.396547060667352,-0.831949431519984,0.009592750577464,0.158233850582519,-0.293629420246913,0.463939991716539,-0.333780969791446,0.685561950746721,-0.184537029783772,0.913158133571743,-0.811954184145660,1
13.030000000000001,0.379111838563990,-0.675861462476959,0.833280782089042,0.398112676016006,-0.834851387635007,0.014222783983247,0.154885813937468,-0.286755814099155,0.462052742034358,-0.335824070319966,0.689155094779708,-0.192905434706631,0.905022415740382,-0.815182428061103,1
13.040999999999997,0.383500373970922,-0.685062023372071,0.833465143602389,0.399796057536064,-0.837963928449663,0.019293508512836,0.151179463859326,-0.279153507972095,0.459880393589881,-0.338054665327372,0.693076673653154,-0.202057482411922,0.896036096930928,-0.818685304693692,1
13.051000000000002,0.387505837093037,-0.693455504671562,0.833681038685781,0.401290915856589,-0.840720750669831,0.023882071548058,0.147788848767215,-0.272205046462801,0.457818431380215,-0.340065527105336,0.696610382823705,-0.210326689170011,0.887833506000213,-0.821825927382960,1
13.060000000000002,0.391123399411512,-0.701032930997810,0.833914493196367,0.402607218563367,-0.843142340718715,0.027993819172256,0.144720171807048,-0.265921347095007,0.455892164397533,-0.341860204366098,0.699762624626140,-0.217725654511975,0.880424488318909,-0.824616813446926,1
13.070000000000000,0.395156650546457,-0.709477533700261,0.834217189367575,0.404037294256647,-0.845766508094973,0.032541718127830,0.141291673578156,-0.258906347139650,0.453674008493752,-0.343836142341461,0.703231186235832,-0.225896552174817,0.872162978682405,-0.827678159788697,1
13.079999999999998,0.399204030684938,-0.717948026749953,0.834565252260989,0.405432986506769,-0.848320352673714,0.037067027886001,0.137843517389250,-0.251856851810937,0.451374416477867,-0.345791552284566,0.706661216991729,-0.234012513670321,0.863871064204450,-0.830697781737049,1
13.091000000000001,0.403672056242889,-0.727294631000438,0.835000245315540,0.406928301806154,-0.851047949655613,0.042017809647731,0.134028094770768,-0.244063042701511,0.448751475805236,-0.347917058175795,0.710386319071695,-0.242874037169689,0.854715338667455,-0.833971174205840,1
13.100000000000001,0.407339796772700,-0.734963860696928,0.835396550308891,0.408120440760108,-0.853215705662263,0.046046639207553,0.130889095849546,-0.237656002412966,0.446533186452966,-0.349634990947929,0.713394231141034,-0.250070998195401,0.847197689699919,-0.836611852453502,1
13.109999999999999,0.411427487375284,-0.743507781700098,0.835879301455985,0.409411854966805,-0.855556614002189,0.050499377137215,0.127394206198900,-0.230527388887458,0.444005329562806,-0.349358499159987,0.712360109589595,-0.255512863756530,0.838814088431295,-0.840100370524481,1
13.119999999999997,0.415527917417678,-0.752074755520501,0.836406452679474,0.410668332562140,-0.857826284782380,0.054926563177359,0.123901621285500,-0.223408180706378,0.441422687918073,-0.349173383032850,0.711511845279722,-0.261027109071152,0.830395842904375,-0.843540704112711,1
13.130000000000003,0.419640737633943,-0.760664070222166,0.836977745709373,0.411889892090573,-0.860024802894768,0.059327645945231,0.120410447096385,-0.216296558666478,0.438784562831179,-0.349075700869548,0.710841578386805,-0.266608721270953,0.821943434963981,-0.846932853218196,1
13.140000000000001,0.423765598899532,-0.769275014628369,0.837592916727765,0.413076543352816,-0.862152235430837,0.063702067320923,0.116919828824577,-0.209190781742481,0.436090305469586,-0.349061553172024,0.710341533143319,-0.272252742215159,0.813457346454951,-0.850276817840931,1
13.149999999999999,0.427902152145819,-0.777906878147560,0.838251696303919,0.414228287795783,-0.864208632459210,0.068049262943205,0.113428950447079,-0.202089186246490,0.433339316308520,-0.349127082641130,0.710004017838826,-0.277954268490565,0.804938059222108,-0.853572597980918,1
13.159999999999997,0.432050048278487,-0.786558950606962,0.838953809334329,0.415345118898319,-0.866194027794816,0.072368662699855,0.109937034302890,-0.194990184987429,0.430531044583705,-0.349268474176632,0.709821424819966,-0.283708451411514,0.796386055110279,-0.856820193638157,1
13.170000000000002,0.436208938099761,-0.795230522093861,0.839698974987635,0.416427022552713,-0.868108439759653,0.076659691212534,0.106443340671017,-0.187892266430464,0.427664987744078,-0.349481954877205,0.709786230490469,-0.289510497019913,0.787801815964285,-0.860019604812650,1
13.180999999999997,0.440795997627148,-0.804790924955029,0.840568040743773,0.417576749722161,-0.870132310980581,0.081346361231471,0.102597387707559,-0.180084094026179,0.424445041916345,-0.349795595299272,0.709908885632267,-0.295942373954422,0.778322496521048,-0.863483304027016,1
13.189999999999998,0.444558301059589,-0.812629322900018,0.841317311901429,0.418485955412949,-0.871724313906119,0.085154309532894,0.099447849228368,-0.173694004521357,0.421757746298610,-0.350110303162822,0.710128363799891,-0.301239274104410,0.770538559949143,-0.866273873713389,1
13.200000000000003,0.448748074638227,-0.821355132370997,0.842189892431365,0.419462921845087,-0.873425741996309,0.089356726540491,0.095944757877741,-0.166591008815652,0.418715792731260,-0.350517835939776,0.710491064531686,-0.307156691302091,0.761860506769638,-0.869328731439639,1
13.210999999999999,0.453367888948960,-0.830972735548938,0.843198080502153,0.420495225867664,-0.875214811608204,0.093943995453418,0.091529414562740,-0.158643853094072,0.415334418810608,-0.460533268585020,0.735991058652220,-0.306911940606860,0.752244364474518,-0.879676569277182,1
13.219999999999999,0.457155994167601,-0.838856003898903,0.844060360251585,0.421299100189505,-0.876612531112087,0.097669591747162,0.086974963487219,-0.151932155386011,0.412577903801221,-0.550111975346436,0.754877824522469,-0.305555934036232,0.744287065188586,-0.888592490241694,1
13.229999999999997,0.461373238373630,-0.847629599252789,0.845057634218815,0.422139809440887,-0.878093811628375,0.101780125734511,0.081017746082263,-0.144296059784055,0.409532427945846,-0.639603538822710,0.771614661127863,-0.303436355794071,0.735352178084732,-0.898360645729133,1
13.240000000000002,0.465598577324482,-0.856417622997267,0.846095861630620,0.422916642959335,-0.879497966019143,0.105860320984816,0.074216741463100,-0.136513998644258,0.406511136171816,-0.718940252974516,0.784110407137105,-0.300728887467411,0.726320337970008,-0.907983092414457,1
13.250000000000000,0.469831331748281,-0.865219297269808,0.847174740404381,0.423621663559649,-0.880823742754331,0.109910447761936,0.066671384260515,-0.128627205938884,0.403519616496031,-0.788543772179882,0.792599717520240,-0.297491485139246,0.717193001932447,-0.917459830297652,1
13.259999999999998,0.474070747903046,-0.874033833715376,0.848293971429917,0.424247907432026,-0.882070290984031,0.113930829334175,0.058476926104967,-0.120674591043623,0.400562883995757,-0.848829042123568,0.797312856619062,-0.293780780652276,0.707971627060065,-0.926790859378724,1
13.270000000000003,0.478316007102402,-0.882860437377707,0.849453259071103,0.424789342647498,-0.883237137512053,0.117921836311088,0.049724502713532,-0.112692782643888,0.397645394051035,-0.900204299796865,0.798475698147073,-0.289652081608913,0.698657670440877,-0.935976179657680,1
13.280000000000001,0.482566234829699,-0.891698310362529,0.850652311611511,0.425240828334228,-0.884324164208552,0.121883881112712,0.040501200976859,-0.104716172641117,0.394771055587088,-0.943071073497519,0.796309725189495,-0.285159371371293,0.689252589162916,-0.945015791134508,1
13.289999999999999,0.486820509447282,-0.900546655277157,0.851890841645421,0.425598074524683,-0.885331585861719,0.125817412571248,0.030890126046069,-0.096776960059016,0.391943244316714,-0.977824182829946,0.791032030203273,-0.280355309061252,0.679757840314197,-0.953909693809213,1
13.299999999999997,0.491077870507549,-0.909404678450729,0.853168566415498,0.425857602673671,-0.886259928468538,0.129722910665136,0.020970468419711,-0.088905194949873,0.389164815982696,-1.004851738705084,0.782855315017071,-0.275291229560346,0.670174880982742,-0.962657887681796,1
13.310000000000002,0.495337329262564,-0.918271593745489,0.854485208094266,0.426017852279867,-0.887110363334270,0.133600878906372,0.011196237287067,-0.081245726220997,0.386436957596270,-0.941779294546631,0.746695998061351,-0.270423568857276,0.660523959070165,-0.967094162160279,1
13.320000000000000,0.499597913574713,-0.927146636777567,0.855840493837414,0.426083899367702,-0.887886108453266,0.137451797280614,0.002129249657153,-0.073964541756120,0.383753344317021,-0.872136512674207,0.709948364669992,-0.266446835737721,0.650833481392878,-0.970988848699063,1
13.329999999999998,0.503858716486494,-0.936029079224911,0.857234155209738,0.426062707178381,-0.888590838643200,0.141276063707059,-0.006256743356950,-0.067038721850705,0.381105115173939,-0.805568869191379,0.675611877603589,-0.263341825736553,0.641104432588158,-0.974808387646698,1
13.340000000000003,0.508118899145218,-0.944918228307404,0.858665927316907,0.425960933048710,-0.889227988110300,0.145073988931148,-0.013992149134782,-0.060444490135649,0.378483699870197,-0.742007669368538,0.643619634312932,-0.261079206207968,0.631337564131911,-0.978552779003186,1
13.350000000000001,0.512377687762607,-0.953813424409275,0.860135547948403,0.425784933665819,-0.889800756630601,0.148845799456555,-0.021106691292852,-0.054158735778912,0.375880819808659,-0.681384855332803,0.613905429938111,-0.259629969860631,0.621533627500062,-0.982222022768522,1
13.359999999999999,0.516634370642399,-0.962714038767995,0.861642756749637,0.425540771872953,-0.890312116170434,0.152591640445935,-0.027629416053242,-0.048159006508593,0.373288484838322,-0.623633006067754,0.586403757308380,-0.258965434757660,0.611693374168515,-0.985816118942709,1
13.369999999999997,0.520888295275660,-0.971619471228966,0.863187294422904,0.425234223411575,-0.890764817437142,0.156311578589103,-0.033588698612146,-0.042423501636056,0.370698990000784,-0.568685337413611,0.561049806942243,-0.259057244316636,0.601817555613182,-0.989335067525746,1
13.380000000000003,0.525138865503220,-0.980529148065412,0.864768901956866,0.424870783599776,-0.891161396360026,0.160005604938698,-0.039012249508446,-0.036931065079030,0.368104912276692,-0.516475702067157,0.537779467047423,-0.259877367309600,0.591906923309968,-0.992778868517637,1
13.390000000000001,0.529385538744549,-0.989442519862678,0.866387319884213,0.424455673947012,-0.891504180501526,0.163673637713300,-0.043927120992266,-0.031661178384732,0.365499107332207,-0.466938589581876,0.516529323520920,-0.261398097863054,0.581962228734797,-0.996147521918375,1
13.399999999999999,0.533627823292502,-0.998359059466374,0.868042287567212,0.423993848705145,-0.891795295398632,0.167315525068025,-0.048359713393557,-0.026593953752953,0.362874706265444,-0.420009126367741,0.497236659948916,-0.263592055457961,0.571984223363575,-0.999441027727964,1
13.410000000000004,0.537865275936836,-1.007278260404787,0.869733542712304,0.423490106422654,-0.892036834754027,0.170931128149970,-0.052304450525511,-0.021759007888095,0.360249063016857,-0.369432301266272,0.470180960986204,-0.261699707316165,0.561970569778196,-1.003275722875559,1
13.420000000000002,0.542097502228093,-1.016199639392304,0.871460822880970,0.422949396528525,-0.892231334930312,0.174520553258021,-0.055758112066983,-0.017181901277812,0.357637510831059,-0.321781296694556,0.445655269505397,-0.260767760162122,0.551918988235483,-1.007026619196224,1
13.430000000000000,0.546324156559474,-1.025122738510813,0.873223866839476,0.422376484755532,-0.892381249169757,0.178083893889212,-0.058749576180953,-0.012837738490278,0.355030627451842,-0.276980234688528,0.423578811195211,-0.260759936109632,0.541830316723699,-1.010693716689964,1
13.439999999999998,0.550544939550210,-1.034047123143270,0.875022413823971,0.421775851835666,-0.892488785783596,0.181621151124622,-0.061306966165760,-0.008702427208152,0.352419351216431,-0.234954020284774,0.403871737469859,-0.261640394357696,0.531705393231111,-1.014277015356777,1
13.450000000000003,0.554759595233174,-1.042972379564402,0.876856202634289,0.421151701009635,-0.892555916136893,0.185132237213459,-0.063457658285114,-0.004752668971323,0.349794976684636,-0.195628341520462,0.386455125469022,-0.263373731190520,0.521545055745983,-1.017776515196666,1
13.460000000000001,0.558967908317174,-1.051898112610762,0.878724970763365,0.420507965458055,-0.892584382540824,0.188616979113424,-0.065228289598095,-0.000965949919663,0.347149150268004,-0.158929669433460,0.371250978057895,-0.265924979977509,0.511350142256598,-1.021192216209627,1
13.469999999999999,0.563169701523206,-1.060823943429300,0.880628453561841,0.419848315654352,-0.892575706052391,0.192075121987386,-0.066644765789168,0.002679468464243,0.344473865858956,-0.124785258062164,0.358182223827117,-0.269259611173271,0.501121490751218,-1.024524118395661,1
13.479999999999997,0.567364832993803,-1.069749507303412,0.882566383437421,0.419176166639355,-0.892531194181566,0.195506332656331,-0.067732268998186,0.006204558612341,0.341761460459943,-0.093123144445611,0.347172717092818,-0.273343532317618,0.490859939218112,-1.027772221754769,1
13.490000000000002,0.571553193774762,-1.078674451555629,0.884538489088531,0.418494685217590,-0.892451948505855,0.198910203008607,-0.068515265650395,0.009629536128369,0.339004609812589,-0.063872148623432,0.338147237896602,-0.278143088035567,0.480566325645542,-1.030936526286953,1
13.500000000000000,0.575734705368429,-1.087598433525957,0.886544494771858,0.417806797075283,-0.892338872192295,0.202286253365456,-0.069017514286438,0.012973869045100,0.336196324026850,-0.036961873635933,0.331031492005572,-0.283625060037328,0.470241488021793,-1.034017031992208,1
13.509999999999998,0.579909317509592,-1.096521118865978,0.888584119721006,0.417115254307569,-0.892192773433684,0.205633982694281,-0.069244043461985,0.016227669677101,0.333343920457424,-0.008763106732794,0.320102257452260,-0.286997178534293,0.459884583520366,-1.037349061379337,1
13.520000000000003,0.584077007492274,-1.105442182257234,0.890657078746189,0.416422814593503,-0.892014646125590,0.208953005390946,-0.069201030741771,0.019383243749587,0.330453614703900,0.016959334445581,0.311371925819251,-0.291199039931960,0.449494802932486,-1.040592249281557,1
13.530000000000001,0.588237779414579,-1.114361307962619,0.892763082749292,0.415732050814959,-0.891805364009354,0.212242901590000,-0.068912855991234,0.022462154477679,0.327517302183915,0.040281980654422,0.304755515731996,-0.296192161012052,0.439073034673015,-1.043746595698862,1
13.539999999999999,0.592391661897164,-1.123278187918413,0.894901838034714,0.415045295866935,-0.891565589425093,0.215503172295725,-0.068403138196463,0.025485120705980,0.324527260563997,0.061280477007939,0.300169134459180,-0.301938575212931,0.428620167156796,-1.046812100631254,1
13.549999999999997,0.596538705721253,-1.132192519662287,0.897073045537084,0.414364650222060,-0.891295781700966,0.218733243178784,-0.067694744320612,0.028472027794989,0.321476144593011,0.080029582979247,0.297529977912755,-0.308400832629588,0.418137088798677,-1.049788764078735,1
13.560000000000002,0.600678981541876,-1.141104004344685,0.899276400086698,0.413691989406547,-0.890996205433591,0.221932468321215,-0.066809798160307,0.031441938507547,0.318356980935586,0.096603172400394,0.296756330647928,-0.315542000013653,0.407624688013501,-1.052676586041305,1
13.570000000000000,0.604812577675402,-1.150012344822437,0.901511589712134,0.413028971387574,-0.890666938659584,0.225100133909746,-0.065769689202063,0.034413103895255,0.315163163005558,0.111074233462315,0.297767565863165,-0.323325660773370,0.397083853216131,-1.055475566518960,1
13.579999999999998,0.608939597960531,-1.158917243833597,0.903778294979562,0.412377043872101,-0.890307880918242,0.228235461877469,-0.064595081478688,0.037402974184922,0.311888445799391,0.123514868714907,0.300484145400189,-0.331715914973632,0.386515472821409,-1.058185705511704,1
13.590000000000003,0.613060159691815,-1.167818402252310,0.906076188368193,0.411737451517128,-0.889918761205356,0.231337613493828,-0.063305922425695,0.040428209664989,0.308526940729617,0.133996295066982,0.304827619743983,-0.340677379335964,0.375920435244176,-1.060807003019536,1
13.600000000000001,0.617174391624826,-1.176715517422676,0.908404933681375,0.411111243051383,-0.889499145818167,0.234405692902937,-0.061921451737719,0.043504691571959,0.305073110458277,0.142588843786259,0.310720628022770,-0.350175187238502,0.365299628899298,-1.063339459042456,1
13.609999999999999,0.621282432630176,-1.185608282507496,0.910764185948344,0.410499508565741,-0.889048819304500,0.237438932062492,-0.060391611874126,0.046536345252904,0.301575822032552,0.162890733376686,0.296158797186539,-0.349513773535301,0.354648640661893,-1.066840421904618,1
13.619999999999997,0.625384436045098,-1.194496395035433,0.913153595795436,0.409904039177031,-0.888568850045976,0.240437208546381,-0.058673227709180,0.049438613675711,0.298078315612264,0.180315385276807,0.284820877349122,-0.350208202628600,0.343963175791895,-1.070234785561030,1
13.630000000000003,0.629480573472650,-1.203379564516650,0.915572813361659,0.409326578228754,-0.888060372961658,0.243400453437098,-0.056794543482788,0.052243058128594,0.294567348764912,0.194968196925015,0.276571619115501,-0.352195426446112,0.333244300281355,-1.073522550011694,1
13.640000000000001,0.633571032554611,-1.212257510254876,0.918021487445193,0.408768591868890,-0.887524214088699,0.246328468530106,-0.054782756359299,0.054979896854610,0.291030305008093,0.206953185995031,0.271277662850417,-0.355413303042272,0.322493080122344,-1.076703715256605,1
13.649999999999999,0.637656014251670,-1.221129958325471,0.920499264241670,0.408231279451661,-0.886960903918309,0.249220932548046,-0.052664030225145,0.057678023949271,0.287455184748216,0.216372990395968,0.268807538678335,-0.359800596598256,0.311710581306913,-1.079778281295767,1
13.660000000000004,0.641735730226912,-1.229996638685830,0.923005786144139,0.407715583801326,-0.886370690542738,0.252077407264311,-0.050463509486487,0.060365028258129,0.283830596219248,0.223328868272290,0.269031666483472,-0.365296977421970,0.300897869827111,-1.082746248129179,1
13.670000000000002,0.645810400331254,-1.238857282416332,0.925540690603805,0.407222201337992,-0.885753552613294,0.254897343536012,-0.048205332866874,0.063067212274372,0.280145746421449,0.227920698003805,0.271822355909783,-0.371843021948043,0.290056011675012,-1.085607615756840,1
13.680000000000000,0.649880250189478,-1.247711619089963,0.928103609050666,0.406751592065454,-0.885109212109370,0.257680087246344,-0.045912647204870,0.065809611036433,0.276390432060091,0.230246978205696,0.277053806360967,-0.379380212737845,0.279186072842664,-1.088362384178750,1
13.689999999999998,0.653945508885415,-1.256559374268635,0.930694165873101,0.406303989421055,-0.884437146918513,0.260424885156322,-0.043607621251717,0.068616011025578,0.272555030484201,0.230404827728500,0.284602107000465,-0.387850938479476,0.268289119322127,-1.091010553394910,1
13.700000000000003,0.658006406744966,-1.265400267124388,0.933311977455534,0.405879409987574,-0.883736603227500,0.263130890665917,-0.041311459468970,0.071508969063508,0.268630490625292,0.228489985658120,0.294345236751453,-0.397198493987765,0.257366217105449,-1.093552123405322,1
13.710000000000001,0.662063174183437,-1.274234009796954,0.935956652051971,0.405478048453559,-0.883007250129371,0.265797479546577,-0.038929686684146,0.074318588082985,0.264700629023917,0.247189230479241,0.268503602266895,-0.389190418589302,0.246410784454775,-1.097511937542749,1
13.719999999999999,0.666116050044334,-1.283060322535334,0.938627797275644,0.405101372786498,-0.882251001451800,0.268425129045047,-0.036380897436113,0.076897129003562,0.260838546020308,0.261921618942745,0.248088461463720,-0.383623273409439,0.235416427738341,-1.101336936557308,1
13.729999999999997,0.670165288883073,-1.291878947043479,0.941325026719701,0.404750857631851,-0.881469900750985,0.271014396843362,-0.033703914236143,0.079297628360137,0.257020414330102,0.272855944811395,0.232854760290288,-0.380380956176817,0.224384495107376,-1.105027120448998,1
13.740000000000002,0.674211158088427,-1.300689642849771,0.944047958382020,0.404427597807984,-0.880665473407844,0.273565608125703,-0.030935884158814,0.081570690937039,0.253223558652842,0.280158501661563,0.222561202684345,-0.379349172381413,0.213316334713100,-1.108582489217823,1
13.750000000000000,0.678253934167604,-1.309492182246198,0.946796212397526,0.404132324935529,-0.879838750757621,0.276078867007835,-0.028112303843874,0.083764527347919,0.249426437594373,0.283993082883210,0.216970250573049,-0.380415435274536,0.202213294706759,-1.112003042863776,1
13.759999999999998,0.682293899196388,-1.318286345467026,0.949569408883910,0.403865423816718,-0.878990293843695,0.278554067785795,-0.025267044498102,0.085924991615649,0.245608625589211,0.284520981679917,0.215848123872924,-0.383469065868829,0.191076723239572,-1.115288781386861,1
13.770000000000003,0.686331337431804,-1.327071916103057,0.952367165898914,0.403626948564703,-0.878120216795586,0.280990906003786,-0.022432376897169,0.088095618752214,0.241750794822940,0.281900991068859,0.218964800489899,-0.388401192938272,0.179907968462761,-1.118439704787079,1
13.780000000000001,0.690366532084823,-1.335848676747802,0.955189097507400,0.403416638482867,-0.877228209831168,0.283388889341292,-0.019638996387515,0.090317662338601,0.237834697154605,0.276289403880824,0.226094016319285,-0.395104753018168,0.168708378527570,-1.121455813064427,1
13.790999999999997,0.694802987770902,-1.345492672079101,0.958320676158995,0.403217151401466,-0.876220813030500,0.285980989574780,-0.016648703229056,0.092867788364346,0.233439210539015,0.266844840849340,0.238305187602349,-0.404399105490253,0.156354824009416,-1.124617820702596,1
13.801000000000002,0.698834370881645,-1.354250196527526,0.961192090214154,0.403063827639715,-0.875279987208842,0.288295000045938,-0.014034692625477,0.095321508426572,0.229346363860813,0.256206937472615,0.251857759979182,-0.413865679138770,0.145094844539977,-1.127398669298493,1
13.810000000000002,0.702461407898058,-1.362123825164958,0.963795983319298,0.402947820494057,-0.874411835070652,0.290342293171566,-0.011753572437726,0.097609044238306,0.225600094877353,0.250276174256372,0.257091431797349,-0.418910287042216,0.134935700002467,-1.130169536120797,1
13.820000000000000,0.706490339777134,-1.370863019852702,0.966710616150297,0.402842652047897,-0.873422741603626,0.292577232177736,-0.009296042613273,0.100226278473053,0.221375268532827,0.240723577424716,0.267064714977705,-0.426370942847909,0.123619175794960,-1.133111268858930,1
13.829999999999998,0.710518341131027,-1.379592190906667,0.969647385808622,0.402761531369144,-0.872406907270162,0.294769518798779,-0.006948937188914,0.102964096767617,0.217066559561483,0.228219991457127,0.281165619240097,-0.435666609505415,0.112273955355733,-1.135908782464918,1
13.840000000000003,0.714545646431513,-1.388311064211670,0.972605861275491,0.402703209521657,-0.871362924092040,0.296918224469029,-0.004740910100991,0.105862504204929,0.212656220282922,0.212936111199828,0.299140679779188,-0.446677167279200,0.100901480876099,-1.138562076938763,1
13.850000000000001,0.718572476256625,-1.397019349614534,0.975585601379001,0.402666159515061,-0.870288996637374,0.299022249115408,-0.002698923222094,0.108958994043054,0.208127693237443,0.195039654558171,0.320740996428734,-0.459284691767072,0.089503194547395,-1.141071152280461,1
13.859999999999999,0.722599034594237,-1.405716737174405,0.978586153138215,0.402648593076533,-0.869182966910629,0.301080332949878,-0.000848276130457,0.112288593361598,0.203465589232691,0.174695362496574,0.345722233661664,-0.473373453900227,0.078080538560935,-1.143436008490015,1
13.869999999999997,0.726625506311844,-1.414402893659650,0.981607050224053,0.402648477124899,-0.868042338786173,0.303091068042340,0.000787364120620,0.115883908708089,0.198655665390334,0.152064999038560,0.373844620590031,-0.488829919943224,0.066634955108040,-1.145656645567424,1
13.880000000000003,0.730652054789617,-1.423077459286830,0.984647811534819,0.402663549947041,-0.866864301985364,0.305052909674011,0.002185933233373,0.119775171744374,0.193684803192725,0.127307351266732,0.404872950965046,-0.505542751493999,0.055167886380023,-1.147733063512689,1
13.890000000000001,0.734678819713714,-1.431740044697126,0.987707939884165,0.402691337076598,-0.865645755597178,0.306964187471260,0.003326939896153,0.123990284892999,0.188540986529581,0.100578229322843,0.438576583176986,-0.523402805483820,0.043680774568223,-1.149665262325808,1
13.899999999999999,0.738705915026916,-1.440390228165760,0.990786920799306,0.402729166874987,-0.864383331142370,0.308823116319918,0.004191436014030,0.128554866983618,0.183213279744631,0.072030466407691,0.474729440255331,-0.542303134177357,0.032175061863952,-1.151453242006782,1
13.909999999999997,0.742733427115230,-1.449027553178344,0.993884221493803,0.402774218305428,-0.863073470336686,0.310627833531412,0.004771645382172,0.133475902938349,0.177699674765110,0.043710254325943,0.509890832187954,-0.560593971995401,0.020651583664354,-1.153217929557261,1
13.920000000000002,0.746761413934291,-1.457651527569507,0.996999290588580,0.402823626350943,-0.861712600758105,0.312376482996522,0.005059876783090,0.138760559766423,0.171998060501557,0.013660642509341,0.547415226928041,-0.579886828230683,0.009111192639924,-1.154835806971556,1
13.930000000000000,0.750789904169528,-1.466261622686186,1.000131557843223,0.402874387325766,-0.860296971866419,0.314067136328077,0.005039604080961,0.144431323910766,0.166098957778960,-0.017965319224136,0.587074712918822,-0.600073888394552,-0.002444643107960,-1.156306874249664,1
13.939999999999998,0.754818895668594,-1.474857271283398,1.003280433277368,0.402923339883014,-0.858822619572017,0.315697775699149,0.004695815963526,0.150508426862883,0.159993953946939,-0.051017715979499,0.628646211429823,-0.621049662045518,-0.014014455477944,-1.157631131391586,1
13.954999999999998,0.760863238157936,-1.487722315706488,1.008033545350008,0.402986115007186,-0.856491848051665,0.318026602981948,0.003544348160884,0.160424804474858,0.150434542683875,-0.102950652795137,0.694112391232050,-0.653767119304196,-0.031392168727633,-1.159342248099121,1
13.960000000000001,0.762878210799866,-1.492002755059117,1.009625545118473,0.403002475687120,-0.855680954033589,0.318770557115186,0.002985034256155,0.163951590368833,0.147137785533563,-0.120817829590482,0.716657095221598,-0.664957008278331,-0.037190137678774,-1.159839215266874,1
13.969999999999999,0.766908363164502,-1.500551245674446,1.012820495811096,0.403025681290577,-0.854004843217795,0.320208310086866,0.001595310016464,0.171347274102839,0.140374919110478,-0.157281391270678,0.762674487172423,-0.687689220212747,-0.048793071306887,-1.160723042000239,1
13.979999999999997,0.770938671984246,-1.509082597680844,1.016029482083972,0.403033151605174,-0.852252456055083,0.321577290887558,-0.000163453636503,0.179208639661499,0.133382701413564,-0.194603077621961,0.809759904983633,-0.710811424339429,-0.060404109151653,-1.161460058597418,1
13.990000000000002,0.774968961316853,-1.517596024861101,1.019251804686773,0.403021155580946,-0.850419085661290,0.322875188079102,-0.002299164135621,0.187545368703071,0.126157703808627,-0.232648648363967,0.857714434055843,-0.734229750452482,-0.072021783111719,-1.162050265058412,1
14.000000000000000,0.778999017536440,-1.526090693478016,1.022486741098898,0.402985889753362,-0.848499938200862,0.324099660591769,-0.004818402185569,0.196365177903930,0.118697424743314,-0.271286998139181,0.906343992615784,-0.757852652393083,-0.083644625085705,-1.162493661383220,1
14.009999999999998,0.783028588673392,-1.534565721499331,1.025733545277683,0.402923490644884,-0.846490151090742,0.325248346301024,-0.007726663713410,0.205674225013684,0.111000094854147,-0.310431443632543,0.955529461896853,-0.781624559477743,-0.095271153742422,-1.162787611760679,1
14.020000000000003,0.787057383866610,-1.543020177985133,1.028991447482994,0.402830045600916,-0.844384808594165,0.326318869351323,-0.011028147683374,0.215476743516534,0.103064852220938,-0.349910981024235,1.005008004424989,-0.805420943758110,-0.106899888156920,-1.162934812937652,1
14.030000000000001,0.791085072944861,-1.551453082666656,1.032259654192063,0.402701607679950,-0.842178964350115,0.327308850807438,-0.014725595065894,0.225774764183088,0.094891875927498,-0.389604142367979,1.054600432071383,-0.829157420833994,-0.118529360837177,-1.162935264914140,1
14.039999999999999,0.795111286150574,-1.559863405739667,1.035537348115703,0.402534208551997,-0.839867660568848,0.328215917705529,-0.018820547804831,0.236568550029907,0.086482177299096,-0.429392590294148,1.104132382150840,-0.852751926809839,-0.130158104291197,-1.162788967690144,1
14.049999999999997,0.799135613985371,-1.568250067837740,1.038823688299228,0.402323870332320,-0.837445945468167,0.329037711259527,-0.023313380123231,0.247856644573911,0.077837576697441,-0.469161118009655,1.153434317421642,-0.876124718294656,-0.141784651026974,-1.162495921265662,1
14.060000000000002,0.803157607172386,-1.576611940177510,1.042117810304310,0.402066617102117,-0.834908890227140,0.329771894835475,-0.028203329829094,0.259635920086827,0.068960680315625,-0.508797649298011,1.202341526085613,-0.899198372402054,-0.153407533552512,-1.162056125640696,1
14.070000000000000,0.807176776732217,-1.584947844871025,1.045418826469387,0.401758486116140,-0.832251605457292,0.330416161693813,-0.033488529621127,0.271901625849594,0.059854856973096,-0.548193238519213,1.250694121787982,-0.921897786750181,-0.165025284375790,-1.161469580815244,1
14.079999999999998,0.811192594169410,-1.593256555400445,1.048725826246375,0.401395538697257,-0.829469257191225,0.330968242499624,-0.039166038394532,0.284647436406846,0.050524214910580,-0.587242070609908,1.298337043617593,-0.944150179461812,-0.176636436004811,-1.160736286789308,1
14.090000000000003,0.815204491766300,-1.601536797250174,1.052037876611281,0.400973870817965,-0.826557082388716,0.331425912600814,-0.045231872546761,0.297865499821322,0.040973578585054,-0.625841461083314,1.345120056106795,-0.965885089164308,-0.188239520947578,-1.159856243562886,1
14.100000000000001,0.819211862981103,-1.609787248691630,1.055354022546458,0.400489623368831,-0.823510403960271,0.331786999074253,-0.051681037283267,0.311546485928276,0.031208465464716,-0.663891856029132,1.390897749231348,-0.987034374989566,-0.199833071712070,-1.158829451135979,1
14.109999999999999,0.823214062947150,-1.618006541715897,1.058673287592166,0.399938992113888,-0.820324645308108,0.332049387539860,-0.058507557923927,0.325679634591038,0.021235062823388,-0.701296832237273,1.435529538620490,-1.007532216674816,-0.211415620806251,-1.157655909500622,1
14.124000000000002,0.828807148473108,-1.629458506644315,1.063323596083048,0.399049476988177,-0.815622456773699,0.332247030424688,-0.068685287486958,0.346202302725539,0.006935503653239,-0.752402461867616,1.495831358459610,-1.035014306780939,-0.227609912627146,-1.155766412554642,1
14.130000000000003,0.831200181719929,-1.634345955667251,1.065317165741586,0.398623693150927,-0.813518167268291,0.332269944902646,-0.073264056599599,0.355252518696882,0.000691347874489,-0.773800487571283,1.520817194378449,-1.046321888354059,-0.234541844015554,-1.154868578629050,1
14.140000000000001,0.835182625014876,-1.642463119541262,1.068639724603110,0.397851776553992,-0.809888921257078,0.332224235832976,-0.081177467593583,0.370664018288734,-0.009863449698767,-0.808721972914249,1.561216018806215,-1.064493680145302,-0.246082583146661,-1.153254789392837,1
14.149999999999999,0.839156947693683,-1.650543213714721,1.071961295641879,0.396998996092791,-0.806103567479228,0.332072084825597,-0.089435163021893,0.386471305243988,-0.020595553735046,-0.842643651813534,1.599954855378303,-1.081773951276758,-0.257606450639405,-1.151494250956338,1
14.159999999999997,0.843122324073525,-1.658584657602171,1.075280805724068,0.396061960272520,-0.802158233021561,0.331811764305211,-0.098026738359029,0.402657193376075,-0.031495776004798,-0.875484753819078,1.636917246732905,-1.098108483908484,-0.269111979001782,-1.149586963319553,1
14.170000000000002,0.847077895090190,-1.666585832767545,1.078597164908452,0.395037385629977,-0.798049222575205,0.331441641251032,-0.106940997027878,0.419203356052038,-0.042554397702602,-0.907167639057398,1.671991560951716,-1.113445380705118,-0.280597700741798,-1.147532926482482,1
14.180000000000000,0.851022769417461,-1.674545084756410,1.081909267418085,0.393922104497551,-0.793773029598797,0.330960182386523,-0.116165981705457,0.436090374446918,-0.053761192652184,-0.937617798231494,1.705070991559842,-1.127735064835835,-0.292062148367434,-1.145332140445126,1
14.189999999999998,0.854956024662612,-1.682460725037473,1.085215992662737,0.392713072454145,-0.789326346999115,0.330365959137072,-0.125689005628714,0.453297785798261,-0.065105450511507,-0.966763852620987,1.736053557525943,-1.140930279974412,-0.303503854386696,-1.142984605207485,1
14.201000000000001,0.859268048096055,-1.691115503429454,1.088845825481870,0.391271381059886,-0.784234390316427,0.329580499671905,-0.136492572333382,0.472570352966578,-0.077729557681465,-0.997236910627214,1.767596690135882,-1.154127343239233,-0.316061698784656,-1.140204397540656,1
14.210000000000001,0.862783840683317,-1.698154258341469,1.091808761400856,0.390002236696792,-0.779909342503885,0.328834056816299,-0.145574964792039,0.488587006155769,-0.088161231990798,-1.020873784625876,1.791344297908150,-1.163859880149565,-0.326311757895417,-1.137567413453747,1
14.220999999999997,0.867064829996553,-1.706703302702130,1.095420343478423,0.388338590632047,-0.774425961811508,0.327793649447328,-0.156956072369490,0.508439718444452,-0.101023083566032,-1.048109471804804,1.817751684570853,-1.174407793168671,-0.338806573922164,-1.134188782837603,1
14.229999999999997,0.870553392600081,-1.713652323085526,1.098366251960928,0.386883251332384,-0.769776116771336,0.326836773503323,-0.166483981219557,0.524888269923729,-0.111627257871035,-1.068989017013953,1.837144443012716,-1.181902540853993,-0.349001346350116,-1.131297098643545,1
14.240000000000002,0.874413721826351,-1.721323532819517,1.101628841037288,0.385164594165851,-0.764435047187353,0.325661282077173,-0.177283560913678,0.543357544596504,-0.123482853689175,-1.090653436599750,1.856281860388635,-1.188997783591316,-0.360297698215801,-1.127949691149149,1
14.250000000000000,0.878256320960034,-1.728940405312117,1.104879081292035,0.383336885545589,-0.758908371147816,0.324366901950935,-0.188291494153880,0.562005215207236,-0.135402782363986,-1.110651221235428,1.872811861331193,-1.194763750015261,-0.371559868506237,-1.124460783595229,1
14.259999999999998,0.882080089348792,-1.736501076016449,1.108115780844395,0.381398126105338,-0.753194436220985,0.322953056786405,-0.199490864658415,0.580804862555741,-0.147373594134607,-1.128932906233338,1.886666242908093,-1.199169427329041,-0.382786442220836,-1.120830375981781,1
14.270000000000003,0.885883907200551,-1.744003665193446,1.111337742727773,0.379346488062715,-0.747291857496842,0.321419306254953,-0.210864277151545,0.599729409539729,-0.159381540714729,-1.145452157482453,1.897781627630637,-1.202186123240494,-0.393976004359011,-1.117058468308803,1
14.280000000000001,0.889666637322759,-1.751446280619143,1.114543766264379,0.377180319852627,-0.741199523924860,0.319765348906755,-0.222393888669281,0.618751169409201,-0.171412598497621,-1.160165771448336,1.906099463453712,-1.203787465962083,-0.405127139920151,-1.113145060576299,1
14.289999999999999,0.893427126906443,-1.758827020352979,1.117732648467411,0.374898150447617,-0.734916604169171,0.317991024807965,-0.234061439865196,0.637841894020966,-0.183452491761223,-1.173033675173216,1.911566023775839,-1.203949404210910,-0.416238433903668,-1.109090152784268,1
14.299999999999997,0.897164209351865,-1.766143975562190,1.120903185468424,0.372498693365166,-0.728442551981255,0.316096317945847,-0.245848286316159,0.656972822093021,-0.195486715873164,-1.184018926275932,1.914132407439134,-1.202650207208703,-0.427308471308967,-1.104893744932710,1
14.310000000000002,0.900876706132716,-1.773395233397546,1.124054173967604,0.369980850361926,-0.721777111090036,0.314081358401854,-0.257735429828185,0.676114727459126,-0.207500560495870,-1.193087712964424,1.913754538750498,-1.199870464691983,-0.438334145005714,-1.100218565345142,1
14.320000000000000,0.904563428695656,-1.780578879915543,1.127184412704603,0.367343714814911,-0.714920319609480,0.311946424292653,-0.269703549742087,0.695237967323053,-0.219479132791522,-1.200209353996379,1.910393167414810,-1.195593086880007,-0.449312394034465,-1.095408811335208,1
14.329999999999998,0.908223180392143,-1.787693003042314,1.130292703947636,0.364586574789602,-0.707872513963589,0.309691943479103,-0.281733034239240,0.714312530513007,-0.231407380627100,-1.205356298720644,1.904013868605219,-1.189803304508495,-0.460241872651006,-1.090464482902908,1
14.340000000000003,0.911854758439338,-1.794735695574325,1.133377854998501,0.361708915795027,-0.700634332328899,0.307318495043178,-0.293804011647388,0.733308085736145,-0.243270115779465,-1.208504127062688,1.894587042938466,-1.182488668817788,-0.471121235111119,-1.085385580048235,1
14.350999999999999,0.915815513180440,-1.802397888518045,1.136743378800144,0.358403922027249,-0.692453582755977,0.304571171837163,-0.307106015442462,0.754075410477867,-0.256225192624815,-1.209632443210289,1.880668217467234,-1.172669345140039,-0.483029043510819,-1.079643353450266,1
14.359999999999999,0.919028563727315,-1.808599202615114,1.139474000021855,0.355590984490901,-0.685590919839085,0.302217774974918,-0.317989847074028,0.770939536031833,-0.266737753921602,-1.208720407185081,1.866496540718511,-1.163246644963348,-0.492724228585131,-1.074824051071794,1
14.369999999999997,0.922568372724256,-1.815416254494149,1.142482647487619,0.352350690829897,-0.677788498326441,0.299492427655758,-0.330063944231757,0.789513602203351,-0.278311808859906,-1.205755671699482,1.847797792616814,-1.151305961803447,-0.503445168110590,-1.069341424950022,1
14.380000000000003,0.926075175659784,-1.822154356701013,1.145463464832177,0.348989838815448,-0.669801323017122,0.296651962670077,-0.342098075190466,0.807885099114834,-0.289758701422135,-1.200725445299756,1.825981374560966,-1.137813835332020,-0.514110608502726,-1.063724224405877,1
14.390000000000001,0.929547769293325,-1.828811672346093,1.148415307495617,0.345508931543261,-0.661631575598547,0.293697729237577,-0.354071538596228,0.826022818684685,-0.301062911010222,-1.193620960794491,1.801041814385758,-1.122769419312574,-0.524719204017303,-1.057972449439369,1
14.399999999999999,0.932984956451663,-1.835386387917778,1.151337045186303,0.341908679508754,-0.653281750032119,0.290631231787574,-0.365963561076108,0.843895522236911,-0.312208920166282,-1.184436581568896,1.772978465369540,-1.106174188013219,-0.535269608910102,-1.052086100050493,1
14.410000000000004,0.969286157111943,-1.912909390113081,1.202152044742939,0.000000000000000,0.000000000000000,0.000000000000000,0.000000000000000,0.000000000000000,-0.000000000000000,-0.000000000000000,-0.000000000000000,-0.000000000000000,-0.552669810143006,0.000000000000000,1
14.420000000000002,0.969286157111943,-1.912909390113081,1.202152044742939,0.000000000000000,0.000000000000000,0.000000000000000,-0.000000000000000,0.000000000000000,-0.000000000000000,-0.000000000000000,-0.000000000000000,-0.000000000000000,-0.552669810143006,0.000000000000000,1
14.430000000000000,0.969286157111943,-1.912909390113081,1.202152044742939,0.000000000000000,0.000000000000000,0.000000000000000,-0.000000000000000,0.000000000000000,-0.000000000000000,-0.000000000000000,-0.000000000000000,-0.000000000000000,-0.552669810143006,0.000000000000000,1
14.439999999999998,0.969286157111943,-1.912909390113081,1.202152044742939,0.000000000000000,0.000000000000000,0.000000000000000,-0.000000000000000,0.000000000000000,-0.000000000000000,-0.000000000000000,-0.000000000000000,-0.000000000000000,-0.552669810143006,0.000000000000000,1
14.450000000000003,0.969286157111943,-1.912909390113081,1.202152044742939,0.000000000000000,0.000000000000000,0.000000000000000,-0.000000000000000,0.000000000000000,-0.000000000000000,-0.000000000000000,-0.000000000000000,-0.000000000000000,-0.552669810143006,0.000000000000000,1
14.460000000000001,0.969286157111943,-1.912909390113081,1.202152044742939,0.000000000000000,0.000000000000000,0.000000000000000,-0.000000000000000,0.000000000000000,-0.000000000000000,-0.000000000000000,-0.000000000000000,-0.000000000000000,-0.552669810143006,0.000000000000000,1
14.470999999999997,0.969286157111943,-1.912909390113081,1.202152044742939,0.000000000000000,0.000000000000000,0.000000000000000,-0.000000000000000,0.000000000000000,-0.000000000000000,-0.000000000000000,-0.000000000000000,-0.000000000000000,-0.552669810143006,0.000000000000000,1
14.481000000000002,0.969286157111943,-1.912909390113081,1.202152044742939,0.000000000000000,0.000000000000000,0.000000000000000,-0.000000000000000,0.000000000000000,-0.000000000000000,-0.000000000000000,-0.000000000000000,-0.000000000000000,-0.552669810143006,0.000000000000000,1
14.490000000000002,0.969286157111943,-1.912909390113081,1.202152044742939,0.000000000000000,0.000000000000000,0.000000000000000,-0.000000000000000,0.000000000000000,-0.000000000000000,-0.000000000000000,-0.000000000000000,-0.000000000000000,-0.552669810143006,0.000000000000000,1
14.500000000000000,0.969286157111943,-1.912909390113081,1.202152044742939,0.000000000000000,0.000000000000000,0.000000000000000,-0.000000000000000,0.000000000000000,-0.000000000000000,-0.000000000000000,-0.000000000000000,-0.000000000000000,-0.552669810143006,0.000000000000000,1
14.509999999999998,0.969286157111943,-1.912909390113081,1.202152044742939,0.000000000000000,0.000000000000000,0.000000000000000,-0.000000000000000,0.000000000000000,-0.000000000000000,-0.000000000000000,-0.000000000000000,-0.000000000000000,-0.552669810143006,0.000000000000000,1
14.521000000000001,0.969286157111943,-1.912909390113081,1.202152044742939,0.000000000000000,0.000000000000000,0.000000000000000,-0.000000000000000,-0.000000000000000,-0.000000000000000,-0.000000000000000,-0.000000000000000,-0.000000000000000,-0.552669810143006,0.000000000000000,1
14.530000000000001,0.969286157111943,-1.912909390113081,1.202152044742939,0.000000000000000,0.000000000000000,0.000000000000000,-0.000000000000000,-0.000000000000000,-0.000000000000000,-0.000000000000000,-0.000000000000000,-0.000000000000000,-0.552669810143006,0.000000000000000,1
14.539999999999999,0.969286157111943,-1.912909390113081,1.202152044742939,0.000000000000000,0.000000000000000,0.000000000000000,-0.000000000000000,-0.000000000000000,-0.000000000000000,-0.000000000000000,-0.000000000000000,-0.000000000000000,-0.552669810143006,0.000000000000000,1
14.551000000000002,0.969286157111943,-1.912909390113081,1.202152044742939,0.000000000000000,0.000000000000000,0.000000000000000,-0.000000000000000,-0.000000000000000,-0.000000000000000,-0.000000000000000,-0.000000000000000,-0.000000000000000,-0.552669810143006,0.000000000000000,1
14.560000000000002,0.969286157111943,-1.912909390113081,1.202152044742939,0.000000000000000,0.000000000000000,0.000000000000000,-0.000000000000000,-0.000000000000000,-0.000000000000000,-0.000000000000000,-0.000000000000000,-0.000000000000000,-0.552669810143006,0.000000000000000,1
14.570000000000000,0.969286157111943,-1.912909390113081,1.202152044742939,0.000000000000000,0.000000000000000,0.000000000000000,-0.000000000000000,-0.000000000000000,-0.000000000000000,-0.000000000000000,-0.000000000000000,-0.000000000000000,-0.552669810143006,0.000000000000000,1
14.579999999999998,0.969286157111943,-1.912909390113081,1.202152044742939,0.000000000000000,0.000000000000000,0.000000000000000,-0.000000000000000,-0.000000000000000,-0.000000000000000,-0.000000000000000,-0.000000000000000,-0.000000000000000,-0.552669810143006,0.000000000000000,1
14.590000000000003,0.969286157111943,-1.912909390113081,1.202152044742939,0.000000000000000,0.000000000000000,0.000000000000000,-0.000000000000000,-0.000000000000000,-0.000000000000000,-0.000000000000000,-0.000000000000000,-0.000000000000000,-0.552669810143006,0.000000000000000,1
14.600999999999999,0.969286157111943,-1.912909390113081,1.202152044742939,0.000000000000000,0.000000000000000,0.000000000000000,-0.000000000000000,-0.000000000000000,-0.000000000000000,-0.000000000000000,-0.000000000000000,-0.000000000000000,-0.552669810143006,0.000000000000000,1
14.609999999999999,0.969286157111943,-1.912909390113081,1.202152044742939,0.000000000000000,0.000000000000000,0.000000000000000,-0.000000000000000,-0.000000000000000,-0.000000000000000,-0.000000000000000,-0.000000000000000,-0.000000000000000,-0.552669810143006,0.000000000000000,1
14.619999999999997,0.969286157111943,-1.912909390113081,1.202152044742939,0.000000000000000,0.000000000000000,0.000000000000000,-0.000000000000000,-0.000000000000000,-0.000000000000000,-0.000000000000000,-0.000000000000000,-0.000000000000000,-0.552669810143006,0.000000000000000,1
14.630000000000003,0.969286157111943,-1.912909390113081,1.202152044742939,0.000000000000000,0.000000000000000,0.000000000000000,-0.000000000000000,-0.000000000000000,-0.000000000000000,-0.000000000000000,-0.000000000000000,-0.000000000000000,-0.552669810143006,0.000000000000000,1
14.640000000000001,0.969286157111943,-1.912909390113081,1.202152044742939,0.000000000000000,0.000000000000000,0.000000000000000,-0.000000000000000,-0.000000000000000,-0.000000000000000,-0.000000000000000,-0.000000000000000,-0.000000000000000,-0.552669810143006,0.000000000000000,1
14.649999999999999,0.969286157111943,-1.912909390113081,1.202152044742939,0.000000000000000,0.000000000000000,0.000000000000000,-0.000000000000000,-0.000000000000000,-0.000000000000000,-0.000000000000000,-0.000000000000000,-0.000000000000000,-0.552669810143006,0.000000000000000,1
14.660000000000004,0.969286157111943,-1.912909390113081,1.202152044742939,0.000000000000000,0.000000000000000,0.000000000000000,-0.000000000000000,-0.000000000000000,-0.000000000000000,-0.000000000000000,-0.000000000000000,-0.000000000000000,-0.552669810143006,0.000000000000000,1
14.670000000000002,0.969286157111943,-1.912909390113081,1.202152044742939,0.000000000000000,0.000000000000000,0.000000000000000,-0.000000000000000,-0.000000000000000,-0.000000000000000,-0.000000000000000,-0.000000000000000,-0.000000000000000,-0.552669810143006,0.000000000000000,1
14.680000000000000,0.969286157111943,-1.912909390113081,1.202152044742939,0.000000000000000,0.000000000000000,0.000000000000000,-0.000000000000000,-0.000000000000000,-0.000000000000000,-0.000000000000000,-0.000000000000000,-0.000000000000000,-0.552669810143006,0.000000000000000,1
14.689999999999998,0.969286157111943,-1.912909390113081,1.202152044742939,0.000000000000000,0.000000000000000,0.000000000000000,-0.000000000000000,-0.000000000000000,-0.000000000000000,-0.000000000000000,-0.000000000000000,-0.000000000000000,-0.552669810143006,0.000000000000000,1
14.700000000000003,0.969286157111943,-1.912909390113081,1.202152044742939,0.000000000000000,0.000000000000000,0.000000000000000,-0.000000000000000,-0.000000000000000,-0.000000000000000,-0.000000000000000,-0.000000000000000,-0.000000000000000,-0.552669810143006,0.000000000000000,1
14.710000000000001,0.969286157111943,-1.912909390113081,1.202152044742939,0.000000000000000,0.000000000000000,0.000000000000000,-0.000000000000000,-0.000000000000000,-0.000000000000000,-0.000000000000000,-0.000000000000000,-0.000000000000000,-0.552669810143006,0.000000000000000,1
14.719999999999999,0.969286157111943,-1.912909390113081,1.202152044742939,0.000000000000000,0.000000000000000,0.000000000000000,-0.000000000000000,-0.000000000000000,-0.000000000000000,-0.000000000000000,-0.000000000000000,-0.000000000000000,-0.552669810143006,0.000000000000000,1
14.729999999999997,0.969286157111943,-1.912909390113081,1.202152044742939,0.000000000000000,0.000000000000000,0.000000000000000,-0.000000000000000,-0.000000000000000,-0.000000000000000,-0.000000000000000,-0.000000000000000,-0.000000000000000,-0.552669810143006,0.000000000000000,1
14.740000000000002,0.969286157111943,-1.912909390113081,1.202152044742939,0.000000000000000,0.000000000000000,0.000000000000000,-0.000000000000000,-0.000000000000000,-0.000000000000000,-0.000000000000000,-0.000000000000000,-0.000000000000000,-0.552669810143006,0.000000000000000,1
14.750000000000000,0.969286157111943,-1.912909390113081,1.202152044742939,0.000000000000000,0.000000000000000,0.000000000000000,-0.000000000000000,-0.000000000000000,-0.000000000000000,-0.000000000000000,-0.000000000000000,-0.000000000000000,-0.552669810143006,0.000000000000000,1
14.759999999999998,0.969286157111943,-1.912909390113081,1.202152044742939,0.000000000000000,0.000000000000000,0.000000000000000,-0.000000000000000,-0.000000000000000,-0.000000000000000,-0.000000000000000,-0.000000000000000,-0.000000000000000,-0.552669810143006,0.000000000000000,1
14.770000000000003,0.969286157111943,-1.912909390113081,1.202152044742939,0.000000000000000,0.000000000000000,0.000000000000000,-0.000000000000000,-0.000000000000000,-0.000000000000000,-0.000000000000000,-0.000000000000000,-0.000000000000000,-0.552669810143006,0.000000000000000,1
14.780000000000001,0.969286157111943,-1.912909390113081,1.202152044742939,0.000000000000000,0.000000000000000,0.000000000000000,-0.000000000000000,-0.000000000000000,-0.000000000000000,-0.000000000000000,-0.000000000000000,-0.000000000000000,-0.552669810143006,0.000000000000000,1
14.789999999999999,0.969286157111943,-1.912909390113081,1.202152044742939,0.000000000000000,0.000000000000000,0.000000000000000,-0.000000000000000,-0.000000000000000,-0.000000000000000,-0.000000000000000,-0.000000000000000,-0.000000000000000,-0.552669810143006,0.000000000000000,1
14.799999999999997,0.969286157111943,-1.912909390113081,1.202152044742939,0.000000000000000,0.000000000000000,0.000000000000000,-0.000000000000000,-0.000000000000000,-0.000000000000000,-0.000000000000000,-0.000000000000000,-0.000000000000000,-0.552669810143006,0.000000000000000,1
14.810000000000002,0.969286157111943,-1.912909390113081,1.202152044742939,0.000000000000000,0.000000000000000,0.000000000000000,-0.000000000000000,-0.000000000000000,-0.000000000000000,-0.000000000000000,-0.000000000000000,-0.000000000000000,-0.552669810143006,0.000000000000000,1
14.820000000000000,0.969286157111943,-1.912909390113081,1.202152044742939,0.000000000000000,0.000000000000000,0.000000000000000,-0.000000000000000,-0.000000000000000,-0.000000000000000,-0.000000000000000,-0.000000000000000,-0.000000000000000,-0.552669810143006,0.000000000000000,1
14.829999999999998,0.969286157111943,-1.912909390113081,1.202152044742939,0.000000000000000,0.000000000000000,0.000000000000000,-0.000000000000000,-0.000000000000000,-0.000000000000000,-0.000000000000000,-0.000000000000000,-0.000000000000000,-0.552669810143006,0.000000000000000,1
14.840000000000003,0.969286157111943,-1.912909390113081,1.202152044742939,0.000000000000000,0.000000000000000,0.000000000000000,-0.000000000000000,-0.000000000000000,-0.000000000000000,-0.000000000000000,-0.000000000000000,-0.000000000000000,-0.552669810143006,0.000000000000000,1
14.850000000000001,0.969286157111943,-1.912909390113081,1.202152044742939,0.000000000000000,0.000000000000000,0.000000000000000,-0.000000000000000,-0.000000000000000,-0.000000000000000,-0.000000000000000,-0.000000000000000,-0.000000000000000,-0.552669810143006,0.000000000000000,1
14.859999999999999,0.969286157111943,-1.912909390113081,1.202152044742939,0.000000000000000,0.000000000000000,0.000000000000000,-0.000000000000000,-0.000000000000000,-0.000000000000000,0.000000000000000,-0.000000000000000,0.000000000000000,-0.552669810143006,0.000000000000000,1
14.869999999999997,0.969286157111943,-1.912909390113081,1.202152044742939,0.000000000000000,0.000000000000000,0.000000000000000,-0.000000000000000,-0.000000000000000,-0.000000000000000,0.000000000000000,-0.000000000000000,0.000000000000000,-0.552669810143006,0.000000000000000,1
14.880000000000003,0.969286157111943,-1.912909390113081,1.202152044742939,0.000000000000000,0.000000000000000,0.000000000000000,-0.000000000000000,-0.000000000000000,-0.000000000000000,0.000000000000000,-0.000000000000000,0.000000000000000,-0.552669810143006,0.000000000000000,1
14.890000000000001,0.969286157111943,-1.912909390113081,1.202152044742939,0.000000000000000,0.000000000000000,0.000000000000000,-0.000000000000000,-0.000000000000000,-0.000000000000000,0.000000000000000,0.000000000000000,0.000000000000000,-0.552669810143006,0.000000000000000,1
14.899999999999999,0.969286157111943,-1.912909390113081,1.202152044742939,0.000000000000000,0.000000000000000,0.000000000000000,-0.000000000000000,-0.000000000000000,-0.000000000000000,0.000000000000000,0.000000000000000,0.000000000000000,-0.552669810143006,0.000000000000000,1
14.909999999999997,0.969286157111943,-1.912909390113081,1.202152044742939,0.000000000000000,0.000000000000000,-0.000000000000000,-0.000000000000000,-0.000000000000000,-0.000000000000000,0.000000000000000,0.000000000000000,0.000000000000000,-0.552669810143006,0.000000000000000,1
14.920000000000002,0.969286157111943,-1.912909390113081,1.202152044742939,-0.000000000000000,0.000000000000000,-0.000000000000000,-0.000000000000000,-0.000000000000000,-0.000000000000000,0.000000000000000,0.000000000000000,0.000000000000000,-0.552669810143006,0.000000000000000,1
14.930000000000000,0.969286157111943,-1.912909390113081,1.202152044742939,-0.000000000000000,-0.000000000000000,-0.000000000000000,-0.000000000000000,-0.000000000000000,-0.000000000000000,0.000000000000000,0.000000000000000,0.000000000000000,-0.552669810143006,0.000000000000000,1
14.939999999999998,0.969286157111943,-1.912909390113081,1.202152044742939,-0.000000000000000,-0.000000000000000,-0.000000000000000,-0.000000000000000,-0.000000000000000,-0.000000000000000,0.000000000000000,0.000000000000000,0.000000000000000,-0.552669810143006,0.000000000000000,1
14.950000000000003,0.969286157111943,-1.912909390113081,1.202152044742939,-0.000000000000000,-0.000000000000000,-0.000000000000000,-0.000000000000000,-0.000000000000000,-0.000000000000000,0.000000000000000,0.000000000000000,0.000000000000000,-0.552669810143006,0.000000000000000,1
14.960000000000001,0.969286157111943,-1.912909390113081,1.202152044742939,-0.000000000000000,-0.000000000000000,-0.000000000000000,-0.000000000000000,-0.000000000000000,-0.000000000000000,0.000000000000000,0.000000000000000,0.000000000000000,-0.552669810143006,0.000000000000000,1
14.970999999999997,0.969286157111943,-1.912909390113081,1.202152044742939,-0.000000000000000,-0.000000000000000,-0.000000000000000,-0.000000000000000,-0.000000000000000,-0.000000000000000,0.000000000000000,0.000000000000000,0.000000000000000,-0.552669810143006,0.000000000000000,1
14.979999999999997,0.969286157111943,-1.912909390113081,1.202152044742939,-0.000000000000000,-0.000000000000000,-0.000000000000000,-0.000000000000000,-0.000000000000000,-0.000000000000000,0.000000000000000,0.000000000000000,0.000000000000000,-0.552669810143006,0.000000000000000,1
14.990000000000002,0.969286157111943,-1.912909390113081,1.202152044742939,-0.000000000000000,-0.000000000000000,-0.000000000000000,-0.000000000000000,-0.000000000000000,-0.000000000000000,0.000000000000000,0.000000000000000,0.000000000000000,-0.552669810143006,0.000000000000000,1
15.000000000000000,0.969286157111943,-1.912909390113081,1.202152044742939,-0.000000000000000,-0.000000000000000,-0.000000000000000,-0.000000000000000,-0.000000000000000,-0.000000000000000,0.000000000000000,0.000000000000000,0.000000000000000,-0.552669810143006,0.000000000000000,1
15.009999999999998,0.969286157111943,-1.912909390113081,1.202152044742939,-0.000000000000000,-0.000000000000000,-0.000000000000000,-0.000000000000000,-0.000000000000000,-0.000000000000000,0.000000000000000,0.000000000000000,0.000000000000000,-0.552669810143006,0.000000000000000,1
15.021000000000001,0.969286157111943,-1.912909390113081,1.202152044742939,-0.000000000000000,-0.000000000000000,-0.000000000000000,-0.000000000000000,-0.000000000000000,-0.000000000000000,0.000000000000000,0.000000000000000,0.000000000000000,-0.552669810143006,0.000000000000000,1
15.030000000000001,0.969286157111943,-1.912909390113081,1.202152044742939,-0.000000000000000,-0.000000000000000,-0.000000000000000,-0.000000000000000,-0.000000000000000,-0.000000000000000,0.000000000000000,0.000000000000000,0.000000000000000,-0.552669810143006,0.000000000000000,1
15.039999999999999,0.969286157111943,-1.912909390113081,1.202152044742939,-0.000000000000000,-0.000000000000000,-0.000000000000000,-0.000000000000000,-0.000000000000000,-0.000000000000000,0.000000000000000,0.000000000000000,0.000000000000000,-0.552669810143006,0.000000000000000,1
15.049999999999997,0.969286157111943,-1.912909390113081,1.202152044742939,-0.000000000000000,-0.000000000000000,-0.000000000000000,-0.000000000000000,-0.000000000000000,-0.000000000000000,0.000000000000000,0.000000000000000,0.000000000000000,-0.552669810143006,0.000000000000000,1
15.060000000000002,0.969286157111943,-1.912909390113081,1.202152044742939,-0.000000000000000,-0.000000000000000,-0.000000000000000,-0.000000000000000,-0.000000000000000,-0.000000000000000,0.000000000000000,0.000000000000000,0.000000000000000,-0.552669810143006,0.000000000000000,1
15.070000000000000,0.969286157111943,-1.912909390113081,1.202152044742939,-0.000000000000000,-0.000000000000000,-0.000000000000000,-0.000000000000000,-0.000000000000000,-0.000000000000000,0.000000000000000,0.000000000000000,0.000000000000000,-0.552669810143006,0.000000000000000,1
15.079999999999998,0.969286157111943,-1.912909390113081,1.202152044742939,-0.000000000000000,-0.000000000000000,-0.000000000000000,-0.000000000000000,-0.000000000000000,-0.000000000000000,0.000000000000000,0.000000000000000,0.000000000000000,-0.552669810143006,0.000000000000000,1
15.091000000000001,0.969286157111943,-1.912909390113081,1.202152044742939,-0.000000000000000,-0.000000000000000,-0.000000000000000,-0.000000000000000,-0.000000000000000,-0.000000000000000,0.000000000000000,0.000000000000000,0.000000000000000,-0.552669810143006,0.000000000000000,1
15.100000000000001,0.969286157111943,-1.912909390113081,1.202152044742939,-0.000000000000000,-0.000000000000000,-0.000000000000000,-0.000000000000000,-0.000000000000000,-0.000000000000000,0.000000000000000,0.000000000000000,0.000000000000000,-0.552669810143006,0.000000000000000,1
15.109999999999999,0.969286157111943,-1.912909390113081,1.202152044742939,-0.000000000000000,-0.000000000000000,-0.000000000000000,-0.000000000000000,-0.000000000000000,-0.000000000000000,0.000000000000000,0.000000000000000,0.000000000000000,-0.552669810143006,0.000000000000000,1
15.119999999999997,0.969286157111943,-1.912909390113081,1.202152044742939,-0.000000000000000,-0.000000000000000,-0.000000000000000,-0.000000000000000,-0.000000000000000,-0.000000000000000,0.000000000000000,0.000000000000000,0.000000000000000,-0.552669810143006,0.000000000000000,1
15.131000000000000,0.969286157111943,-1.912909390113081,1.202152044742939,-0.000000000000000,-0.000000000000000,-0.000000000000000,-0.000000000000000,-0.000000000000000,-0.000000000000000,0.000000000000000,0.000000000000000,0.000000000000000,-0.552669810143006,0.000000000000000,1
15.140000000000001,0.969286157111943,-1.912909390113081,1.202152044742939,-0.000000000000000,-0.000000000000000,-0.000000000000000,-0.000000000000000,-0.000000000000000,-0.000000000000000,0.000000000000000,0.000000000000000,0.000000000000000,-0.552669810143006,0.000000000000000,1
15.151000000000003,0.969286157111943,-1.912909390113081,1.202152044742939,-0.000000000000000,-0.000000000000000,-0.000000000000000,-0.000000000000000,-0.000000000000000,-0.000000000000000,0.000000000000000,0.000000000000000,0.000000000000000,-0.552669810143006,0.000000000000000,1
15.159999999999997,0.969286157111943,-1.912909390113081,1.202152044742939,-0.000000000000000,-0.000000000000000,-0.000000000000000,-0.000000000000000,-0.000000000000000,-0.000000000000000,0.000000000000000,0.000000000000000,0.000000000000000,-0.552669810143006,0.000000000000000,1
15.170000000000002,0.969286157111943,-1.912909390113081,1.202152044742939,-0.000000000000000,-0.000000000000000,-0.000000000000000,-0.000000000000000,-0.000000000000000,-0.000000000000000,0.000000000000000,0.000000000000000,0.000000000000000,-0.552669810143006,0.000000000000000,1
15.180000000000000,0.969286157111943,-1.912909390113081,1.202152044742939,-0.000000000000000,-0.000000000000000,-0.000000000000000,-0.000000000000000,-0.000000000000000,-0.000000000000000,0.000000000000000,0.000000000000000,0.000000000000000,-0.552669810143006,0.000000000000000,1
15.189999999999998,0.969286157111943,-1.912909390113081,1.202152044742939,-0.000000000000000,-0.000000000000000,-0.000000000000000,-0.000000000000000,-0.000000000000000,-0.000000000000000,0.000000000000000,0.000000000000000,0.000000000000000,-0.552669810143006,0.000000000000000,1
15.200000000000003,0.969286157111943,-1.912909390113081,1.202152044742939,-0.000000000000000,-0.000000000000000,-0.000000000000000,-0.000000000000000,-0.000000000000000,-0.000000000000000,0.000000000000000,0.000000000000000,0.000000000000000,-0.552669810143006,0.000000000000000,1
15.210000000000001,0.969286157111943,-1.912909390113081,1.202152044742939,-0.000000000000000,-0.000000000000000,-0.000000000000000,-0.000000000000000,-0.000000000000000,-0.000000000000000,0.000000000000000,0.000000000000000,0.000000000000000,-0.552669810143006,0.000000000000000,1
15.219999999999999,0.969286157111943,-1.912909390113081,1.202152044742939,-0.000000000000000,-0.000000000000000,-0.000000000000000,-0.000000000000000,-0.000000000000000,-0.000000000000000,0.000000000000000,0.000000000000000,0.000000000000000,-0.552669810143006,0.000000000000000,1
15.229999999999997,0.969286157111943,-1.912909390113081,1.202152044742939,-0.000000000000000,-0.000000000000000,-0.000000000000000,-0.000000000000000,-0.000000000000000,-0.000000000000000,0.000000000000000,0.000000000000000,0.000000000000000,-0.552669810143006,0.000000000000000,1
15.240000000000002,0.969286157111943,-1.912909390113081,1.202152044742939,-0.000000000000000,-0.000000000000000,-0.000000000000000,-0.000000000000000,-0.000000000000000,-0.000000000000000,0.000000000000000,0.000000000000000,0.000000000000000,-0.552669810143006,0.000000000000000,1
15.250000000000000,0.969286157111943,-1.912909390113081,1.202152044742939,-0.000000000000000,-0.000000000000000,-0.000000000000000,-0.000000000000000,-0.000000000000000,-0.000000000000000,0.000000000000000,0.000000000000000,0.000000000000000,-0.552669810143006,0.000000000000000,1
15.259999999999998,0.969286157111943,-1.912909390113081,1.202152044742939,-0.000000000000000,-0.000000000000000,-0.000000000000000,-0.000000000000000,-0.000000000000000,-0.000000000000000,0.000000000000000,0.000000000000000,0.000000000000000,-0.552669810143006,0.000000000000000,1
15.271000000000001,0.969286157111943,-1.912909390113081,1.202152044742939,-0.000000000000000,-0.000000000000000,-0.000000000000000,0.000000000000000,0.000000000000000,0.000000000000000,0.000000000000000,0.000000000000000,0.000000000000000,-0.552669810143006,0.000000000000000,1
15.280000000000001,0.969286157111943,-1.912909390113081,1.202152044742939,-0.000000000000000,-0.000000000000000,-0.000000000000000,0.000000000000000,0.000000000000000,0.000000000000000,0.000000000000000,0.000000000000000,0.000000000000000,-0.552669810143006,0.000000000000000,1
15.289999999999999,0.969286157111943,-1.912909390113081,1.202152044742939,-0.000000000000000,-0.000000000000000,-0.000000000000000,0.000000000000000,0.000000000000000,0.000000000000000,0.000000000000000,0.000000000000000,0.000000000000000,-0.552669810143006,0.000000000000000,1
15.301000000000002,0.969286157111966,-1.912909390113104,1.202152044742941,0.000000000090144,-0.000000000091039,0.000000000008885,0.000000270402867,-0.000000273073189,0.000000026649310,0.000540694892618,-0.000545966800796,0.000053280508586,-0.552669774623424,0.000071036086891,1
15.310000000000002,0.969286157336817,-1.912909390339895,1.202152044765071,0.000000089894318,-0.000000090635873,0.000000008843920,0.000026940627270,-0.000027145995589,0.000002648661314,0.005377063056061,-0.005411307261668,0.000527927926620,-0.552666260954142,0.000709530069402,1
15.320000000000000,0.969286160701080,-1.912909393727786,1.202152045095614,0.000000716943029,-0.000000721511537,0.000000070390794,0.000107320496200,-0.000107869771212,0.000010522623047,0.010687896625918,-0.010715702221391,0.001045075197614,-0.552655625695689,0.001417213917672,1
15.329999999999998,0.969286175237211,-1.912909408340260,1.202152046521067,0.000002412231904,-0.000002423073788,0.000000236356103,0.000240478760246,-0.000241106585508,0.000023514531557,0.015932790323343,-0.015914060733131,0.001551532345736,-0.552637922829859,0.002123051544810,1
15.340000000000003,0.969286214255554,-1.912909447492196,1.202152050339736,0.000005700252723,-0.000005715165751,0.000000557386314,0.000425757467514,-0.000425800441329,0.000041517937022,0.021112033464965,-0.021007255785606,0.002047389601883,-0.552613170818863,0.002827042950817,1
15.350000000000001,0.969286296278521,-1.912909529644255,1.202152058351082,0.000011098932210,-0.000011107114182,0.000001083067903,0.000662501557791,-0.000660904057086,0.000064427290419,0.026225915070256,-0.025996157502281,0.002532736895087,-0.552581388124913,0.003529188135691,1
15.359999999999999,0.969286444975086,-1.912909678298142,1.202152072845167,0.000019119660930,-0.000019097816481,0.000001861936346,0.000950058859572,-0.000945378838101,0.000092137940505,0.031274723861556,-0.030881633141389,0.003007663852523,-0.552542593210220,0.004229487099433,1
15.369999999999997,0.969286689095568,-1.912909921892753,1.202152096592191,0.000030267322167,-0.000030175827415,0.000002941485082,0.001287780087092,-0.001278194847950,0.000124546130801,0.036258748264056,-0.035664547095915,0.003472259799507,-0.552496804536995,0.004927939842044,1
15.380000000000003,0.969287062406703,-1.912910293701177,1.202152132832117,0.000045040320761,-0.000044819445558,0.000004368174448,0.001675018837351,-0.001658330779815,0.000161548996572,0.041178276405808,-0.040345760893604,0.003926613759493,-0.552444040567449,0.005624546363523,1
15.390000000000001,0.969287603627005,-1.912910831728570,1.202152185264382,0.000063930611926,-0.000063496799446,0.000006187440580,0.002111131587142,-0.002084773927826,0.000203044561807,0.046033596117705,-0.044926133196946,0.004370814454075,-0.552384319763795,0.006319306663869,1
15.401000000000003,0.969288445092365,-1.912911666563327,1.202152266606671,0.000090044688626,-0.000089247242930,0.000008695039331,0.002646507895254,-0.002606184844834,0.000253739193833,0.051235332765021,-0.049922661505356,0.004809962248948,-0.552310610969217,0.007087013985997,1
15.410000000000004,0.969289369015090,-1.912912581544981,1.202152355724232,0.000115987981137,-0.000114787102206,0.000011174099071,0.003124174341536,-0.003076229975677,0.000297229536509,0.054906083631829,-0.054516364843424,0.004854339656290,-0.552243801541675,0.007759256451495,1
15.420000000000002,0.969290694423235,-1.912913892523144,1.202152483137767,0.000150042428715,-0.000148358957622,0.000014389914376,0.003693434604942,-0.003646467521733,0.000346013150313,0.058937745000351,-0.059512229707722,0.004902115303815,-0.552162482101588,0.008504299447208,1
15.430000000000000,0.969292389508758,-1.912915568559661,1.202152645156532,0.000189990240282,-0.000187881094369,0.000018095927880,0.004302765037464,-0.004266097913648,0.000395266509531,0.062920145149015,-0.064395097606289,0.004948291033592,-0.552073722195107,0.009247349730223,1
15.439999999999998,0.969294515200604,-1.912917671608197,1.202152846705729,0.000236229657239,-0.000233841807403,0.000022296757268,0.004951673857914,-0.004933996083957,0.000444973683744,0.066853450298884,-0.069165948423315,0.004992880589592,-0.551977541749359,0.009988407300541,1
15.450000000000003,0.969297136385571,-1.912920268449274,1.202153092755944,0.000289154011487,-0.000286718189943,0.000026996861612,0.005639670947874,-0.005649046747406,0.000495118879748,0.070737826782145,-0.073825758716989,0.005035897671722,-0.551873960691472,0.010727472158162,1
15.460000000000001,0.969300321859297,-1.912923430578747,1.202153388321567,0.000349151742061,-0.000346976231128,0.000032200542733,0.006366267852800,-0.006410144367696,0.000545686441123,0.074573441042102,-0.078375501719488,0.005077355935833,-0.551762998948572,0.011464544303084,1
15.469999999999999,0.969304144277416,-1.912927234097246,1.202153738459225,0.000416606411776,-0.000415070913341,0.000037911946570,0.007130977783140,-0.007216193124215,0.000596660847783,0.078360459633188,-0.082816147336998,0.005117268993713,-0.551644676447786,0.012199623735310,1
15.479999999999997,0.969308680106879,-1.912931759600594,1.202154148266230,0.000491896723879,-0.000491446309200,0.000044135064544,0.007933315615441,-0.008066106878789,0.000648026715540,0.082099049220960,-0.087148662149698,0.005155650413091,-0.551519013116241,0.012932710454838,1
15.491000000000000,0.969314589374690,-1.912937673101527,1.202154674103526,0.000584212292384,-0.000585540243850,0.000051576100561,0.008858770502482,-0.009050391579037,0.000704963112314,0.086155761319964,-0.091790686908734,0.005196117071121,-0.551372328575041,0.013736804263153,1
15.500000000000000,0.969320216633310,-1.912943320770392,1.202155167471741,0.000667474890422,-0.000670761563103,0.000058131644104,0.009648942829274,-0.009893233041986,0.000751871974447,0.089431608604401,-0.095493149051374,0.005227872386958,-0.551245743669383,0.014392905755802,1
15.509999999999998,0.969327388879795,-1.912950539164523,1.202155786978635,0.000768493929552,-0.000774548978307,0.000065802096200,0.010560649152672,-0.010872241798104,0.000771313110865,0.092902104573461,-0.100288247132940,-0.001315349698190,-0.551097811768594,0.015193110301107,1
15.520000000000003,0.969335617478515,-1.912958845177347,1.202156483077634,0.000878802802175,-0.000888364205084,0.000073342222645,0.011506834134810,-0.011898592728523,0.000726048708636,0.096327364768399,-0.104961768249215,-0.007713453184150,-0.550941888745379,0.015991130241203,1
15.530000000000001,0.969344997044208,-1.912968341433872,1.202157251254334,0.000998744035531,-0.001012674604747,0.000080112202219,0.012487046150721,-0.012971075587283,0.000617523426181,0.099707535773403,-0.109514816494805,-0.013967742816874,-0.550777996445788,0.016786965576089,1
15.539999999999999,0.969355625594323,-1.912979135172391,1.202158080668139,0.001128655647945,-0.001147935491290,0.000085486595123,0.013500835042162,-0.014088491150043,0.000447168897498,0.103042764349431,-0.113948492098876,-0.020079518736057,-0.550606156715874,0.017580616305765,1
15.549999999999997,0.969367604504008,-1.912991338124558,1.202158954295417,0.001268871163497,-0.001294590241408,0.000088854212970,0.014547752119385,-0.015249651175430,0.000216403778216,0.106333197434200,-0.118263891425131,-0.026050076475123,-0.550426391401690,0.018372082430231,1
15.560000000000002,0.969381038461247,-1.913005066396563,1.202159849071372,0.001419719626723,-0.001453070404138,0.000089617989228,0.015627350162904,-0.016453378366377,-0.000073366208340,0.109578982142197,-0.122462106971825,-0.031880706961228,-0.550238722349287,0.019161363949488,1
15.570000000000000,0.969396035422129,-1.913020440351408,1.202160736030610,0.001581525617321,-0.001623795810108,0.000087194850130,0.016739183425258,-0.017698506331474,-0.000420748225081,0.112780265764661,-0.126544227371748,-0.037572696515249,-0.550043171404717,0.019948460863535,1
15.579999999999998,0.969412706566276,-1.913037584492258,1.202161580446431,0.001754609264881,-0.001807174680397,0.000081015586038,0.017882807632785,-0.018983879546310,-0.000824362275098,0.115937195769607,-0.130511337392243,-0.043127326851804,-0.549839760414033,0.020733373172372,1
15.590000000000003,0.969431166252422,-1.913056627346896,1.202162341968823,0.001939286263636,-0.002003603735015,0.000070524723276,0.019057779987388,-0.020308353314823,-0.001282841155598,0.119049919801810,-0.134364517935198,-0.048545875079242,-0.549628511223287,0.021516100876000,1
15.600000000000001,0.969451531974121,-1.913077701353250,1.202162974761185,0.002135867887219,-0.002213468300990,0.000055180396418,0.020263659168298,-0.021670793730640,-0.001794830411838,0.122118585682803,-0.138104846037041,-0.053829613699630,-0.549409445678531,0.022296643974418,1
15.609999999999999,0.969473924330349,-1.913100942708303,1.202163427422819,0.002344667538909,-0.002437125681909,0.000034359671537,0.021502180014056,-0.023064507692832,-0.002390451241979,0.125624913845383,-0.140499822899771,-0.065947797649567,-0.549182912163377,0.023002469248487,1
15.619999999999997,0.969498467198936,-1.913126490698827,1.202163639977112,0.002566029222445,-0.002674832357261,0.000006946600631,0.022775997079772,-0.024480454997982,-0.003113152068605,0.129129150250580,-0.142676408206294,-0.078541323087793,-0.548949406853082,0.023698266590398,1
15.630000000000003,0.969525287956916,-1.913154486912934,1.202163540179471,0.002800303354657,-0.002926806015203,-0.000028318062275,0.024084576479373,-0.025917772564105,-0.003960261580051,0.132577424738990,-0.144774005561462,-0.090830011074867,-0.548708953355974,0.024392106610915,1
15.640000000000001,0.969554517457576,-1.913185075075829,1.202163043344229,0.003047834765198,-0.003193256421979,-0.000072663209761,0.025427359916781,-0.027375674420933,-0.004928745678344,0.135970001887663,-0.146793396337435,-0.102816715188392,-0.548461571245268,0.025083989310036,1
15.649999999999999,0.969586289974630,-1.913218400971215,1.202162052648023,0.003308962713987,-0.003474385523157,-0.000127287535931,0.026803791740451,-0.028853382397602,-0.006015598749383,0.139307146025562,-0.148735359042438,-0.114504278625062,-0.548207280094178,0.025773914687762,1
15.660000000000004,0.969620743146651,-1.913254612363468,1.202160459430356,0.003584020917637,-0.003770387521470,-0.000193359820736,0.028213318940887,-0.030350126094011,-0.007217843559129,0.142589121233555,-0.150600669320755,-0.125895534200633,-0.547946099475917,0.026461882744093,1
15.670000000000002,0.969658017921775,-1.913293858920603,1.202158143491322,0.003873337575867,-0.004081448954386,-0.000272019213253,0.029655391148160,-0.031865142852181,-0.008532531149795,0.145816191344409,-0.152390099952731,-0.136993304349899,-0.547678048963701,0.027147893479028,1
15.680000000000000,0.969698258502655,-1.913336292138004,1.202154973386501,0.004177235397887,-0.004407748771384,-0.000364375513932,0.031129460629428,-0.033397677727617,-0.009956740736039,0.148988619942801,-0.154104420854770,-0.147800401126744,-0.547403148130742,0.027831946892568,1
15.689999999999998,0.969741612291699,-1.913382065262932,1.202150806719041,0.004496031628749,-0.004749458410946,-0.000471509455796,0.032634982286456,-0.034946983460669,-0.011487579601151,0.152106670365313,-0.155744399079342,-0.158319626204107,-0.547121416550254,0.028514042984713,1
15.700000000000003,0.969788229836552,-1.913431333219796,1.202145490428927,0.004830038075690,-0.005106741877264,-0.000594472984616,0.034171413653137,-0.036512320447893,-0.013122182993250,0.155170605700433,-0.157310798814974,-0.168553770873996,-0.546832873795452,0.029194181755463,1
15.710000000000001,0.969838264716962,-1.913484252765846,1.202138861346119,0.005179534987941,-0.005479857780203,-0.000734171147779,0.035729514068801,-0.038126887252586,-0.014818319168510,0.156253688150161,-0.166319050635319,-0.169781651611470,-0.546535338392629,0.030361281095884,1
15.720999999999997,0.969897435952329,-1.913546875362839,1.202129851279289,0.005582032119404,-0.005909529934752,-0.000907448987388,0.037453518419749,-0.040014642103110,-0.016687124890412,0.157200516460065,-0.176856980177606,-0.169990199938064,-0.546193992404205,0.031700926950547,1
15.729999999999997,0.969949210232180,-1.913601703470129,1.202120987751937,0.005925490810849,-0.006276938391717,-0.001064519506184,0.038871789566283,-0.041644267206170,-0.018217617520445,0.157970068831454,-0.185247369317748,-0.170111993565557,-0.545903763660259,0.032793881596700,1
15.740000000000002,0.970010435093581,-1.913666586323498,1.202109403319817,0.006322121392818,-0.006702795832316,-0.001255202909887,0.040455742645087,-0.043542355110992,-0.019919203864797,0.158819556595945,-0.194327928396119,-0.170196391201648,-0.545569766448484,0.034004983122218,1
15.750000000000000,0.970075705599789,-1.913735824158543,1.202095826962492,0.006734633880233,-0.007148083961728,-0.001462905511216,0.042048160612920,-0.045529984163508,-0.021621368746938,0.159663018817837,-0.203156004003334,-0.170227809487904,-0.545223675550537,0.035212618831140,1
15.759999999999998,0.970145180992089,-1.913809615717232,1.202080088467862,0.007163112617931,-0.007613685607736,-0.001687630457409,0.043648982381878,-0.047604641668623,-0.023323585619916,0.160500289212422,-0.211734022584775,-0.170206897294918,-0.544865525624583,0.036416788723468,1
15.770000000000003,0.970219021352137,-1.913888168444578,1.202062017618573,0.007607641331576,-0.008100458592345,-0.001929375662630,0.045258145207546,-0.049763839151367,-0.025025334412333,0.161331202762322,-0.220064401719679,-0.170134300863275,-0.544495351328789,0.037617492799202,1
15.780000000000001,0.970297387595679,-1.913971698239793,1.202041444244026,0.008068303111158,-0.008609235973540,-0.002188133872599,0.046875584701668,-0.052005112268224,-0.026726101502047,0.162155595717486,-0.228149550121115,-0.170010663803557,-0.544113187321321,0.038814731058341,1
15.789999999999999,0.970380441466114,-1.914060429209852,1.202018198271740,0.008545180394619,-0.009140826286159,-0.002463892728953,0.048501234844829,-0.054326020718485,-0.028425379689871,0.162973305595194,-0.235991867636022,-0.169836627096338,-0.543719068260344,0.040008503500885,1
15.799999999999997,0.970468345527893,-1.914154593425465,1.201992109778067,0.009038354951603,-0.009696013781880,-0.002756634833341,0.050135027999121,-0.056724148155577,-0.030122668173275,0.163784171180055,-0.243593745245186,-0.169612829092187,-0.543313028804025,0.041198810126835,1
15.810000000000002,0.970561263200674,-1.914254430412927,1.201963008983471,0.009547924218164,-0.010275452183562,-0.003066359707449,0.051781791571435,-0.059165216297807,-0.031824027194011,0.165563926363354,-0.244604233719508,-0.170645172959368,-0.542897365782411,0.041933430172295,1
15.820000000000000,0.970659359199770,-1.914360184002325,1.201930725703566,0.010074049646553,-0.010879350230689,-0.003393148412873,0.053446214203131,-0.061615921659237,-0.033535297240024,0.167315984594880,-0.245521370827219,-0.171595198957758,-0.542474367481051,0.042665866076130,1
15.831000000000003,0.970773444463771,-1.914483639134835,1.201891334065631,0.010672119010321,-0.011571998168282,-0.003772437866225,0.055297144808016,-0.064321721219181,-0.035428165247950,0.169211270168245,-0.246423699500364,-0.172546328043246,-0.542000623169178,0.043469022886772,1
15.840000000000003,0.970871753674948,-1.914590422109141,1.201855926297732,0.011176667043701,-0.012160882926049,-0.004098289227819,0.056826929056318,-0.066542542624884,-0.036984307290350,0.170737049429908,-0.247079939484244,-0.173252240444536,-0.541606452404756,0.044124185458926,1
15.850000000000001,0.970986390217901,-1.914715399273460,1.201813065284188,0.011753501119123,-0.012838673449174,-0.004476807057834,0.058542667741298,-0.069016634628243,-0.038720440313417,0.172406077569138,-0.247723534253238,-0.173961217200117,-0.541161579312654,0.044850068937886,1
15.859999999999999,0.971106881165562,-1.914847278151152,1.201766332170809,0.012347575571852,-0.013541235583852,-0.004872720356276,0.060274958428014,-0.071496716560681,-0.040463270317027,0.174047451828058,-0.248278104094985,-0.174591798621294,-0.540709458306471,0.045573768275222,1
15.869999999999997,0.971233399744694,-1.914986306743039,1.201715552681087,0.012959054539421,-0.014268624795988,-0.005286092189373,0.062023524640472,-0.073981903529405,-0.042212018203027,0.175661184896622,-0.248744719568295,-0.175144955060674,-0.540250111227622,0.046295283470933,1
15.881000000000000,0.971379740832606,-1.915147792725469,1.201654812956535,0.013651976135120,-0.015097483645138,-0.005761031613486,0.063965415892442,-0.076720462460787,-0.044141558022666,0.177404381783182,-0.249157681597670,-0.175665154375000,-0.539736509394690,0.047086427502640,1
15.890000000000001,0.971505220814569,-1.915286807538210,1.201601154584178,0.014234868749985,-0.015798062445503,-0.006165425108410,0.065568378400046,-0.078964106377754,-0.045724199603274,0.178805782066661,-0.249418347542769,-0.176022853842477,-0.539309826217594,0.047731761437482,1
15.899999999999999,0.971650877786085,-1.915448777947477,1.201537184771434,0.014899518452942,-0.016600178263337,-0.006631474000229,0.067364113679645,-0.081459405712403,-0.047486123171538,0.180336675392214,-0.249627479059486,-0.176349516328128,-0.538828931969247,0.048446724208319,1
15.909999999999997,0.971803271291201,-1.915618894291620,1.201468466410468,0.015582199917728,-0.017427248293882,-0.007115121978125,0.069174517816220,-0.083954031225307,-0.049240390734602,0.181739798755667,-0.249285991213640,-0.174500519606485,-0.538340917453669,0.049155813969408,1
15.920000000000002,0.971962582363937,-1.915797406007529,1.201394824165376,0.016283055144796,-0.018279246345654,-0.007616219835915,0.070998822616849,-0.086444894378707,-0.050976064736922,0.183116810769868,-0.248875155852903,-0.172630874793471,-0.537845822988618,0.049862714102643,1
15.930000000000000,0.972128993432599,-1.915984562175778,1.201316084470462,0.017002221835477,-0.019156131342535,-0.008134580612640,0.072836767046235,-0.088931306152078,-0.052692940812629,0.184467727193009,-0.248395863281765,-0.170741004560048,-0.537343670470375,0.050567424608023,1
15.939999999999998,0.972302688289454,-1.916180611431875,1.201232075639785,0.017739835081550,-0.020057855362658,-0.008670015324781,0.074688090230229,-0.091412586409324,-0.054390818812417,0.185792564496030,-0.247849000081119,-0.168831329547199,-0.536834481795217,0.051269945485548,1
15.950000000000003,0.972483852064650,-1.916385801898253,1.201142627887179,0.018496027366891,-0.020984363727060,-0.009222333008328,0.076552531462956,-0.093888063861541,-0.056069502783238,0.187091339862617,-0.247235449108251,-0.166902268365937,-0.536318278859423,0.051970276735218,1
15.960000000000001,0.972672671200138,-1.916600381117135,1.201047573345845,0.019270928569184,-0.021935595087968,-0.009791340760631,0.078429830213936,-0.096357076029775,-0.057728800948003,0.188364071189199,-0.246556089496848,-0.164954237597304,-0.535795083559272,0.052668418357034,1
15.970999999999997,0.972889438281056,-1.916847556916259,1.200936339532329,0.020145080513790,-0.023010423378855,-0.010436293768644,0.080509398553943,-0.099064742074290,-0.059531414520577,0.189734017013550,-0.245733829637629,-0.162789988584522,-0.535211518681482,0.053433845120858,1
15.979999999999997,0.973074027722531,-1.917058692683668,1.200839982141289,0.020877364215239,-0.023911948591287,-0.010978645417501,0.082221959068525,-0.101273098424854,-0.060988493509025,0.190831476871796,-0.245003442275172,-0.161002923472216,-0.534727803451012,0.054058132717101,1
15.991000000000000,0.973308695563532,-1.917327905438462,1.200715491643882,0.021793377701731,-0.025040756361756,-0.011659215189266,0.084328354286019,-0.103962914056100,-0.062747424922982,0.192144233514177,-0.244041297176787,-0.158799257575566,-0.534128978209758,0.054818742299645,1
16.000000000000000,0.973508274638827,-1.917557512369597,1.200607998197473,0.022560128987239,-0.025986295045682,-0.012230348879477,0.086062396329045,-0.106155528547088,-0.064168445026601,0.193194938970172,-0.243198017013539,-0.156980679220797,-0.533632816640665,0.055439088565749,1
16.011000000000003,0.973761692580332,-1.917849839370265,1.200469548419323,0.023521002320325,-0.027169225609629,-0.012945309447375,0.088865827050013,-0.108968116964517,-0.065789363881021,0.315369274220858,-0.267941018027469,-0.137877622272250,-0.533017144567633,0.056500507389824,1
16.020000000000003,0.973977021907844,-1.918098808755579,1.200350359873356,0.024334863390071,-0.028161052413369,-0.013542793519473,0.092134510329971,-0.111466610405350,-0.066962395470671,0.410252090549121,-0.287121972749340,-0.122891501316034,-0.532504745381167,0.057365455700786,1
16.033000000000001,0.974301322797316,-1.918474428938223,1.200168602158704,0.025570981829063,-0.029635127639151,-0.014423099168076,0.098317451738843,-0.115370644243974,-0.068424504795684,0.539438839401172,-0.313177026864921,-0.102242628026986,-0.531750902458641,0.058609287772743,1
16.039999999999999,0.974482760237128,-1.918684719507311,1.200065958372782,0.026272962903426,-0.030450504215516,-0.014904488071213,0.102325332551669,-0.117609536128380,-0.069102767602828,0.605236454191313,-0.326415108916801,-0.091601785921035,-0.531338301679963,0.059276332736397,1
16.049999999999997,0.974750710801163,-1.918995160191308,1.199913443704757,0.027327991952063,-0.031643224421656,-0.015599849176733,0.108829694628442,-0.120964455951738,-0.069945063503183,0.694769006460964,-0.344386019526067,-0.076967530425071,-0.530740786976842,0.060225962466917,1
16.060000000000002,0.975029551580180,-1.919317698773000,1.199753935722518,0.028452455072373,-0.032870374187544,-0.016302912478106,0.116203581020453,-0.124493639623778,-0.070644295343950,0.779162018222144,-0.361271854081589,-0.062986419963637,-0.530133795339040,0.061171719672582,1
16.070999999999998,0.975349736673798,-1.919686885879707,1.199570316557674,0.029779619359838,-0.034262017452507,-0.017083511260163,0.125258591638554,-0.128564214979055,-0.071255910997901,0.866205605030061,-0.378621336001130,-0.048343390145806,-0.529455204896486,0.062207579832602,1
16.079999999999998,0.975622933530212,-1.920000497300377,1.199413673569657,0.030942943244097,-0.035434611388203,-0.017726616507302,0.133358050118396,-0.132032107290607,-0.071639235545045,0.933022429893688,-0.391883028824809,-0.036922809528907,-0.528891536160389,0.063051616509340,1
16.090000000000003,0.975939189332501,-1.920361510919854,1.199232819801209,0.032324356364402,-0.036774760330477,-0.018444650623927,0.143040755160025,-0.136020634095605,-0.071947400659206,1.002733156348938,-0.405655172161682,-0.024810290866153,-0.528256346070036,0.063985756140435,1
16.100000000000001,0.976269754824339,-1.920736127708853,1.199044772277197,0.033806004026809,-0.038155466527812,-0.019165170712137,0.153397203761905,-0.140141905859712,-0.072137418370393,1.067790995385122,-0.418435845743088,-0.013290879859078,-0.527611833945996,0.064916023246672,1
16.109999999999999,0.976615661619670,-1.921124758871573,1.198849510845114,0.035392937810673,-0.039577672544862,-0.019887464628023,0.163946928916659,-0.144285828969277,-0.072346698697677,1.042216482979533,-0.410354701371047,-0.028491297278807,-0.526959435470975,0.065563268768613,1
16.119999999999997,0.976977960992263,-1.921527817945245,1.198647013494885,0.037084096351244,-0.041040914329397,-0.020612603999950,0.174242776786384,-0.148349118825779,-0.072705774839461,1.017014980493475,-0.402309238513079,-0.043250871026094,-0.526300576630403,0.066208096356806,1
16.130000000000003,0.977357682557850,-1.921945711261839,1.198437244355423,0.038876959470439,-0.042544387337290,-0.021342064826614,0.184288460756305,-0.152332133541815,-0.073210263171024,0.992183147391217,-0.394299716257506,-0.057574559901015,-0.525635281603618,0.066850506011253,1
16.140000000000001,0.977755830915494,-1.922378837125833,1.198220153014015,0.040769043957219,-0.044087290618453,-0.022077279518047,0.194087660874057,-0.156235233808797,-0.073855829547636,0.967717656694646,-0.386326391281556,-0.071467301102343,-0.524963574569957,0.067490497731952,1
16.149999999999999,0.978173386015597,-1.922827585850280,1.197995674949729,0.042757903234905,-0.045668826842508,-0.022819637389331,0.203644023985304,-0.160058782872865,-0.074638189088551,0.943615194983162,-0.378389517851320,-0.084934010227609,-0.524285479708758,0.068128071518904,1
16.159999999999997,0.978611303524585,-1.923292339793134,1.197763731961910,0.044841127029826,-0.047288202324211,-0.023570485152163,0.212961163869284,-0.163803146510759,-0.075553105960989,0.919872462393746,-0.370489347821783,-0.097979581273059,-0.523601021199358,0.068763227372109,1
16.170000000000002,0.979070515186288,-1.923773473393829,1.197524232593763,0.047016341041339,-0.048944627048638,-0.024331127404252,0.222042661374398,-0.167468693005718,-0.076596393164130,0.896486172620928,-0.362626130636805,-0.110608886633678,-0.522910223221095,0.069395965291567,1
16.180000000000000,0.979551929180023,-1.924271353210104,1.197277072551053,0.049281206613191,-0.050637314696128,-0.025102827116555,0.230892064553761,-0.171055793123356,-0.077763912313092,0.873453052916853,-0.354800113329150,-0.122826777103148,-0.522213109953306,0.070026285277277,1
16.191000000000003,0.980108183793954,-1.924838790777960,1.196996208761556,0.051873358304966,-0.052540220863368,-0.025965925204153,0.240362533755734,-0.174911443202427,-0.079186791316190,0.848520643232610,-0.346234752033008,-0.135797035416940,-0.521439020057375,0.070716844548081,1
16.200000000000003,0.980584881183874,-1.925318778534586,1.196759291556021,0.054070714072597,-0.054128352105961,-0.026684245580217,0.247908616984900,-0.177996149556398,-0.080455334692613,0.828433300511136,-0.339260654421217,-0.146047608537117,-0.520800034266500,0.071279671447457,1
16.210000000000001,0.981138120871546,-1.925869018300786,1.196488401659878,0.056590839765040,-0.055925234234976,-0.027496233985203,0.256078459769534,-0.181375992597428,-0.081955485188424,0.805596201730767,-0.336690495406810,-0.153931002542134,-0.520082756362328,0.072175359527814,1
16.219999999999999,0.981716966517307,-1.926437395447719,1.196209315571101,0.059191528110390,-0.057755784548225,-0.028323612931964,0.264021754113866,-0.184729613341697,-0.083532931350507,0.783123031749810,-0.334016499229183,-0.161507378076252,-0.519356538073127,0.073067748453423,1
16.229999999999997,0.982322212480772,-1.927024245328883,1.195921875570499,0.061870531762676,-0.059619735661261,-0.029167140089793,0.271742121909517,-0.188055982526754,-0.085184622053370,0.761010313759023,-0.331240486162312,-0.168780544050378,-0.518621412390443,0.073956838224284,1
16.240000000000002,0.982954630828615,-1.927629900572770,1.195625916514114,0.064625639421249,-0.061516809987868,-0.030027542806883,0.279243150353990,-0.191354089046025,-0.086907544172653,0.739254585743701,-0.328364267107275,-0.175754291779469,-0.517877412305823,0.074842628840398,1
16.250000000000000,0.983614971693285,-1.928254690981756,1.195321266134525,0.067454675484579,-0.063446719921151,-0.030905518489454,0.286528392098601,-0.194622939855076,-0.088698722409162,0.717852400483742,-0.325389643592257,-0.182432394982516,-0.517124570810817,0.075725120301762,1
16.259999999999998,0.984303963628275,-1.928898943432797,1.195007745338391,0.070355499705537,-0.065409168013695,-0.031801734979127,0.293601365396451,-0.197861559877895,-0.090555219112915,0.696800325553548,-0.322318407772540,-0.188818609782567,-0.516362920896971,0.076604312608379,1
16.270000000000003,0.985022313959949,-1.929562981779919,1.194685168500208,0.073326006848152,-0.067403847156776,-0.032716830928537,0.300465554250359,-0.201068991913161,-0.092474134107182,0.676094943322076,-0.319152342430506,-0.194916674706717,-0.515592495555832,0.077480205760247,1
16.280000000000001,0.985770709135941,-1.930247126758496,1.194353343752335,0.076364126345839,-0.069430440758634,-0.033651416175183,0.307124408560792,-0.204244296540505,-0.094452604512522,0.655732850952881,-0.315893220975647,-0.200730310686092,-0.514813327778948,0.078352799757367,1
16.289999999999999,0.986549815070148,-1.930951695891310,1.194012073271280,0.079467821961131,-0.071488622921827,-0.034606072113525,0.313581344273838,-0.207386552026794,-0.096487804570827,0.635710660404028,-0.312542807444548,-0.206263221055879,-0.514025450557867,0.079222094599739,1
16.299999999999997,0.987360277484325,-1.931677003396376,1.193661153560275,0.082635091446862,-0.073578058619622,-0.035581352065314,0.319839743529136,-0.210494854232394,-0.098576945469359,0.616024998428149,-0.309102856500903,-0.211519091555304,-0.513228896884136,0.080088090287363,1
16.311000000000000,0.988288749329271,-1.932499164902235,1.193263747305850,0.086190191112913,-0.075911967619707,-0.036678696543539,0.326505178998445,-0.213830924497023,-0.100958307029015,0.595933148413746,-0.297478011234714,-0.221378095564624,-0.512345016437028,0.080617035295893,1
16.320000000000000,0.989077756421583,-1.933191068620166,1.192929523090719,0.089152653921474,-0.077848366453252,-0.037596392407501,0.331795636419085,-0.216465811755469,-0.102985690253337,0.579764344247978,-0.288067574000748,-0.229100201111131,-0.511617522643162,0.081047977596570,1
16.329999999999998,0.989985968629512,-1.933980423153902,1.192548371351514,0.092499302550795,-0.080027254983639,-0.038637842906812,0.337504617524132,-0.219294644103398,-0.105318111661432,0.562081141928679,-0.277717434000914,-0.237321514346099,-0.510804656711058,0.081524869770970,1
16.340000000000003,0.990927929837881,-1.934791706294166,1.192156687131627,0.095902161745157,-0.082233916182167,-0.039703022449650,0.343038239597081,-0.222020530330850,-0.107730877375905,0.544692041880062,-0.267478262632810,-0.245169877494113,-0.509987032028810,0.081999727625235,1
16.350000000000001,0.991904193433282,-1.935625190638807,1.191754229185363,0.099359492569810,-0.084467326127334,-0.040792715912988,0.348399428804419,-0.224644577507126,-0.110220282310087,0.527594075081097,-0.257349536609051,-0.252650169493512,-0.509164668939620,0.082472551159365,1
16.359999999999999,0.992915295558772,-1.936481138601724,1.191340748602698,0.102869585203445,-0.086726471942185,-0.041907671366487,0.353591081689079,-0.227167887472113,-0.112782670049627,0.510784285839773,-0.247330733333360,-0.259767245868324,-0.508337587786690,0.082943340373360,1
16.369999999999997,0.993961755403533,-1.937359802523052,1.190915989174924,0.106430758642619,-0.089010351742042,-0.043048600558054,0.358616065303714,-0.229591556843192,-0.115414432618338,0.494259731793142,-0.237421330900603,-0.266525938728252,-0.507505808913220,0.083412095267220,1
16.380000000000003,0.995044075489574,-1.938261424778823,1.190479687755450,0.110041360407520,-0.091317974582321,-0.044216179397048,0.363477217343998,-0.231916677022146,-0.118112010244063,0.478017483907298,-0.227620808096770,-0.272931056768676,-0.506669352662412,0.083878815840945,1
16.390999999999998,0.996276625887366,-1.939280003358961,1.189986103084874,0.114068174359032,-0.093882613544333,-0.045532059917880,0.368638610162529,-0.234361781118306,-0.121151172112760,0.460473595352587,-0.216965367760556,-0.279574018230918,-0.505743872695310,0.084389858832286,1
16.399999999999999,0.997318224837371,-1.940134464631630,1.189571373796686,0.117404379857305,-0.096000539993580,-0.046633813344887,0.372719231498998,-0.236275609374296,-0.123690611193170,0.446368257127721,-0.208344319975566,-0.284699686100883,-0.504982489401589,0.084806154027988,1
16.410000000000004,0.998510978321708,-1.941106318298947,1.189098803523359,0.121153622618512,-0.098373618444360,-0.047885017946570,0.377102644963381,-0.238330593770843,-0.126556538360804,0.430362738362375,-0.202652126192553,-0.288437286540419,-0.504131087652877,0.085473741483322,1
16.420000000000002,0.999741440748793,-1.942102004551189,1.188613577296803,0.124945904055827,-0.100766962089258,-0.049165063871320,0.381327447176281,-0.240328644497871,-0.129458394688323,0.414645493086005,-0.196957712154599,-0.291886215578094,-0.503273023656543,0.086138603552318,1
16.430000000000000,1.001010034622742,-1.943121723193277,1.188115404955269,0.128779652419096,-0.103180001493155,-0.050474296046828,0.385396505484153,-0.242269743126720,-0.132393314351469,0.399213446004235,-0.191261831780576,-0.295050647642316,-0.502408324666452,0.086800740234977,1
16.439999999999998,1.002317166873025,-1.944165668334984,1.187603993030324,0.132653324478102,-0.105612167074251,-0.051813030950912,0.389312656552298,-0.244153878742151,-0.135358473164560,0.384063536181133,-0.185565233835784,-0.297934736019618,-0.501537017936466,0.087460151531299,1
16.450000000000003,1.003663229138134,-1.945234028389841,1.187079045029275,0.136565405216480,-0.108062889178952,-0.053181557026845,0.393078706508452,-0.245981047890812,-0.138351088369071,0.369192717039193,-0.179868661931941,-0.300542612854663,-0.500659130720447,0.088116837441284,1
16.460000000000001,1.005048598046195,-1.946326986074796,1.186540261713450,0.140514407527040,-0.110531598156218,-0.054580135096567,0.396697431086361,-0.247751254529694,-0.141368418422205,0.354597956359372,-0.174172854527201,-0.302878389150240,-0.499774690272261,0.088770797964932,1
16.469999999999999,1.006473635492544,-1.947444718410608,1.185987341372348,0.144498871908568,-0.113017724431420,-0.056008998771790,0.400171575769381,-0.249464509974607,-0.144407762785495,0.340276236281032,-0.168478544926126,-0.304946154767269,-0.498883723845770,0.089422033102243,1
16.479999999999997,1.007938688914278,-1.948587396722976,1.185419980093696,0.148517366164027,-0.115520698579667,-0.057468354862982,0.403503855934049,-0.251120832848637,-0.147466461713367,0.326224553301977,-0.162786461279707,-0.306749978424801,-0.497986258694837,0.090070542853217,1
16.490000000000002,1.009444091561794,-1.949755186644405,1.184837872029427,0.152568485100213,-0.118039951398620,-0.058958383786241,0.406696956993678,-0.252720249030614,-0.150541896041733,0.312439918278436,-0.157097326585352,-0.308293907700014,-0.497082322073326,0.090716327217854,1
16.500000000000000,1.010990162767323,-1.950948248116786,1.184240709657599,0.156650850228828,-0.120574913980788,-0.060479239968044,0.409753534541924,-0.254262791603570,-0.153631486976561,0.298919356425102,-0.151411858686907,-0.309581969028212,-0.496171941235101,0.091359386196154,1
16.509999999999998,1.012577208178734,-1.952166735681773,1.183628184444016,0.160763096770459,-0.123125132452002,-0.062030890994620,0.412672410223885,-0.255782822084281,-0.156684441573225,0.284901170853446,-0.152563572231246,-0.301015916748763,-0.495253421541303,0.092343912758935,1
16.520000000000003,1.014205519674305,-1.953410801617307,1.182999991498368,0.164903835686439,-0.125690605758781,-0.063612643962950,0.415452460863739,-0.257313454384154,-0.159651945342493,0.271153857159171,-0.153532686093582,-0.292491873620810,-0.494325075776011,0.093324600495057,1
16.530999999999999,1.016044656064848,-1.954808999854511,1.182290529105776,0.169489917216292,-0.128530360884606,-0.065386322756819,0.418353388076814,-0.259007233084674,-0.162818007787576,0.256341162713604,-0.154391119540662,-0.283164445993119,-0.493292592138010,0.094398923159998,1
16.539999999999999,1.017587039414631,-1.955976281671726,1.181695423898124,0.173265318411484,-0.130867686634413,-0.066863050364284,0.420606833767278,-0.260399303662750,-0.165332293310218,0.244460106005459,-0.154934198302867,-0.275571484371301,-0.492439059584010,0.095274459487321,1
16.549999999999997,1.019340763140847,-1.957298004346029,1.181018481201591,0.177483392796807,-0.133479434400374,-0.068530011765236,0.422986456256145,-0.261950979295319,-0.168045994333079,0.231507832898251,-0.155372103198679,-0.267175962873261,-0.491481465933834,0.096243630743464,1
16.560000000000002,1.021136784444166,-1.958645922147575,1.180324734603437,0.181724620125423,-0.136106717946776,-0.070223691126298,0.425237854425670,-0.263506173773008,-0.170675958096130,0.218814760372907,-0.155638421510212,-0.258824099773765,-0.490514199765229,0.097208963172949,1
16.570000000000000,1.022975328485881,-1.960020190581624,1.179613921103631,0.185987731066040,-0.138749563928094,-0.071943253264509,0.427363605851453,-0.265063184832001,-0.173222623197533,0.206378004656484,-0.155735871295443,-0.250516297232174,-0.489537299466463,0.098170456775773,1
16.579999999999998,1.024856607862378,-1.961420965335324,1.178885786031973,0.190271481919172,-0.141407982111843,-0.073687867402934,0.429366259339473,-0.266620337318632,-0.175686432236745,0.194194695596381,-0.155667156525770,-0.242252953346867,-0.488550803425803,0.099128111551937,1
16.590000000000003,1.026780822860007,-1.962848402110190,1.178140083003840,0.194574654330113,-0.144081965648964,-0.075456707210469,0.431248335062282,-0.268175983048515,-0.178067831773901,0.182261976660366,-0.155434967086009,-0.234034462155258,-0.487554750031513,0.100081927501443,1
16.600000000000001,1.028748161707103,-1.964302656457280,1.177376573875522,0.198896055003271,-0.146771491342807,-0.077248950841242,0.433012324695208,-0.269728500665678,-0.180367272289203,0.170577004936599,-0.155041978774395,-0.225861213633820,-0.486549177671862,0.101031904624289,1
16.609999999999999,1.030758800828518,-1.965783883382517,1.176595028291338,0.203234517562569,-0.149476427028215,-0.079063943870668,0.434661334858132,-0.271248495062429,-0.182633956780383,0.159265573208950,-0.148957180621821,-0.227435188434378,-0.485535626656348,0.101677837805707,1
16.619999999999997,1.032812905150908,-1.967292234650272,1.175795219190398,0.207588908694508,-0.152196258449168,-0.080901678410163,0.436198442288310,-0.272707651271434,-0.184915172547119,0.148195980633871,-0.142874480263950,-0.228768109319698,-0.484515630129208,0.102321006949306,1
16.630000000000003,1.034910628405052,-1.968827856176376,1.174976918471051,0.211958121416005,-0.154930377342562,-0.082762287783761,0.437626051068439,-0.274105994431734,-0.187208528233283,0.137365367823053,-0.136794708912082,-0.229863809472414,-0.483489215730821,0.102961412055084,1
16.640000000000001,1.037052113371620,-1.970390887795423,1.174139896817342,0.216341072642065,-0.157678175738131,-0.084645881593246,0.438946536758662,-0.275443557964261,-0.189511670711920,0.126770889654913,-0.130718691734138,-0.230726101546312,-0.482456411101566,0.103599053123041,1
16.649999999999999,1.039237492118744,-1.971981463264112,1.173283923934314,0.220736702901282,-0.160439046040988,-0.086552546099428,0.440162246539244,-0.276720383511416,-0.191822284879976,0.116409715274554,-0.124647247854637,-0.231358777666327,-0.481417243881820,0.104233930153178,1
16.660000000000004,1.041466886236727,-1.973599710265415,1.172408768779525,0.225143976052751,-0.163212381113520,-0.088482344601350,0.441275499353234,-0.277936520876624,-0.194138093453002,0.106279028093782,-0.118581190354708,-0.231765609428547,-0.480371741711961,0.104866043145495,1
16.670000000000002,1.043740407069937,-1.975245750413549,1.171514199790785,0.229561879004394,-0.165997574356701,-0.090435317813445,0.442288586049129,-0.279092027963906,-0.196456856759860,0.096376025791134,-0.112521326272101,-0.231950347900210,-0.479319932232369,0.105495392099991,1
16.680000000000000,1.046058155945904,-1.976919699259774,1.170599985110113,0.233989421432750,-0.168794019790798,-0.092411484240649,0.443203769523549,-0.280186970717443,-0.198776372537446,0.086697920311830,-0.106468456601161,-0.231916723619704,-0.478261843083421,0.106121977016667,1
16.689999999999998,1.048420224401600,-1.978621666298980,1.169665892803975,0.238425635504157,-0.171601112135470,-0.094410840551450,0.444023284863897,-0.281221423061142,-0.201094475725392,0.077241937867801,-0.100423376292850,-0.231668446596569,-0.477197501905495,0.106745797895523,1
16.700000000000003,1.050826694406956,-1.980351754977085,1.168711691079784,0.242869575597377,-0.174418246889260,-0.096433361948894,0.444749339491033,-0.282195466838206,-0.203409038260786,0.068005318937681,-0.094386874254732,-0.231209206311486,-0.476126936338970,0.107366854736558,1
16.710000000000001,1.053277638494777,-1.982110062784820,1.167737149334668,0.247320281753160,-0.177244854600916,-0.098478668659842,0.445373257912106,-0.283119424090207,-0.205618055181370,0.056825008361139,-0.090396057579247,-0.210659897154346,-0.475049907735551,0.108038372040225,1
16.719999999999999,1.055773118988323,-1.983896682200283,1.166742047480080,0.251776672727359,-0.180080501498666,-0.100545044631312,0.445886766691334,-0.284003220123595,-0.207623544527813,0.045922808303423,-0.086354880729777,-0.190503085658303,-0.473966178776305,0.108706925901927,1
16.729999999999997,1.058313187261503,-1.985711701598939,1.165726184934532,0.256237658270930,-0.182924783477296,-0.102630474151925,0.446292629495712,-0.284846358826797,-0.209429413125908,0.035295234102154,-0.082264840163188,-0.170735144052967,-0.472875779095653,0.109372516321663,1
16.740000000000002,1.060897883923340,-1.987555205290653,1.164689381078906,0.260702175597566,-0.185777291545141,-0.104732980397410,0.446593575234894,-0.285648359005505,-0.211039531595547,0.024938818951231,-0.078127422875033,-0.151352458928642,-0.471778738328012,0.110035143299435,1
16.750000000000000,1.063527239090857,-1.989427273471552,1.163631474869403,0.265169189037004,-0.188637611972783,-0.106850625069258,0.446792298239754,-0.286408754288058,-0.212457734494326,0.014850113900867,-0.073944106399563,-0.132351431236383,-0.470675086107804,0.110694806835241,1
16.759999999999998,1.066201272658522,-1.991327982177403,1.162552324454077,0.269637689690150,-0.191505326440809,-0.108981508034831,0.446891458440951,-0.287127093030832,-0.213687820461158,0.005025687857536,-0.069716358809713,-0.113728476287914,-0.469564852069447,0.111351506929083,1
16.770000000000003,1.068919994564238,-1.993257403238439,1.161451806792972,0.274106695085958,-0.194380012186619,-0.111123766968881,0.446893681547487,-0.287802938223628,-0.214733552359877,-0.004537872415997,-0.065445638717105,-0.095480023755670,-0.468448065847361,0.112005243580959,1
16.780999999999999,1.071962203699182,-1.995413009705911,1.160216433892656,0.279022043324475,-0.197549708512140,-0.113491214160467,0.446787256762220,-0.288496784097356,-0.215675375891976,-0.014760540607117,-0.060699942653163,-0.075835032643035,-0.467212068599542,0.112720931122553,1
16.789999999999999,1.074491494930619,-1.997202648458574,1.159186269379413,0.283042420315447,-0.200148585119429,-0.115435150337627,0.446617649275704,-0.289025472517909,-0.216286827394548,-0.022895959321117,-0.056781068163594,-0.060092416433260,-0.466194955389684,0.113303826558816,1
16.799999999999997,1.077344245830409,-1.999218594864423,1.158021094238219,0.287507304284297,-0.203041605873293,-0.117600735952684,0.446344475814190,-0.289571359914588,-0.216801718675237,-0.031697223145732,-0.052390087619393,-0.042946192791523,-0.465058690422932,0.113948672884797,1
16.810000000000002,1.080241630515349,-2.001263498261265,1.156834239880636,0.291969044815663,-0.205939954189165,-0.119770802239858,0.445991775853760,-0.290099744328861,-0.217201728709602,-0.038810029978067,-0.053254782945126,-0.037060172529875,-0.463914258731367,0.114936959460008,1
16.820000000000000,1.083183613793298,-2.003337411696627,1.155625665839590,0.296426905970024,-0.208843626396151,-0.121944574764596,0.445568925613479,-0.290635820700606,-0.217543010250586,-0.045727716688869,-0.053929015815471,-0.031200589519506,-0.462759965353089,0.115921010227722,1
16.829999999999998,1.086170153395384,-2.005440388762406,1.154395337984699,0.300880195956891,-0.211752689944300,-0.124121467573347,0.445077863190701,-0.291177700476828,-0.217825830524120,-0.052452901717772,-0.054415997593573,-0.025368013573143,-0.461595852646172,0.116900825187939,1
16.840000000000003,1.089201200231302,-2.007572483631111,1.153143228031659,0.305328242236061,-0.214667193558405,-0.126300897413223,0.444520500568351,-0.291723527129704,-0.218050462428131,-0.058988189511881,-0.054718921950096,-0.019563009277246,-0.460421962968688,0.117876404340661,1
16.850000000000001,1.092276698580499,-2.009733750870200,1.151869313514962,0.309770391257160,-0.217587167557366,-0.128482283788453,0.443898723754843,-0.292271475979652,-0.218217184480281,-0.065336170525761,-0.054840964863221,-0.013786135992015,-0.459238338678716,0.118847747685885,1
16.859999999999999,1.095396586280799,-2.011924245259618,1.150573577760033,0.314206008200620,-0.220512624171794,-0.130665049016326,0.443214392924008,-0.292819754018409,-0.218326280765701,-0.071499421221467,-0.054785284618647,-0.008037947851368,-0.458045022134330,0.119814855223613,1
16.871000000000002,1.098879650612861,-2.014367611862739,1.149123052047166,0.319076907224216,-0.223736951731734,-0.133066997387930,0.442391567807731,-0.293421138642702,-0.218380074720375,-0.078068691359128,-0.054522513872576,-0.001748727203990,-0.456721229936017,0.120873781157456,1
16.880000000000003,1.101769249991359,-2.016393134598965,1.147916604620887,0.323055198685833,-0.226379945621239,-0.135032419696410,0.441665381572322,-0.293910282924354,-0.218372759900652,-0.083281967543922,-0.054153299336781,0.003370182591848,-0.455629481714611,0.121736362876580,1
16.890000000000001,1.105021871130419,-2.018671638573207,1.146555362583793,0.327467593930593,-0.229321747309626,-0.137215884344592,0.440804293485545,-0.294449104539292,-0.218310738287436,-0.088906346132133,-0.053583222408474,0.009029042757924,-0.454407342555429,0.122690762991818,1
16.899999999999999,1.108318572237430,-2.020979587403476,1.145172289943162,0.331871099995437,-0.232268905943037,-0.139398446345579,0.439887836529442,-0.294981396484690,-0.218192281877466,-0.094356160325100,-0.052847878540435,0.014657053506442,-0.453175680574133,0.123640927299560,1
16.909999999999997,1.111659261518110,-2.023317034377721,1.143767399285751,0.336265106757272,-0.235221376944112,-0.141579245869155,0.438898253271728,-0.295514187015047,-0.217928816424586,-0.103513761593121,-0.053677903694579,0.037941002410979,-0.451935150994040,0.124464377186485,1
16.920000000000002,1.115043839872632,-2.025684032831788,1.142340717663326,0.340648764464031,-0.238179214132924,-0.143756256019017,0.437818489730937,-0.296054313504070,-0.217435352440855,-0.112392832217244,-0.054315611900876,0.060657766957295,-0.450686405261057,0.125284157877116,1
16.930000000000000,1.118472199347695,-2.028080636762433,1.140892294375274,0.345021185177962,-0.241142481307297,-0.145927205068452,0.436651312787039,-0.296599869001387,-0.216717531595221,-0.120997054307781,-0.054764244009658,0.082813377693654,-0.449429480067151,0.126100269371451,1
16.939999999999998,1.121944223248358,-2.030506900709584,1.139422201157164,0.349381508446334,-0.244111223357304,-0.148089877406354,0.435399452594410,-0.297148978875992,-0.215780935382511,-0.129330090873106,-0.055027023042984,0.104413838895709,-0.448164412104283,0.126912711669490,1
16.950000000000003,1.125459786411052,-2.032962879568876,1.137930531622606,0.353728900935127,-0.247085466587558,-0.150242112936786,0.434065602772850,-0.297699800637956,-0.214631085386158,-0.137395585819631,-0.055107154194637,0.125465128566454,-0.446891238064415,0.127721484771235,1
16.960000000000001,1.129018755472932,-2.035448628407396,1.136417400711085,0.358062556064634,-0.250065219037733,-0.152381806481180,0.432652420598609,-0.298250523760146,-0.213273443540932,-0.145197163951794,-0.055007824830125,0.145973198436180,-0.445609994639512,0.128526588676684,1
16.969999999999999,1.132620989137627,-2.037964202282633,1.134882944141761,0.362381693646996,-0.253050470801307,-0.154506907183172,0.431162527195398,-0.298799369499943,-0.211713412395660,-0.152738430972091,-0.054732204486680,0.165943973962561,-0.444320718521536,0.129328023385838,1
16.979999999999997,1.136266338437339,-2.040509656064603,1.133327317873223,0.366685559525625,-0.256041194342509,-0.156615417916051,0.429598507725416,-0.299344590720960,-0.209956335375957,-0.160022973481053,-0.054283444873261,0.185383354330597,-0.443023446402450,0.130125788898696,1
16.990000000000002,1.139954646991368,-2.043085044261133,1.131750697569133,0.370973425216543,-0.259037344811497,-0.158705394692839,0.427962911580364,-0.299884471714758,-0.208007497046948,-0.167054358977258,-0.053664679870548,0.204297212452641,-0.441718214974216,0.130919885215260,1
17.000000000000000,1.143685751261044,-2.045690420846279,1.130153278069775,0.375244587551623,-0.262038860357733,-0.160774946078999,0.426258252572469,-0.300417328022562,-0.205872123376005,-0.173836135857309,-0.052879025530950,0.222691394968346,-0.440405060928799,0.131710312335528,1
17.011000000000003,1.147839191528271,-2.048591034886320,1.128372347643853,0.379922817829511,-0.265346503769208,-0.163026123177643,0.424320674904412,-0.300959081451033,-0.203437881583942,-0.178415708862377,-0.045623572594031,0.219921569300510,-0.438952926007584,0.132313653437555,1
17.020000000000003,1.151275660088197,-2.050991347626193,1.126896899955002,0.383734429109800,-0.268056903212543,-0.164848186789162,0.422698666297575,-0.301343015377279,-0.201468386141564,-0.182007575277578,-0.039696531591590,0.217759583190672,-0.437759891385189,0.132804773076975,1
17.030000000000001,1.155134108816330,-2.053686990151074,1.125238380864069,0.387952250861760,-0.271072208562247,-0.166852021376290,0.420859301144061,-0.301707096329796,-0.199302354626412,-0.185837389576061,-0.033121607401586,0.215465545407519,-0.436429126192051,0.133347798313664,1
17.039999999999999,1.159034643162418,-2.056412802838175,1.123559931351192,0.392151490267069,-0.274090826174132,-0.168834308475684,0.418982475429382,-0.302005488101302,-0.197158701955295,-0.189500126368343,-0.026558855748672,0.213283491439366,-0.435092944763659,0.133888020127665,1
17.051000000000002,1.163373615741477,-2.059446078749975,1.121690873041613,0.396748754320870,-0.277414347993812,-0.170990197054637,0.416876677800193,-0.302257999336425,-0.194825207170860,-0.193339295433754,-0.019355031650801,0.211010267902368,-0.433616922899559,0.134479026169860,1
17.060000000000002,1.166961214452916,-2.061955051503776,1.120144096430647,0.400492773300824,-0.280135374428742,-0.172735102091977,0.415123046676322,-0.302405719737289,-0.192934111733006,-0.196334854310025,-0.013473695250294,0.209247618399488,-0.432404445338021,0.134960053487599,1
17.070000000000000,1.170986865481423,-2.064771527507784,1.118407133500024,0.404634133413096,-0.283159996571191,-0.174654012228094,0.413143680522484,-0.302507841200350,-0.190851011519426,-0.199512050801872,-0.006953179479709,0.207389969477571,-0.431052183409230,0.135491865033532,1
17.079999999999998,1.175053830619771,-2.067618253753191,1.116651085317814,0.408755543625839,-0.286185314164580,-0.176552182497901,0.411133327881330,-0.302544836523374,-0.188785964597670,-0.202532580472418,-0.000448622395961,0.205636644670264,-0.429694617382093,0.136020873156777,1
17.090000000000003,1.179161908845649,-2.070495233940899,1.114876158397321,0.412856701864717,-0.289210676760928,-0.178429788249601,0.409093542585494,-0.302516869934807,-0.186737937168571,-0.205399007897483,0.006039048986739,0.203985757476558,-0.428331775290836,0.136547077857332,1
17.100000000000001,1.183310896193257,-2.073402465275691,1.113082557549750,0.416937321465736,-0.292235435600753,-0.180286994587535,0.407025852898046,-0.302424114894193,-0.184705914241127,-0.208113882414718,0.012508915463454,0.202435432765092,-0.426963685169688,0.137070479135198,1
17.109999999999999,1.187500585708902,-2.076339938222724,1.111270486772695,0.420997052149504,-0.295258839523619,-0.182123642257984,0.404908194814204,-0.302235581472164,-0.182594858152122,-0.215367383817357,0.025161866195150,0.219692547841580,-0.425592059969635,0.137254301063257,1
17.119999999999997,1.191730765452114,-2.079307633682451,1.109440157927165,0.425035248593334,-0.298279729048375,-0.183938324811247,0.402719504600497,-0.301921592974180,-0.180313718325519,-0.222321070705510,0.037600195604843,0.236453149632732,-0.424218604344669,0.137436564117721,1
17.131000000000000,1.196430467987246,-2.082606967867962,1.107405980828341,0.429451563549939,-0.301598319501879,-0.185907106941229,0.400233452940780,-0.301433856568665,-0.177613907304060,-0.229629283023577,0.051036364723087,0.254323262994539,-0.422705707621588,0.137635252978628,1
17.140000000000001,1.200311713438270,-2.085333554284057,1.105725654837320,0.433044286659993,-0.304309010822314,-0.187495139203421,0.398140883584485,-0.300925787989696,-0.175260873967524,-0.235347217793048,0.061839335311038,0.268507995048712,-0.421466264174942,0.137796413605862,1
17.149999999999999,1.204662023867563,-2.088391679880675,1.103841985796619,0.437013825592754,-0.307314979131185,-0.189234065461772,0.395756767254033,-0.300248200543126,-0.172498868252338,-0.241428720774279,0.073643306405831,0.283813760631908,-0.420087410807654,0.137974000039539,1
17.159999999999997,1.209051909478578,-2.091479829322382,1.101941068124781,0.440959224001168,-0.310313584845244,-0.190944614289627,0.393313248262585,-0.299453616193481,-0.169586176983054,-0.247228494804727,0.085238977775218,0.298646056846528,-0.418706789370397,0.138150027599621,1
17.170000000000002,1.213481125942711,-2.094597923168034,1.100023193051715,0.444879901870703,-0.313303668384284,-0.192625302409930,0.390813121599038,-0.298544110090285,-0.166527506369930,-0.252750995629828,0.096627918190251,0.313010575785317,-0.417324415451907,0.138324496286107,1
17.180000000000000,1.217949423270210,-2.097745870484181,1.098088666405739,0.448775306914359,-0.316284090841225,-0.194274693323582,0.388259137826131,-0.297521741718608,-0.163327505840077,-0.258000652736812,0.107811691770710,0.326912981986404,-0.415940304640920,0.138497406098998,1
17.189999999999998,1.222456546085253,-2.100923569051020,1.096137808148630,0.452644914129734,-0.319253733825714,-0.195891396742988,0.385654003343016,-0.296388554945575,-0.159990768312989,-0.262981869354721,0.118791857985163,0.340358912433371,-0.414554472526173,0.138668757038294,1
17.200000000000003,1.227002233896583,-2.104130905566778,1.094170951916335,0.456488225358695,-0.322211499308177,-0.197474068028360,0.383000380647845,-0.295146578066883,-0.156521830476098,-0.267699022454402,0.129569971650923,0.353353976555210,-0.413166934696399,0.138838549103994,1
17.210000000000001,1.231586221423239,-2.107367756400513,1.092188444374794,0.460304792591196,-0.325156529116394,-0.199021483698141,0.380307983757975,-0.293863550183459,-0.152947929186286,-0.270748331687925,0.127069949046834,0.361378608969965,-0.411774989045304,0.139550001324659,1
17.219999999999999,1.236208239502138,-2.110633993789050,1.090190642697169,0.464094286578615,-0.328088850227128,-0.200532763876636,0.377586049249555,-0.292604498053367,-0.149295206142173,-0.273607069670173,0.124774236887271,0.369118887227144,-0.410375946265717,0.140257974802267,1
17.229999999999997,1.240868015955577,-2.113929491810295,1.088177912132208,0.467856421421054,-0.331008692240716,-0.202007134508094,0.374836467160480,-0.291367396061547,-0.145566488116757,-0.276278368269089,0.122679340648581,0.376578162465069,-0.408969841145069,0.140962469536818,1
17.240000000000002,1.245565275840843,-2.117254126737463,1.086150625528433,0.471590929962709,-0.333916264675737,-0.203443849637195,0.372061096301637,-0.290150253437572,-0.141764568448974,-0.278765341017454,0.120781785927381,0.383759770356598,-0.407556708470790,0.141663485528312,1
17.250000000000000,1.250299741636073,-2.120607776839984,1.084109163054815,0.475297563480508,-0.336811757316445,-0.204842191075479,0.369261764440269,-0.288951114054453,-0.137892207198369,-0.281071083112884,0.119078118440557,0.390667031109106,-0.406136583030312,0.142361022776749,1
17.259999999999998,1.255071133423059,-2.123990322187910,1.082053911924751,0.478976091374603,-0.339695340558207,-0.206201468069332,0.366440268483311,-0.287768056227426,-0.133952131299732,-0.283198671417840,0.117564904025262,0.397303249464517,-0.404709499611066,0.143055081282129,1
17.270000000000003,1.259879169066928,-2.127401644459731,1.079985266123381,0.482626300860678,-0.342567165750920,-0.207521016969509,0.363598374660751,-0.286599192512753,-0.129947034717761,-0.285151164459620,0.116238728638916,0.403671714699284,-0.403275493000480,0.143745661044452,1
17.280999999999999,1.265209992710497,-2.131187196821322,1.077694763065820,0.486608590988810,-0.345712750679261,-0.208925875493516,0.360450802617186,-0.285327625599559,-0.125469504694649,-0.287100299698845,0.114991915746435,0.410371678435131,-0.401690130961639,0.144501280834776,1
17.289999999999999,1.269604033359157,-2.134310153402134,1.075809398692885,0.489841000715860,-0.348276054207789,-0.210038409441669,0.357860306054155,-0.284296667643456,-0.121752391440104,-0.288543007187028,0.114133939384103,0.415618465585330,-0.400386849355016,0.145116384339927,1
17.299999999999997,1.274520288228834,-2.137807109790185,1.073702996484547,0.493405151850486,-0.351113328006936,-0.211235058284388,0.354967511995515,-0.283159400995672,-0.117568069215249,-0.289988382251447,0.113348598031818,0.421203252462175,-0.398932281894999,0.145796527873079,1
17.310000000000002,1.279472039636257,-2.141332381939363,1.071584838396756,0.496940265642404,-0.353939170786353,-0.212389400147889,0.352049158300821,-0.282000776419205,-0.113272698121249,-0.293641304711948,0.118375660226020,0.437766607702500,-0.397472332344284,0.146192980101865,1
17.320000000000000,1.284458995665318,-2.144885853747434,1.069455354393424,0.500446017338919,-0.356753176037288,-0.213499970534307,0.349095499930644,-0.280791902807346,-0.108814810539195,-0.297050017505905,0.123398217880950,0.453707918137217,-0.396008430336316,0.146587019324033,1
17.329999999999998,1.289480860970361,-2.148467404327462,1.067314990211812,0.503922066033853,-0.359554841513298,-0.214565175244374,0.346108958019724,-0.279532830806407,-0.104200585945563,-0.300218708738068,0.128415152408851,0.469035371048530,-0.394540600001160,0.146978645539585,1
17.340000000000003,1.294537336917025,-2.152076907772763,1.065164207223564,0.507368094823397,-0.362343665530174,-0.215583481464922,0.343091911950148,-0.278223622200692,-0.099436122154993,-0.303151540834248,0.133425354798861,0.483757111522242,-0.393068865468880,0.147367858748520,1
17.350000000000001,1.299628121820179,-2.155714233163079,1.063003481824923,0.510783810389864,-0.365119147076835,-0.216553416954380,0.340046699608148,-0.276864349816733,-0.094527435742256,-0.305852650541317,0.138427725616998,0.497881242447726,-0.391593250869544,0.147754658950837,1
17.359999999999999,1.304752911177731,-2.159379244571872,1.060833304835066,0.514168942588028,-0.367880785925284,-0.217473569232482,0.336975617640874,-0.275455097427513,-0.089480462464202,-0.308326148927214,0.143421175006183,0.511415824517986,-0.390113780333219,0.148139046146538,1
17.369999999999997,1.309911397900280,-2.163071801074692,1.058654180902524,0.517523244034004,-0.370628082739584,-0.218342584774202,0.333880921713193,-0.273995959656704,-0.084301057681738,-0.310576121380941,0.148404622686221,0.524368876229613,-0.388630477989970,0.148521020335622,1
17.380000000000003,1.315103272536696,-2.166791756758642,1.056466627919647,0.520846489696719,-0.373360539183892,-0.219159168207898,0.330764826764475,-0.272487041882894,-0.078994996781781,-0.312606627612564,0.153376997953815,0.536748373882809,-0.387143367969861,0.148900581518089,1
17.390999999999998,1.320852525734431,-2.170915173828755,1.054051217671033,0.524465948759951,-0.376348507238484,-0.219995375020165,0.327315000481131,-0.270769875234977,-0.073018837591780,-0.314591514830774,0.158832555943166,0.549712834457652,-0.385503177880207,0.149315311796160,1
17.399999999999999,1.325585937262822,-2.174313257140370,1.052068369134083,0.527399022878826,-0.378778943261057,-0.220630143250035,0.324477097474688,-0.269320341040602,-0.068025610838959,-0.316025351855071,0.163284296322901,0.559818401232623,-0.384157821419339,0.149652464863171,1
17.410000000000004,1.330876098643377,-2.178114485253186,1.049858759778291,0.530627979838785,-0.381463933305448,-0.221282386949243,0.321313089815826,-0.267672737033504,-0.062421072324325,-0.316748225620057,0.166242752779327,0.561052463096502,-0.382659176345016,0.150076130534821,1
17.420000000000002,1.336198391279626,-2.181942480391617,1.047642908408928,0.533825263360596,-0.384132298768647,-0.221878527230362,0.318142686730260,-0.265995363618880,-0.056805292866129,-0.317304968320993,0.169237919456905,0.562067137650415,-0.381156307197970,0.150497279407924,1
17.430000000000000,1.341552498144979,-2.185797074815332,1.045421376585795,0.536990817743519,-0.386783740146857,-0.222418462598622,0.314967533628484,-0.264287861426640,-0.051180449935307,-0.317698756627081,0.172268251833079,0.562865702428681,-0.379649239146186,0.150915911482481,1
17.439999999999998,1.346938101737573,-2.189678097771242,1.043194726775310,0.540124603582421,-0.389417954419616,-0.222902113170380,0.311789244255085,-0.262549886474854,-0.045548688314376,-0.317932747051723,0.175332216799078,0.563451417582026,-0.378137997357650,0.151332026758492,1
17.450000000000003,1.352354884241658,-2.193585375459118,1.040963522136032,0.543226597452124,-0.392034635203112,-0.223329420347096,0.308609400890289,-0.260781110055610,-0.039912120271259,-0.318010075952516,0.178428292659915,0.563827525877591,-0.376622607000345,0.151745625235957,1
17.460000000000001,1.357802527685817,-2.197518730998698,1.038728326307437,0.546296791593766,-0.394633472902339,-0.223700346491063,0.305429554551534,-0.258981218620878,-0.034272825733138,-0.317933859531256,0.181554969134385,0.563997252698929,-0.375103093242258,0.152156706914876,1
17.469999999999999,1.363280714098086,-2.201477984398355,1.036489703201910,0.549335193603190,-0.397214154862143,-0.224014874602864,0.302251225195012,-0.257149913668370,-0.028632852460265,-0.317707193833933,0.184710747355071,0.563963806046008,-0.373579481251376,0.152565271795249,1
17.479999999999997,1.368789125657937,-2.205462952525230,1.034248216799982,0.552341826121334,-0.399776365517098,-0.224273008000578,0.299075901917237,-0.255286911627404,-0.022994216219815,-0.317333154750738,0.187894139868341,0.563730376535205,-0.372051796195683,0.152971319877076,1
17.490000000000002,1.374327444845201,-2.209473449076881,1.032004430948743,0.555316726526644,-0.402319786540253,-0.224474770000711,0.295905043156595,-0.253391943744762,-0.017358900959711,-0.316814798016057,0.191103670634353,0.563300137399314,-0.370520063243163,0.153374851160356,1
17.500000000000000,1.379895354585893,-2.213509284554401,1.029758909163452,0.558259946629492,-0.404844096990734,-0.224620203600879,0.292740076894918,-0.251464755970562,-0.011728858982482,-0.316155159208475,0.194337875027038,0.562676244487541,-0.368984307561804,0.153775865645091,1
17.509999999999998,1.385492538375416,-2.217570266273116,1.027512213926316,0.561171544527635,-0.407348987887481,-0.224709573227062,0.289580052877206,-0.249509430906763,-0.006166464738905,-0.315825123832522,0.196733333490394,0.549837117941071,-0.367444864895866,0.154112282199482,1
17.520000000000003,1.391118680203833,-2.221656198733767,1.025264900981383,0.564051561126775,-0.409834205147288,-0.224743957424689,0.286424059770825,-0.247529967863111,-0.000731429918085,-0.315349482030349,0.199165223611718,0.537204003408085,-0.365902069624672,0.154446386696402,1
17.530000000000001,1.396773464483835,-2.225766883987072,1.023017513849220,0.566900043965917,-0.412299505593463,-0.224724619522997,0.283273538520326,-0.245526009926335,0.004578294921360,-0.314731254451262,0.201632066556237,0.524774766847043,-0.364355944868796,0.154778179135850,1
17.539999999999999,1.402456576175058,-2.229902121634388,1.020770583519209,0.569717054842813,-0.414744642553946,-0.224652802463339,0.280129899962569,-0.243497214916715,0.009764737931632,-0.313973441982900,0.204132394447846,0.512547284460984,-0.362806513748813,0.155107659517827,1
17.549999999999997,1.408167700925152,-2.234061708793484,1.018524628652376,0.572502669513867,-0.417169366008089,-0.224529729011567,0.276994525024351,-0.241443255278498,0.014829906078182,-0.313079025751234,0.206664750369100,0.500519442697563,-0.361253799385298,0.155434827842333,1
17.560000000000002,1.413906525207889,-2.238245440065791,1.016280155782084,0.575256977396027,-0.419573422732350,-0.224356601969385,0.273868764920011,-0.239363817970313,0.019775785242163,-0.312050967120567,0.209227688361216,0.488689138249034,-0.359697824898825,0.155759684109368,1
17.570000000000000,1.419672736458264,-2.242453107505083,1.014037659512625,0.577980081270637,-0.421956556444885,-0.224134604384681,0.270753941349064,-0.237258604355588,0.024604340322865,-0.310892207693533,0.211819773424067,0.477054278052285,-0.358138613409969,0.156082228318932,1
17.579999999999998,1.425466023204693,-2.246684500587634,1.011797622715706,0.580672096989294,-0.424318507949058,-0.223864899760831,0.267651346693797,-0.235127330092953,0.029317515340179,-0.309605669311100,0.214439581516195,0.465612779288787,-0.356576188039305,0.156402460471024,1
17.590000000000003,1.431286075198243,-2.250939406183767,1.009560516724855,0.583333153181655,-0.426659015275836,-0.223548632264982,0.264562244216899,-0.232969725026660,0.033917233537035,-0.308194254052565,0.217085699554803,0.454362569384617,-0.355010571907406,0.156720380565646,1
17.600000000000001,1.437132583538943,-2.255217608530837,1.007326801527749,0.585963390965222,-0.428977813825096,-0.223186926935311,0.261487868259078,-0.230785533076999,0.038405397481835,-0.306660844235561,0.219756725415746,0.443301586010486,-0.353441788134849,0.157035988602796,1
17.609999999999999,1.443005240815060,-2.259518889427303,1.005096925761114,0.588562969962561,-0.431274724240638,-0.222780967905877,0.258431306470116,-0.228600766061273,0.042760544386060,-0.304635726792405,0.217227051951055,0.427783109899428,-0.351868967810540,0.157527597765471,1
17.619999999999997,1.448903741394509,-2.263843030603621,1.002871324769502,0.591132086166745,-0.433549910446152,-0.222332227815863,0.255395465533945,-0.226440390103915,0.046962159516767,-0.302517065593896,0.214877959385364,0.412594585519438,-0.350291245749413,0.158016335966418,1
17.631000000000000,1.455421578792911,-2.268625731730531,1.000428602089199,0.593923182577538,-0.436027803676123,-0.221791013405669,0.252081074835897,-0.224090013785835,0.051410520700887,-0.300081291585098,0.212498571529715,0.396263690635718,-0.348550124241076,0.158550632026664,1
17.640000000000001,1.460777060322078,-2.272559031846249,0.998434612841256,0.596179786702190,-0.438036032247994,-0.221312447383849,0.249389617695659,-0.222185687572704,0.054917876608809,-0.298008469246541,0.210708273561931,0.383191951315135,-0.347121211255172,0.158985199483129,1
17.649999999999999,1.466751278100223,-2.276950466413309,0.996224297530040,0.598658821854433,-0.440247384867657,-0.220744347369201,0.246421388311873,-0.220087881542894,0.058678423457315,-0.295623172184715,0.208881109585094,0.368970169721046,-0.345528956241294,0.159465324798893,1
17.661000000000001,1.473351368204775,-2.281806456730980,0.993799740749740,0.601351626291903,-0.442655751903817,-0.220076872084716,0.243184407217989,-0.217800364447355,0.062652704652569,-0.292902104222055,0.207064497087389,0.353689436448064,-0.343771947963755,0.159990146685439,1
17.670000000000002,1.478773346291556,-2.285799154296399,0.991821628935235,0.603528454251412,-0.444607587587553,-0.219498839172708,0.240558589456266,-0.215942906493522,0.065780719451046,-0.290602053789758,0.205725865629728,0.341466643771427,-0.342330114228108,0.160416962545239,1
17.680000000000000,1.484820610438519,-2.290255993087555,0.989629985933050,0.605919553570146,-0.446756753265916,-0.218824181406420,0.237665659820716,-0.213892453304460,0.069128685078112,-0.287970773173607,0.204391337273136,0.328177344163655,-0.340723584648035,0.160888474975821,1
17.689999999999998,1.490891641373990,-2.294734221228640,0.987445254704611,0.608281856457229,-0.448885478495582,-0.218116703378186,0.234799432260487,-0.211854553758729,0.072345277346969,-0.285262011709096,0.203214606395516,0.315191348998386,-0.339112354298464,0.161357116444674,1
17.700000000000003,1.496986152481582,-2.299233634916689,0.985267756934262,0.610615633770229,-0.450993880976082,-0.217377703718598,0.231960670421599,-0.209827645764597,0.075433510640474,-0.282477999183862,0.202192499783275,0.302504929198449,-0.337496451889013,0.161822886951800,1
17.710000000000001,1.503103859876699,-2.303754030587018,0.983097800660066,0.612921158079164,-0.453081719074795,-0.216608774578280,0.229148381871958,-0.207707327144633,0.078299595639628,-0.279963740983908,0.221780706092411,0.270871640972786,-0.335879993859375,0.161468752175179,1
17.719999999999999,1.509244482323490,-2.308295195380280,0.980935671749092,0.615198686801087,-0.455147383602278,-0.215812750349774,0.226361710437634,-0.205393831396369,0.080854113100079,-0.277355031381496,0.240828985272937,0.240189247214569,-0.334267076181524,0.161114816594533,1
17.729999999999997,1.515407741162570,-2.312856897991627,0.978781625731785,0.617448480784281,-0.457188969677753,-0.214992699380865,0.223601587009259,-0.202892526048343,0.083106506860324,-0.274654591611478,0.259343680660517,0.210444738800409,-0.332657696863499,0.160761080209860,1
17.740000000000002,1.521593360389131,-2.317438888334730,0.976635887925136,0.619670810050221,-0.459204625779081,-0.214151596230199,0.220868915368423,-0.200208715352147,0.085066091030992,-0.271865122247108,0.277331104308429,0.181625179279892,-0.331051853913339,0.160407543021162,1
17.750000000000000,1.527801066743308,-2.322040898072192,0.974498654364108,0.621865953523506,-0.461192553111556,-0.213292322960926,0.218164572394296,-0.197347640595260,0.086742050721568,-0.268989303200046,0.294797536987517,0.153717704875649,-0.329449545339088,0.160054205028438,1
17.759999999999998,1.534030589797893,-2.326662641139693,0.972370092720142,0.624034198763882,-0.463151004979831,-0.212417670427079,0.215489408270236,-0.194314480413857,0.088143442767135,-0.266029793720351,0.311749228186266,0.126709524483243,-0.327850769148785,0.159701066231689,1
17.770000000000003,1.540281662043341,-2.331303814263855,0.970250343206850,0.626175841700312,-0.465078286162969,-0.211530339552684,0.212844246690406,-0.191114351105639,0.089279196455093,-0.262989232396482,0.328192396110764,0.100587919671227,-0.326255523350467,0.159348126630913,1
17.780000000000001,1.546554018970131,-2.335964097473861,0.968139519472959,0.628291186367108,-0.466972752292618,-0.210632942603604,0.210229885066401,-0.187752306942667,0.090158114251892,-0.259870237155309,0.344133227684666,0.075340244681200,-0.324663805952179,0.158995386226112,1
17.790999999999997,1.553477883473954,-2.341112079472811,0.965828026880927,0.630588063453078,-0.469016862532764,-0.209637190501597,0.207390581045056,-0.183873003491894,0.090838629879786,-0.256351850435134,0.361095289755512,0.048562187327449,-0.322916989738691,0.158607601852181,1
17.799999999999997,1.559161544305724,-2.345340633807420,0.963944976382707,0.632444235987161,-0.470656912471968,-0.208817963834207,0.205096621159025,-0.180562382889375,0.091180022293451,-0.253407313320510,0.374532473063448,0.027416464498253,-0.321490948387848,0.158290503004432,1
17.810000000000002,1.565496199338269,-2.350056168191235,0.961861359558427,0.634482562386861,-0.472443634776375,-0.207905094848195,0.202571758158319,-0.176764731775121,0.091363831098587,-0.251547732606828,0.384940271941058,0.009450029473005,-0.319909989003604,0.157901433077031,1
17.820000000000000,1.571851111705951,-2.354789378195238,0.959786877646152,0.636495734879577,-0.474191865910307,-0.206991275659753,0.200066013019264,-0.172864720139465,0.091371102679260,-0.249584197515607,0.395005263478351,-0.007892464982977,-0.318332918541649,0.157512718546982,1
17.829999999999998,1.578226030842812,-2.359539873846664,0.957721531424662,0.638483949796077,-0.475900599340387,-0.206078240592346,0.197580411623126,-0.168865755505124,0.091208031986746,-0.247519437224411,0.404731554478420,-0.024619901428543,-0.316759733448007,0.157124359414285,1
17.840000000000003,1.584620708197038,-2.364307255277106,0.955665304637774,0.640447413589813,-0.477568862403460,-0.205167662463224,0.195115952659110,-0.164771204426795,0.090880725396463,-0.245356160967818,0.414123231741696,-0.040741112477038,-0.315190430168705,0.156736355678939,1
17.850000000000001,1.591034897330820,-2.369091113059167,0.953618164604983,0.642386342565999,-0.479195715897907,-0.204261153466681,0.192673607823799,-0.160584392691196,0.090395201207420,-0.243097058037426,0.423184362065934,-0.056264880796280,-0.313625005149770,0.156348707340946,1
17.859999999999999,1.597468354017555,-2.373891028539051,0.951580062823293,0.644300962612684,-0.480780253676973,-0.203360266052323,0.190254322020564,-0.156308605517069,0.089757390141677,-0.240744797781844,0.431918992246254,-0.071199939108623,-0.312063454837228,0.155961414400305,1
17.869999999999997,1.603920836336314,-2.378706574165081,0.949550935560292,0.646191508933814,-0.482321602244085,-0.202466493798335,0.187859013559012,-0.151947087755222,0.088973135843799,-0.238302029606696,0.440331149075111,-0.085554970190911,-0.310505775677107,0.155574476857015,1
17.881000000000000,1.611040255694474,-2.384021206409292,0.947329167173731,0.648243596515891,-0.483966199049706,-0.201493273978470,0.185252931799151,-0.147054222983792,0.087948182670856,-0.235513585635544,0.449216846372712,-0.100685874724687,-0.308796795540349,0.155149256043338,1
17.890000000000001,1.616881922262962,-2.388382803102381,0.945519277011207,0.649901366207049,-0.485271398592975,-0.200705979931813,0.183143870127094,-0.142979639232067,0.086988239739135,-0.233155467405272,0.456204049834977,-0.112559432045230,-0.307402016598227,0.154801667962492,1
17.899999999999999,1.623390054370716,-2.393242589721207,0.943516547329317,0.651721191772046,-0.486678259018398,-0.199841938908095,0.180825740601952,-0.138379998132928,0.085798854329093,-0.230456872475320,0.463672747337608,-0.125225978643457,-0.305855929571523,0.154415796611259,1
17.909999999999997,1.629916269155063,-2.398116213285657,0.941522397039490,0.653517922093528,-0.488038577152708,-0.198990200585416,0.178519963677837,-0.133654072567745,0.084549950455551,-0.230672934211197,0.481406577994896,-0.124541856186072,-0.304316634818743,0.153443580091815,1
17.920000000000002,1.636460335924142,-2.403003200805916,0.939536701804936,0.655291586387592,-0.489350759885208,-0.198150915808054,0.176212788319581,-0.128753968970481,0.083308273326257,-0.230737074726089,0.498509688093405,-0.123780897126636,-0.302787049446746,0.152473920454424,1
17.930000000000000,1.643022023972939,-2.407903062323845,0.937559337464283,0.657042178214497,-0.490613096838335,-0.197324008493429,0.173905718309954,-0.123685954582664,0.082074583304060,-0.230652376583976,0.514990063832417,-0.122944700418124,-0.301267147886714,0.151506817699087,1
17.941000000000003,1.650259958074466,-2.413307174169050,0.935393711664170,0.658941191039388,-0.491942130438356,-0.196428606411926,0.171369820158496,-0.117924584300017,0.080727637384991,-0.230390954615917,0.532408701937292,-0.121939880561301,-0.299606410457108,0.150445957866988,1
17.950000000000003,1.656197341288390,-2.417739364180243,0.933629108886496,0.660474192821770,-0.492981702470406,-0.195706984461704,0.169297756037627,-0.113070864480534,0.079634126437838,-0.230048694845189,0.546114358589656,-0.121052939417100,-0.298256293927257,0.149580282834574,1
17.960000000000001,1.662810509782601,-2.422674743110846,0.931676000615690,0.662155675919766,-0.494084858588424,-0.194916678594733,0.166999718508876,-0.107535926519011,0.078428801027692,-0.229535776636997,0.560774051566917,-0.120000522581884,-0.296765290390192,0.148620850725397,1
17.969999999999999,1.669440378297136,-2.427620874437179,0.929730735315577,0.663814206579323,-0.495131942227823,-0.194138372205502,0.164707496195605,-0.101857354066259,0.077234345794195,-0.228886150548766,0.574842558102783,-0.118879163012178,-0.295283868389809,0.147663975498274,1
17.979999999999997,1.676086717621030,-2.432577190350937,0.927793193546316,0.665449849738193,-0.496121546473051,-0.193371953170958,0.162422441245870,-0.096041020014820,0.076051442413761,-0.228102799404998,0.588327665956990,-0.117690409212309,-0.293812002357287,0.146709657153205,1
17.990000000000002,1.682749299259815,-2.437543109267014,0.925863257023119,0.667062683706799,-0.497052322748756,-0.192617302628540,0.160145876079218,-0.090092719578074,0.074880757128212,-0.227188686082294,0.601237123201370,-0.116435799596872,-0.292349666723804,0.145757895690188,1
18.000000000000000,1.689427895567737,-2.442518036403005,0.923940808682884,0.668652799871948,-0.497922980044975,-0.191874295130024,0.157879093586175,-0.084018170687134,0.073722940845672,-0.226146753509362,0.613578638219812,-0.115116862490735,-0.290896835920543,0.144808691109226,1
18.009999999999998,1.696122279918074,-2.447501365064839,0.922025732296945,0.670220318780172,-0.498732569197522,-0.191142979415364,0.155628261066446,-0.077908295046890,0.072524598994017,-0.224002995151839,0.608397505403314,-0.124478831373170,-0.289449634847041,0.144631464481501,1
18.020000000000003,1.702832227277330,-2.452492484987687,0.920117907608843,0.671765438215082,-0.499481318548254,-0.190424107978330,0.153399364164589,-0.071850200069294,0.071234806424650,-0.221760091671186,0.603222525510356,-0.133408136991363,-0.288004207813106,0.144453883195799,1
18.030000000000001,1.709557514763953,-2.457490790361526,0.918217205675097,0.673288382444024,-0.500169745594170,-0.189718573805866,0.151193380514118,-0.065843823630890,0.069857855908049,-0.219420803174129,0.598053817346641,-0.141911545120133,-0.286560558365318,0.144275947252120,1
18.039999999999999,1.716297921787501,-2.462495680548189,0.916323488835864,0.674789385373020,-0.500798367205099,-0.189027227294834,0.149011260250598,-0.059889102421357,0.068397972756686,-0.216987869142406,0.592891499476943,-0.149995781585770,-0.285118690050257,0.144097656650464,1
18.049999999999997,1.723053230143637,-2.467506560075018,0.914436611137482,0.676268690272815,-0.501367699611842,-0.188350876924595,0.146853926217905,-0.053985971945934,0.066859315224513,-0.214464008432770,0.587735690225130,-0.157667532266002,-0.283678606414502,0.143919011390830,1
18.060000000000002,1.729823224106427,-2.472522838628420,0.912556418748292,0.677726549506996,-0.501878258394340,-0.187690289925601,0.144722274174471,-0.048134366527823,0.065245974906448,-0.211851919276987,0.582586507674151,-0.164933443090009,-0.282240311004633,0.143740011473220,1
18.070000000000000,1.736607690517898,-2.477543931047291,0.910682750367809,0.679163224262163,-0.502330558469866,-0.187046192943984,0.142617172999538,-0.042334219310613,0.063561977137859,-0.209154279281845,0.577444069666051,-0.171800120038405,-0.280803807367231,0.143560656897632,1
18.079999999999998,1.743406418874956,-2.482569257316344,0.908815437629251,0.680578984280176,-0.502725114081241,-0.186419272702155,0.140539464899402,-0.036585462260664,0.061811281394053,-0.206373745429143,0.572308493801955,-0.178274129143263,-0.279369099048874,0.143380947664067,1
18.090000000000003,1.750219201413593,-2.487598242559304,0.906954305495491,0.681974107592451,-0.503062438785072,-0.185810176655408,0.138489965613665,-0.030888026169531,0.059997781689755,-0.203512954075692,0.567179897442072,-0.184361996488106,-0.277936189596142,0.143200883772525,1
18.100000000000001,1.757045833190450,-2.492630317031963,0.905099172648470,0.683348880256323,-0.503343045440021,-0.185219513644531,0.136469464621492,-0.025241840656383,0.058125306978602,-0.200574520953330,0.562058397705709,-0.190070208207884,-0.276505082555617,0.143020465223006,1
18.109999999999999,1.763886112056736,-2.497664916140876,0.903249852191405,0.684703554123091,-0.503567456458342,-0.184647727055303,0.134466160633821,-0.019649905866315,0.056235748891542,-0.200063430881433,0.556332681372352,-0.187827427411789,-0.275075904676079,0.142815071641331,1
18.119999999999997,1.770739837587358,-2.502701480716489,0.901406155499604,0.686038222776350,-0.503736234002792,-0.184094722518206,0.132468647836539,-0.014115104735061,0.054369034675660,-0.199416790316032,0.550631653220321,-0.185501772575835,-0.273648781903657,0.142609443799729,1
18.130000000000003,1.777606810042210,-2.507739457276638,0.899567895908464,0.687352950854871,-0.503849948176819,-0.183560267484627,0.130478266545909,-0.008637190761571,0.052525982935852,-0.198637633536885,0.544955237187299,-0.183095268539652,-0.272223716580950,0.142403581698200,1
18.140000000000001,1.784486830394071,-2.512778298027873,0.897734889119468,0.688647816249218,-0.503909166622655,-0.183044121320927,0.128496326839036,-0.003215918202689,0.050707392096434,-0.197728974096194,0.539303357759890,-0.180609926581002,-0.270800711050559,0.142197485336745,1
18.149999999999999,1.791379700459642,-2.517817460840897,0.895906953280018,0.689922909800395,-0.503914454528869,-0.182546035509554,0.126524108761139,0.002148957932367,0.048914040536748,-0.196693804818607,0.533675939973600,-0.178047744415763,-0.269379767655082,0.141991154715364,1
18.159999999999997,1.798285223027534,-2.522856409226062,0.894083909061278,0.691178335000563,-0.503866374637859,-0.182065753848829,0.124562862532828,0.007457681887472,0.047146686726788,-0.195535097801213,0.528072909412852,-0.175410706197939,-0.267960888737119,0.141784589834055,1
18.170000000000002,1.805203201983299,-2.527894612308947,0.892265579734020,0.692414207695830,-0.503765487253296,-0.181603012651350,0.122613808757379,0.012710497165094,0.045406069362816,-0.194255804413545,0.522494192210977,-0.172700782519654,-0.266544076639267,0.141577790692821,1
18.180000000000000,1.812133442431479,-2.532931544805994,0.890451791242505,0.693630655791109,-0.503612350247512,-0.181157540941058,0.120678138628014,0.017907646531769,0.043692907502988,-0.192858855297584,0.516939715050229,-0.169919930411163,-0.265129333704128,0.141370757291659,1
18.189999999999998,1.819075750814746,-2.537966687000254,0.888642372276373,0.694827818957066,-0.503407519068830,-0.180729060648939,0.118757014135171,0.023049372023610,0.042007900702960,-0.191347160367751,0.511409405161763,-0.167070093340836,-0.263716662274301,0.141163489630571,1
18.200000000000003,1.826029935030099,-2.542999524717169,0.886837154340612,0.696005848339117,-0.503151546748839,-0.180317286807367,0.116851568273779,0.028135914951786,0.040351729151515,-0.189723608810910,0.505903190325649,-0.164153201215172,-0.262306064692383,0.140955987709556,1
18.210000000000001,1.832995804664096,-2.548029549144846,0.885035971625913,0.697164954951097,-0.502844921779937,-0.179922006704253,0.114977460974550,0.033186101800338,0.038701417663010,-0.185099512196510,0.504117000532283,-0.165877538223020,-0.260899489221246,0.140359315814222,1
18.219999999999999,1.839973172429108,-2.553056255115470,0.883238658917145,0.698305551525118,-0.502487885963156,-0.179543312790029,0.113149543334613,0.038217914092688,0.037034804360654,-0.180485823888859,0.502228549543085,-0.167414082572274,-0.259498874190173,0.139763899696559,1
18.229999999999997,1.846961855532466,-2.558079139456268,0.881445049568497,0.699428099422697,-0.502080628130105,-0.179181358744988,0.111367706876009,0.043230337316949,0.035353751642368,-0.175883421546329,0.500239456005771,-0.168765937101834,-0.258104207041390,0.139169739356566,1
18.240000000000002,1.853961675789554,-2.563097700933239,0.879654975489958,0.700533058876822,-0.501623347176717,-0.178836279780295,0.109631834383803,0.048222373106717,0.033660090964508,-0.171293174904803,0.498151330368789,-0.169936187285376,-0.256715475217116,0.138576834794244,1
18.250000000000000,1.860972459612063,-2.568111440350984,0.877868267330470,0.701620888904972,-0.501116251902204,-0.178508192946536,0.107941799985318,0.053193039159069,0.031955623015523,-0.166715945777690,0.495965774881331,-0.170927901231353,-0.255332666159579,0.137985186009594,1
18.259999999999998,1.867994037995438,-2.573119860650953,0.876084754657986,0.702692047222947,-0.500559560848831,-0.178197197440528,0.106297469229352,0.058141369152584,0.030242117889600,-0.162152588055907,0.493684383593319,-0.171744129682997,-0.253955767310999,0.137394793002614,1
18.270000000000003,1.875026246505416,-2.578122467008072,0.874304266136490,0.703746990159469,-0.499953502142512,-0.177903374910394,0.104698699165406,0.063066412665348,0.028521315260320,-0.157603947707885,0.491308742355411,-0.172387906018319,-0.252584766113600,0.136805655773305,1
18.280000000000001,1.882068925263720,-2.583118766925769,0.872526629699966,0.704786172571587,-0.499298313334223,-0.177626789758902,0.103145338422914,0.067967235092943,0.026794924554315,-0.153070862779581,0.488840428819005,-0.172862246250106,-0.251219650009607,0.136217774321666,1
18.289999999999999,1.889121918932951,-2.588108270329463,0.870751672723338,0.705810047760878,-0.498594241242239,-0.177367489445064,0.101637227290458,0.072842917566483,0.025064625124909,-0.148554163394459,0.486281012436233,-0.173170149025925,-0.249860406441242,0.135631148647699,1
18.299999999999997,1.896185076700594,-2.593090489658433,0.868979222190407,0.706819067390428,-0.497841541795189,-0.177125504784000,0.100174197794998,0.077692556870599,0.023332066425780,-0.144054671753502,0.483632054459963,-0.173314595628120,-0.248507022850728,0.135045778751403,1
18.310000000000002,1.903258252243666,-2.598064939232876,0.867209104122384,0.707813673987095,-0.497040191034074,-0.176901144333483,0.098753855531981,0.082601684364454,0.021510880404850,-0.140014292906505,0.498085609234726,-0.190800733639157,-0.247164213515490,0.133516904504772,1
18.320000000000000,1.910341303508847,-2.603031127461290,0.865441135715592,0.708794279124542,-0.496189037066972,-0.176695857906091,0.097373899965773,0.087652127078516,0.019518471851373,-0.135977505074368,0.511896569459459,-0.207560840269877,-0.245836668436458,0.131992927510320,1
18.329999999999998,1.917434092500242,-2.607988549352587,0.863675117789244,0.709761286472958,-0.495286698724501,-0.176511321599161,0.096034290021426,0.092837503120190,0.017362049028542,-0.131945339649320,0.525073738132243,-0.223605316306542,-0.244524338641110,0.130473847768048,1
18.340000000000003,1.924536485256435,-2.612936686421619,0.861910834760258,0.710715099240368,-0.494331858216815,-0.176349139946503,0.094734974357089,0.098151518399394,0.015048716471763,-0.127918818619806,0.537625872757864,-0.238944506519792,-0.243227175156923,0.128959665277953,1
18.350000000000001,1.931648351845334,-2.617875007318573,0.860148055353727,0.711656120070437,-0.493323260257851,-0.176210846952879,0.093475891458050,0.103587966173618,0.012585475548817,-0.123898954570493,0.549561685347786,-0.253588699664606,-0.241945129011377,0.127450380040038,1
18.359999999999999,1.938769566358061,-2.622802968449673,0.858386533303047,0.712584750941211,-0.492259711194130,-0.176097907122875,0.092256969730765,0.109140726593010,0.009979225020011,-0.119886750682256,0.560889842420204,-0.267548128480368,-0.240678151231949,0.125945992054301,1
18.369999999999997,1.945900006901762,-2.627720014589157,0.856626008039804,0.713501393064796,-0.491140078138101,-0.176011716484179,0.091078127596900,0.114803766245432,0.007236761598337,-0.115883200732189,0.571618965000007,-0.280832969690826,-0.239426192846117,0.124446501320744,1
18.380000000000003,1.953039555591465,-2.632625579482623,0.854866205373448,0.714406446787985,-0.489963288106045,-0.175953603605251,0.089939273587371,0.120571137701530,0.004364780509627,-0.111889289093598,0.581757628618796,-0.293453344004108,-0.238189204881360,0.122951907839364,1
18.390000000000001,1.960188098540917,-2.637519086441769,0.853106838160824,0.715300311493817,-0.488728327160516,-0.175924830607395,0.088840306436380,0.126436979059789,0.001369876052713,-0.107905990736014,0.591314363314852,-0.305419316112688,-0.236967138365156,0.121462211610164,1
18.399999999999999,1.967345525852482,-2.642399948930601,0.851347606965602,0.716183385504080,-0.487434239557339,-0.175926594171227,0.087781115175451,0.132395513491621,-0.001741457840424,-0.103934271225174,0.600297653633183,-0.316740894693439,-0.235759944324983,0.119977412633143,1
18.410000000000004,1.974511733132325,-2.647267573134893,0.849588203537482,0.717056675016170,-0.486080921714625,-0.175958896869880,0.086943548924218,0.138203549202252,-0.004625053210517,-0.063876688522569,0.561593550161527,-0.260323103713233,-0.234567972704648,0.118417863837433,1
18.420000000000002,1.981686638031094,-2.652121380138935,0.847828342219634,0.717923562117031,-0.484671430462031,-0.176017248979578,0.086497684439916,0.143633006457134,-0.006954760197997,-0.025588204274669,0.524576045094255,-0.205957405911491,-0.233391568000161,0.116864029463482,1
18.430000000000000,1.988870195816345,-2.656960826857930,0.846067789871801,0.718787875939651,-0.483209467844716,-0.176096213640951,0.086426001698438,0.148700574204623,-0.008750925776162,0.010965328957291,0.489209779893361,-0.153609050520854,-0.232230673067306,0.115315909511288,1
18.439999999999998,1.996062399176642,-2.661785406398965,0.844306366710752,0.719653272119683,-0.481698570781425,-0.176190555730917,0.086711320810585,0.153422589265702,-0.010033550638549,0.045817790716358,0.455459687623244,-0.103243532357003,-0.231085230761864,0.113773503980853,1
18.450000000000003,2.003263276503548,-2.666594646427308,0.842543944310195,0.720523236183400,-0.480142114571180,-0.176295238412164,0.087336799343113,0.157815039250014,-0.010822291654767,0.079002792649905,0.423290992950670,-0.054826591818609,-0.229955183939616,0.112236812872174,1
18.460000000000001,2.010472890207342,-2.671388107567611,0.840780443635068,0.721401086908859,-0.478543316370813,-0.176405419707188,0.088285929639770,0.161893565471873,-0.011136464326326,0.110553678509534,0.392669212144859,-0.008324214887464,-0.228840475456347,0.110705836185254,1
18.469999999999999,2.017691335066264,-2.676165381839774,0.839015833109967,0.722289979660279,-0.476905238643339,-0.176516449096890,0.089542536142343,0.165673465866304,-0.010995045242469,0.140503524151218,0.363560153077354,0.036297366871719,-0.227741048167839,0.109180573920092,1
18.479999999999997,2.024918736608916,-2.680926091129111,0.837250126721466,0.723192909695624,-0.475230792577168,-0.176623864143739,0.091090772711701,0.169169697905059,-0.010416674536004,0.168885137535210,0.335929915222107,0.079071676311173,-0.226656844929873,0.107661026076688,1
18.490000000000002,2.032155249529630,-2.685669885690593,0.835483382154084,0.724112715447400,-0.473522741476160,-0.176723387139481,0.092915119948837,0.172396881512642,-0.009419658339127,0.195731058726078,0.309744889655440,0.120031990700136,-0.225587808598232,0.106147192655040,1
18.500000000000000,2.039401056136496,-2.690396442686808,0.833715698959657,0.725052081776658,-0.471783704120517,-0.176810921777411,0.095000382515908,0.175369301982326,-0.008021971239262,0.221073559892640,0.284971759056121,0.159211341724739,-0.224533882028700,0.104639073655151,1
18.511000000000003,2.047382425032739,-2.695575389471059,0.831770327200333,0.726110254707638,-0.469837073739717,-0.176890115166658,0.097376080797132,0.178592901967803,-0.006429435316223,0.210919820575855,0.301012372628551,0.130515528036889,-0.223390823551653,0.103190614533133,1
18.520000000000003,2.053921386435546,-2.699796653162851,0.830178070933416,0.726995071776023,-0.468217375251822,-0.176943003036283,0.099237793703179,0.181358950519349,-0.005357478971918,0.202825981035789,0.313582594930149,0.107812470708996,-0.222467426061518,0.102009412913975,1
18.530000000000001,2.061196332478962,-2.704469706138602,0.828408389969856,0.727997443863013,-0.466387880930796,-0.176991597694947,0.101222005778554,0.184562230730041,-0.004402149754846,0.194055173802151,0.326972963471424,0.083394079210186,-0.221453877185721,0.100701084708149,1
18.539999999999999,2.068481400001707,-2.709124301800454,0.826638266791518,0.729019223390032,-0.464525694302124,-0.177031845959085,0.103119666240105,0.187896414305557,-0.003686802741918,0.185515085516369,0.339764685536103,0.059814083544236,-0.220453389918100,0.099397091278832,1
18.549999999999997,2.075776778788911,-2.713760106779584,0.824867773002482,0.730059556319700,-0.462629536122907,-0.177066105925317,0.104933065128809,0.191355557234835,-0.003203112260186,0.177202289891797,0.351966244311959,0.037060837105077,-0.219465920910890,0.098097432626022,1
18.560000000000002,2.083082650199265,-2.718376775210527,0.823096957040209,0.731117611344074,-0.460698186166950,-0.177096653014820,0.106664458325181,0.194933800112089,-0.002942868788664,0.169113381121664,0.363586077664651,0.015122756105686,-0.218491426816325,0.096802108749719,1
18.570999999999998,2.091131434155013,-2.723432580424332,0.821148717865289,0.732300976105073,-0.458531669517869,-0.177128582461148,0.108476925125700,0.199000537451424,-0.002905025512687,0.160470131014847,0.375706016637241,-0.008081365311559,-0.217434417600852,0.095382259152654,1
18.579999999999998,2.097726555542086,-2.727551259990036,0.819554441426885,0.733283674050904,-0.456725320045398,-0.177155303815098,0.109890081589422,0.202424568394349,-0.003060461783005,0.153593703317108,0.385114092952500,-0.026353930626464,-0.216581189974072,0.094224465326639,1
18.590000000000003,2.105064912073081,-2.732108327355943,0.817782730148565,0.734390129709671,-0.454681650939528,-0.177187555384991,0.111388654459171,0.206325793935124,-0.003422454313011,0.146156225068563,0.395038924008370,-0.045915389837985,-0.215645360530852,0.092942145779860,1
18.600000000000001,2.112414406858532,-2.736644761338326,0.816010675026879,0.735511202744839,-0.452598482511467,-0.177224392081741,0.112813907649939,0.210323518788948,-0.003976204725136,0.138929215246248,0.404415327882462,-0.064707390567170,-0.214722332609219,0.091664161009589,1
18.609999999999999,2.119775182313250,-2.741160161429791,0.814238221181446,0.736646119344341,-0.450474565464627,-0.177267521090059,0.114152645480716,0.214505515524186,-0.004662589069752,0.128869077077583,0.431790573805843,-0.072502776285531,-0.213814695239680,0.089864337538135,1
18.619999999999997,2.127147372206808,-2.745654108736631,0.812465300444104,0.737793925368804,-0.448307478963060,-0.177317897067600,0.115392296094638,0.218955489198698,-0.005424936886291,0.119111010765611,0.458013496749320,-0.079901151379528,-0.212925025365659,0.088070661906093,1
18.630000000000003,2.134531100529257,-2.750126158356816,0.810691836612887,0.738953644973658,-0.446094600575802,-0.177376259905036,0.116535857422592,0.223661999859531,-0.006259309998469,0.109650463334844,0.483100736729526,-0.086908895553874,-0.212053261508760,0.086283134113462,1
18.640000000000001,2.141926481661322,-2.754575839733221,0.808917746282775,0.740124332066443,-0.443833421440961,-0.177443310429636,0.117586282002530,0.228613773493329,-0.007161833838428,0.100482909174724,0.507068841651014,-0.093532350788634,-0.211199342190591,0.084501754160244,1
18.649999999999999,2.149333620669694,-2.759002657781063,0.807142939233144,0.741305069854259,-0.441521544610909,-0.177519711039458,0.118546477253129,0.233799701105230,-0.008128697069486,0.091603850039579,0.529934267306362,-0.099777821339254,-0.210363205932757,0.082726522046439,1
18.660000000000004,2.156752613597760,-2.763406093998791,0.805367318808907,0.742494970393937,-0.439156683406717,-0.177606086333779,0.119419305747429,0.239208837797741,-0.009156151208894,0.083008815048645,0.551713377376121,-0.105651573736548,-0.209544791256864,0.080957437772045,1
18.670000000000002,2.164183547751841,-2.767785607562574,0.803590782295368,0.743693174144946,-0.436736659781784,-0.177703023739744,0.120207585486489,0.244830401849599,-0.010240510250585,0.074693360686084,0.572422443428766,-0.111159836786681,-0.208744036684518,0.079194501337064,1
18.680000000000000,2.171626501983029,-2.772140636404508,0.801813221286822,0.744898849525050,-0.434259402694675,-0.177811074135251,0.120914090173035,0.250653773794680,-0.011378150287933,0.066653070800947,0.592077644920793,-0.116308801571200,-0.207960880737325,0.077437712741495,1
18.689999999999998,2.179081546964541,-2.776470598274547,0.800034522048949,0.746111192468686,-0.431722946491178,-0.177930752468057,0.121541549485105,0.256668495500860,-0.012565509136504,0.058883556607197,0.610695069196655,-0.121104621447014,-0.207195261936891,0.075687071985339,1
18.700000000000003,2.186548745464697,-2.780774891786340,0.798254565875037,0.747329425988092,-0.429125429295572,-0.178062538371113,0.122092649349706,0.262864269248903,-0.013799085956811,0.051380456683701,0.628290711488779,-0.125553412046407,-0.206447118804820,0.073942579068594,1
18.710000000000001,2.194028152721744,-2.785052898464647,0.796473229008957,0.748552842162475,-0.426465497766398,-0.178207047358859,0.122582722248925,0.269109404272110,-0.015126485897114,0.046662440919089,0.620711385074612,-0.139818158527339,-0.205712643470696,0.072953048904686,1
18.719999999999999,2.201519817864898,-2.789303994840331,0.794690378332568,0.749780925984619,-0.423743496328666,-0.178365532782427,0.123026459636843,0.275278004969079,-0.016593297112127,0.042112866407403,0.612984463477229,-0.153437298609521,-0.204988046603759,0.071966885631181,1
18.729999999999997,2.209023785281814,-2.793527564065463,0.792905867218140,0.751013222472750,-0.420960197643774,-0.178539356637177,0.123425531316815,0.281368613865615,-0.018193112395007,0.037728814444806,0.605113638279987,-0.166420594573019,-0.204273294535104,0.070984089248080,1
18.741000000000000,2.217292406082889,-2.798140969690373,0.790940795929737,0.752373091460248,-0.417828710536822,-0.178749826544898,0.123814878596321,0.287976508636842,-0.020099000979638,0.033094075339438,0.596293898860009,-0.179979404305404,-0.203498397817764,0.069906901985085,1
18.750000000000000,2.224068782317557,-2.801889692808822,0.789331211289158,0.753488715991948,-0.415212870764085,-0.178938150668062,0.124096211488679,0.293310210111520,-0.021766612529771,0.029445697284408,0.588954925095882,-0.190518428803393,-0.202873190117029,0.069028597153089,1
18.759999999999998,2.231609879031020,-2.806027058190187,0.787540709227339,0.754731084663434,-0.412250458380068,-0.179165530788037,0.124371014873215,0.299158465553457,-0.023727967513979,0.025540888611819,0.580674301952272,-0.201652217169549,-0.202187770429799,0.068055901441199,1
18.770000000000003,2.239163412527025,-2.810134508420480,0.785747833465947,0.755976008707405,-0.409229979643960,-0.179413071151885,0.124607542710827,0.304923264906819,-0.025797665732862,0.021790115538735,0.572264304895290,-0.212188661615606,-0.201512060865236,0.067086572619713,1
18.780000000000001,2.246729406471063,-2.814211467030395,0.783952377084544,0.757223113023011,-0.406152275525694,-0.179681825483117,0.124807321217998,0.310603332318483,-0.027969781232055,0.018190553294207,0.563728507184837,-0.222137249960774,-0.200846027754437,0.066120610688631,1
18.789999999999999,2.254307880853474,-2.818257366023528,0.782154122920175,0.758472037630646,-0.403018199575458,-0.179972788719174,0.124971848457437,0.316197427549615,-0.030238482660929,0.014739395893858,0.555070458416101,-0.231507415132113,-0.200189637428496,0.065158015647953,1
18.799999999999997,2.261898852139232,-2.822271646000395,0.780352844150507,0.759722437391343,-0.399828617568746,-0.180286897954725,0.125102594525942,0.321704345739006,-0.032598032723665,0.011433856139887,0.546293684519581,-0.240308535164512,-0.199542856218510,0.064198787497679,1
18.810000000000002,2.269502333374759,-2.826253755734931,0.778548305251199,0.760973965665579,-0.396584189922662,-0.180624880197987,0.125196193662584,0.327187902753063,-0.034996969214177,0.007313811288475,0.550325407873038,-0.239440584016949,-0.198908668174720,0.062639753732734,1
18.820000000000000,2.277118333893242,-2.830203146366200,0.776740266736798,0.762226226700552,-0.393284734311881,-0.180986804610048,0.125249422596116,0.332709023458269,-0.037386088561805,0.003359320405774,0.553807997907924,-0.238345879223474,-0.198290042494407,0.061086314802274,1
18.829999999999998,2.284746859031251,-2.834119265827496,0.774928489714074,0.763478825022499,-0.389929902398872,-0.181372561758939,0.125263922045237,0.338262263683231,-0.039763146359854,-0.000432577468181,0.556750877687436,-0.237029041806490,-0.197686923229226,0.059538470706298,1
18.840000000000003,2.292387910252163,-2.838001558839391,0.773112736495564,0.764731381417121,-0.386519399817592,-0.181782019999181,0.125241303216170,0.343842273208351,-0.042125944263955,-0.004064823869222,0.559163414507287,-0.235494663209437,-0.197099254430832,0.057996221444805,1
18.850000000000001,2.300041485307266,-2.841849467444729,0.771292770819418,0.765983532635425,-0.383052985236770,-0.182215025930927,0.125183147996899,0.349443795208137,-0.044472329696278,-0.007540340909044,0.561054919895705,-0.233747305296799,-0.196526980150882,0.056459567017797,1
18.859999999999999,2.307707578393985,-2.845662431534348,0.769468358064652,0.767234931101519,-0.379530469428732,-0.182671404856157,0.125091009151410,0.355061665693557,-0.046800195549744,-0.010862031275221,0.562434649613441,-0.231791500354097,-0.195970044441028,0.054928507425274,1
18.869999999999997,2.315386180311132,-2.849439889363462,0.767639265461862,0.768485244622339,-0.375951714343840,-0.183150961231899,0.124966410513937,0.360690812954342,-0.049107479892234,-0.014032778231191,0.563311803653761,-0.229631751087894,-0.195428391352928,0.053403042667234,1
18.880000000000003,2.323077278611309,-2.853181278058849,0.765805262299421,0.769734156099325,-0.372316632190486,-0.183653479120502,0.124810847183198,0.366326257001325,-0.051392165670802,-0.017055445616265,0.563695526242452,-0.227272530625792,-0.194901964938235,0.051883172743678,1
18.890000000000001,2.330780857750393,-2.856886034116837,0.763966120125191,0.770981363242033,-0.368625184520678,-0.184178722636949,0.124625785716639,0.371963109008745,-0.053652280415879,-0.019932877845616,0.563594905837815,-0.224718282516438,-0.194390709248606,0.050368897654607,1
18.899999999999999,2.338496899234228,-2.860553593892214,0.762121612943765,0.772226578283701,-0.364877381321183,-0.184726436393213,0.124412664324676,0.377596570756600,-0.055885895945492,-0.022667899910296,0.563018975130673,-0.221973420729514,-0.193894568335695,0.048860217400020,1
18.909999999999997,2.346225381700308,-2.864183393886847,0.760271517576690,0.773469502882918,-0.361073203732138,-0.185296279111405,0.124165463487530,0.383244798183922,-0.058071145118032,-0.026743169447114,0.566529821384397,-0.215071907716706,-0.193414021120680,0.047250196299258,1
18.920000000000002,2.353966280380383,-2.867774869133169,0.758415615671335,0.774709754607428,-0.357212377953595,-0.185887628803023,0.123878377831497,0.388925250123479,-0.060187247160805,-0.030645369607652,0.569465547420128,-0.208144312500600,-0.192949544995784,0.045645999376167,1
18.930000000000000,2.361719566580170,-2.871327451633490,0.756553695619594,0.775946943211998,-0.353294610329711,-0.186499792724370,0.123553122905104,0.394632225369649,-0.062233950758674,-0.034377526202939,0.571836142678125,-0.201192533976038,-0.192501081719231,0.044047626630748,1
18.939999999999998,2.369485207788228,-2.874840570736968,0.754685552753042,0.777180695455916,-0.349319663718207,-0.187132075713292,0.123191384095852,0.400360122315034,-0.064211023510903,-0.037942645627101,0.573651537360014,-0.194218456127825,-0.192068573049244,0.042455078063001,1
18.950000000000003,2.377263167844477,-2.878313653699766,0.752810989366183,0.778410654802350,-0.345287356497352,-0.187783780377583,0.122794816824384,0.406103438358056,-0.066118251782058,-0.041343714857360,0.574921602428780,-0.187223948030745,-0.191651960744045,0.040868353672924,1
18.960000000000001,2.385053407105723,-2.881746126235307,0.750929814737817,0.779636481119643,-0.341197561578882,-0.188454207281881,0.122365046738659,0.411856769310564,-0.067955440552895,-0.044583701454020,0.575656149608766,-0.180210863849580,-0.191251186561860,0.039287453460519,1
18.970999999999997,2.393636801402529,-2.885474254356765,0.748852667605364,0.780979730171704,-0.336632302686597,-0.189212464019590,0.121855854424969,0.418190670333898,-0.069895242410333,-0.047965154298340,0.575857266169365,-0.172477210578842,-0.190828558481974,0.037555190152085,1
18.979999999999997,2.400670548227481,-2.888486938397465,0.747146903908390,0.782074454387516,-0.332845267082165,-0.189848420964332,0.121412253017837,0.423372347704338,-0.071419011703050,-0.050592199903253,0.575557641006575,-0.166136309343959,-0.190496919599418,0.036143125568725,1
18.990000000000002,2.408497354834492,-2.891794126552258,0.745244821352698,0.783286000439601,-0.328582777193715,-0.190570800317316,0.120892333562738,0.429124273505025,-0.073045095782977,-0.053366549791910,0.574743912479884,-0.159078472798939,-0.190143310335609,0.034579697889334,1
19.000000000000000,2.416336250449916,-2.895058402368319,0.743335434876074,0.784492211081752,-0.324262817054524,-0.191309087423348,0.120345420041713,0.434865569749260,-0.074600543465602,-0.055991493119131,0.573433320575389,-0.152009327728716,-0.189805306227706,0.033022094387615,1
19.009999999999998,2.424187180485468,-2.898279192298733,0.741418588647482,0.785692860022687,-0.319885733939270,-0.192062690059095,0.119783827244303,0.440526619828968,-0.076119565179302,-0.056316060860849,0.558773283265711,-0.151758297956443,-0.189480762243265,0.031887390749541,1
19.020000000000003,2.432050088879439,-2.901455930789661,0.739494130492428,0.786887877901060,-0.315452773654733,-0.192831466706962,0.119219316233965,0.446040971794762,-0.077634982353387,-0.056575405368088,0.544094159301434,-0.151289145870613,-0.189167544647738,0.030756816604748,1
19.030999999999999,2.440713055741654,-2.904898806019074,0.737368253919287,0.788195862911870,-0.310513731187437,-0.193694590413313,0.118595751914291,0.451937112139290,-0.079295201947419,-0.056787275147691,0.527928369369782,-0.150526329548470,-0.188836037986352,0.029517954610217,1
19.039999999999999,2.447811614732136,-2.907675062405458,0.735621772884089,0.789260923039786,-0.306425094768467,-0.194414333144798,0.118084100161367,0.456628900634894,-0.080646408426829,-0.056904861159278,0.514689663695709,-0.149713818410902,-0.188574923443695,0.028508056795010,1
19.049999999999997,2.455710118679596,-2.910716396739708,0.733673572323109,0.790438917327990,-0.301833316570855,-0.195228265473718,0.117514635356524,0.461702205614800,-0.082138227952393,-0.056978161146465,0.499969744908135,-0.148616246603985,-0.188295437245314,0.027389871130063,1
19.060000000000002,2.463620374086958,-2.913711562080430,0.731717158039214,0.791611214290456,-0.297191541466915,-0.196057057753017,0.116944733089885,0.466628268265604,-0.083618063644678,-0.056992615305646,0.485241645173732,-0.147317759617432,-0.188027112256116,0.026275814958399,1
19.070000000000000,2.471542323968824,-2.916660065821925,0.729752382065406,0.792777812468728,-0.292501242244350,-0.196900580169274,0.116374973985809,0.471407020161281,-0.085083927542258,-0.056949788451599,0.470508037630065,-0.145822590975377,-0.187769907181169,0.025165888280016,1
19.079999999999998,2.479475911353995,-2.919561430089351,0.727779097831507,0.793938716132550,-0.287763892241814,-0.197758683240678,0.115805923079584,0.476038419500614,-0.086533873882435,-0.056851233584368,0.455771574098907,-0.144134946898207,-0.187523780725539,0.024060091094916,1
19.090000000000003,2.487421079341970,-2.922415191742907,0.725797160358747,0.795093935124567,-0.282980965083734,-0.198631198237647,0.115238129935569,0.480522450894024,-0.087965998828195,-0.056698491889262,0.441034885086269,-0.142259006302568,-0.187288691594293,0.022958423403098,1
19.100000000000001,2.495377771157870,-2.925220902379359,0.723806426450154,0.796243484706201,-0.278153934417276,-0.199517937600715,0.114672128765344,0.484859125150405,-0.089378440195169,-0.056493092736855,0.426300579782441,-0.140198920801372,-0.187064598492499,0.021860885204561,1
19.109999999999999,2.503345930176730,-2.927978128085577,0.721806754926214,0.797387373754424,-0.273284175683535,-0.200418675597726,0.114104954643443,0.489077773620611,-0.090763461491621,-0.056928867111535,0.417391896468084,-0.136780357482534,-0.186852635549348,0.020532526569825,1
19.119999999999997,2.511325499657937,-2.930686446766067,0.719798007347213,0.798525570550956,-0.268372679595307,-0.201333090397885,0.113533805432066,0.493206229013508,-0.092113554303047,-0.057288438292759,0.408262991814009,-0.133213880687281,-0.186653931498218,0.019209106800389,1
19.130000000000003,2.519316422492843,-2.933345445593387,0.717780048716029,0.799658039122359,-0.263420358991861,-0.202260825386239,0.112959433358718,0.497242319867364,-0.093427259154172,-0.057573764627250,0.398920008838853,-0.129503417588412,-0.186468436950456,0.017890625896252,1
19.140000000000001,2.527318641250336,-2.935954720976035,0.715752747674016,0.800784750919808,-0.258428148120677,-0.203201509548967,0.112382571143600,0.501183935931216,-0.094703155699699,-0.057786789230002,0.389369046679941,-0.125652867009603,-0.186296102517409,0.016577083857417,1
19.149999999999999,2.535332098250146,-2.938513878769483,0.713715976643031,0.801905684624776,-0.253397002027506,-0.204154757863266,0.111803932151921,0.505029027726078,-0.095939862440828,-0.057929439984271,0.379616160593253,-0.121666099425384,-0.186136878810423,0.015268480683882,1
19.159999999999997,2.543356735634157,-2.941022534481128,0.711669611963591,0.803020825956249,-0.248327895950862,-0.205120171684396,0.111224210546213,0.508775606106112,-0.097136036441756,-0.058003629541578,0.369667361953445,-0.117546956961154,-0.185990716440847,0.013964816375648,1
19.170000000000002,2.551392495435839,-2.943480313469213,0.709613534029166,0.804130167479461,-0.243221824720876,-0.206097339129892,0.110644081438654,0.512421741819824,-0.098290373046189,-0.058011255321711,0.359528618253837,-0.113299253393175,-0.185857566020026,0.012666090932713,1
19.180000000000000,2.559439319647741,-2.945886851135742,0.707547627416655,0.805233708416146,-0.238079802162562,-0.207085835460940,0.110064201043383,0.515965565071240,-0.099401605593848,-0.057954199512723,0.349205853106443,-0.108926774148582,-0.185737378159308,0.011372304355079,1
19.189999999999998,2.567497150287140,-2.948241793113481,0.705471781013041,0.806331454456330,-0.232902860503434,-0.208085223460928,0.109485206828816,0.519405265081104,-0.100468505136982,-0.057834329070930,0.338704946241926,-0.104433276305368,-0.185630103470040,0.010083456642745,1
19.200000000000003,2.575565929459776,-2.950544795447033,0.703385888138298,0.807423417571625,-0.227692049785541,-0.209095053811142,0.108907717669966,0.522739089648062,-0.101489880156873,-0.057653495720916,0.328031733509618,-0.099822488592391,-0.185535692563569,0.008799547795712,1
19.210000000000001,2.583645599424684,-2.952795524932391,0.701289846578690,0.808509617002168,-0.222448502871729,-0.210114899770600,0.108332680505278,0.525945739828669,-0.102474850346044,-0.057346279659487,0.313299807799779,-0.097145719652187,-0.185453437746358,0.007652135702676,1
19.220999999999997,2.592545746638297,-2.955210570144652,0.698972361572656,0.809697814633877,-0.216644471726069,-0.211247938420441,0.107703967822894,0.529302963017296,-0.103526454772814,-0.056956152890382,0.297106809504216,-0.094024645605421,-0.185376183443822,0.006394972390253,1
19.229999999999997,2.599837382071101,-2.957138897923886,0.697066925962013,0.810664848343223,-0.211868890971277,-0.212183448628888,0.107192949935700,0.531917349287433,-0.104360670905887,-0.056597567319872,0.283869891083428,-0.091336855793866,-0.185323242466288,0.005370272529372,1
19.240000000000002,2.607949380786861,-2.959230944266889,0.694939858347758,0.811733955101433,-0.206535768931044,-0.213231570704983,0.106629132864741,0.534682571084570,-0.105258536779842,-0.056158895405834,0.269177331349832,-0.088212398917809,-0.185275215596677,0.004235821449102,1
19.250000000000000,2.616072042454184,-2.961269523576422,0.692802265146141,0.812797446311876,-0.201175729003389,-0.214288512840679,0.106069908737846,0.537300957629390,-0.106124446767125,-0.055679210028846,0.254503285312755,-0.084946306010890,-0.185238511636181,0.003105690706422,1
19.259999999999998,2.624205311154021,-2.963254374012175,0.690654059777808,0.813855369931561,-0.195790238570777,-0.215353948457954,0.105515680763201,0.539772707360063,-0.106957003289206,-0.055159894556635,0.239850409255893,-0.081542328952672,-0.185213087381424,0.001979880301330,1
19.270000000000003,2.632349131466824,-2.965185248397305,0.688495158998440,0.814907777880606,-0.190380762898871,-0.216427537190142,0.104966838372943,0.542098045158889,-0.107754846152068,-0.054602320831194,0.225221335721841,-0.078004192766132,-0.185198899629029,0.000858390233826,1
19.280000000000001,2.640503448511476,-2.967061914195935,0.686325483034781,0.815954725905044,-0.184948764873292,-0.217508925254444,0.104423757338419,0.544277222114886,-0.108516652277640,-0.054007849168775,0.210618673512121,-0.074335595617668,-0.185195905175622,-0.000258779496088,1
19.289999999999999,2.648668207982897,-2.968884153488062,0.684144955716934,0.816996273440804,-0.179495704738716,-0.218597745821737,0.103886799885442,0.546310515286384,-0.109241135435231,-0.053377828359893,0.196045007687124,-0.070540208817084,-0.185204060817826,-0.001371628888414,1
19.299999999999997,2.656843356188249,-2.970651762941846,0.681953504606997,0.818032483478823,-0.174023039840380,-0.219693619383714,0.103356314809547,0.548198227463612,-0.109927045972969,-0.052713595669326,0.181502899566145,-0.066621676817602,-0.185223323352265,-0.002480157943151,1
19.310000000000002,2.665028840115536,-2.972364554028410,0.679751060999332,0.819063435889127,-0.168532322213471,-0.220796203925284,0.102836661751585,0.549911425411758,-0.110588078400204,-0.051216908163149,0.161179381846396,-0.065551387033595,-0.185252356942469,-0.003326022325884,1
19.320000000000000,2.673224607833735,-2.974022355655393,0.677537558681333,0.820089266610837,-0.163025484517323,-0.221905341953105,0.102331977535537,0.551422667523398,-0.111237412731294,-0.049719953623999,0.141111590862179,-0.064282801535242,-0.185289833043346,-0.004168660077631,1
19.329999999999998,2.681430608874424,-2.975625016677311,0.675312932735901,0.821110125333121,-0.157504533538116,-0.223020906645699,0.101842261054452,0.552734506817714,-0.111873088276980,-0.048223486223999,0.121298676369937,-0.062820368847776,-0.185335719388585,-0.005008071198392,1
19.340000000000003,2.689646794265885,-2.977172405889031,0.673077119611452,0.822126161696500,-0.151971450574412,-0.224142751796616,0.101367503698176,0.553849487793192,-0.112493188681705,-0.046728252431674,0.101739784474406,-0.061168507186473,-0.185389983711877,-0.005844255688168,1
19.350000000000001,2.697873116532239,-2.978664411771319,0.670830057313550,0.823137525218196,-0.146428191522554,-0.225270712256255,0.100907689430387,0.554770146391107,-0.113095841620515,-0.045234991011955,0.082434057628658,-0.059331604456662,-0.185452593746912,-0.006677213546958,1
19.359999999999999,2.706109529691870,-2.980100942237257,0.668571685592138,0.824144365218259,-0.140876686962400,-0.226404604370656,0.100462794865634,0.555499009959007,-0.113679218495962,-0.043744433026174,0.063380634634014,-0.057314018253717,-0.185523517227380,-0.007506944774761,1
19.369999999999997,2.714355989255067,-2.981481924379497,0.666301946124404,0.825146830746460,-0.135318842243456,-0.227544226417261,0.100032789346369,0.556038597214195,-0.114241534134998,-0.042257301832065,0.044578650640101,-0.055120075863057,-0.185602721886970,-0.008333449371579,1
19.380000000000003,2.722612452220965,-2.982807304218400,0.664020782693301,0.826145070509954,-0.129756537571354,-0.228689359037638,0.099617635019984,0.556391418207211,-0.114781046485883,-0.040774313083764,0.026027237144827,-0.052754074260151,-0.185690175459375,-0.009156727337411,1
19.390000000000001,2.730878877073749,-2.984077046451018,0.661728141361756,0.827139232801716,-0.124191628094722,-0.229839765667183,0.099217286915850,0.556559974285314,-0.115296056315080,-0.039296174731812,0.007725521994433,-0.050220280110516,-0.185785845678282,-0.009976778672257,1
19.399999999999999,2.739155223778179,-2.985291134200972,0.659423970642591,0.828129465429746,-0.118625943992367,-0.230995192961782,0.098831693022348,0.556546758055970,-0.115784906904157,-0.037823587023152,-0.010327370616590,-0.047522929769713,-0.185889700277383,-0.010793603376118,1
19.411000000000001,2.748270618815244,-2.986562351997561,0.656876007931748,0.829214322298459,-0.112504990636956,-0.232271723306591,0.098414721056574,0.556314379921151,-0.116313311189352,-0.037981425091459,-0.031857654121552,-0.048500364756133,-0.186012324028366,-0.011501117952408,1
19.420000000000002,2.755737528894259,-2.987552370580215,0.654780845820738,0.830098515170119,-0.107499686211043,-0.233320515839543,0.098072443364241,0.555949506357156,-0.116752562686004,-0.038075033746691,-0.049181778676985,-0.049078125705327,-0.186118430390326,-0.012077734784807,1
19.430000000000000,2.764043411318998,-2.988599578957288,0.652441794834345,0.831077334568004,-0.101942967295621,-0.234490503242795,0.097691323611734,0.555362704541539,-0.117245604987972,-0.038142613069577,-0.068125126571524,-0.049490420492754,-0.186242401335362,-0.012716035939117,1
19.439999999999998,2.772359062872032,-2.989591252629175,0.650091019263027,0.832052340015096,-0.096393058229063,-0.235665437712523,0.097309715309030,0.554588069343705,-0.117741580864875,-0.038172930241614,-0.086748818909570,-0.049665644949544,-0.186372742743441,-0.013351827393404,1
19.450000000000003,2.780684445395595,-2.990527469032851,0.647728469528750,0.833023528470392,-0.090851821398766,-0.236845336811257,0.096927985498808,0.553628786413681,-0.118238143689357,-0.038167099545239,-0.105055035984601,-0.049608609088934,-0.186509429517563,-0.013985109147668,1
19.460000000000001,2.789019520719660,-2.991408324070241,0.645354095994389,0.833990900507751,-0.085321087444575,-0.238030194875235,0.096546490125420,0.552488019622987,-0.118732994778880,-0.038126226363799,-0.123045953204461,-0.049324091860976,-0.186652436560728,-0.014615881201909,1
19.470999999999997,2.798199253234219,-2.992313458886389,0.642728569590027,0.835050606755311,-0.079251557218957,-0.239339231773429,0.096127527342861,0.551027311793308,-0.119272668710955,-0.038042100182394,-0.142474381186162,-0.048754047607075,-0.186817014265683,-0.015306831758047,1
19.479999999999997,2.805718597240509,-2.993004424082497,0.640569680055898,0.835914215036054,-0.074298293290763,-0.240414651976685,0.095785571508852,0.549674581346270,-0.119708604883193,-0.037943729583643,-0.158090565282229,-0.048091573787336,-0.186957311066184,-0.015869896210321,1
19.490000000000002,2.814082522350914,-2.993719950349365,0.638159540127091,0.836870175758624,-0.068809737588399,-0.241614127840707,0.095406805463649,0.548008129150454,-0.120185003461303,-0.037804272256156,-0.175148586527923,-0.047152975525855,-0.187119128334475,-0.016493139164493,1
19.500000000000000,2.822455988154772,-2.994380677212018,0.635737381784902,0.837822356309880,-0.063338694189302,-0.242818317263325,0.095029588429216,0.546172631772100,-0.120650968809832,-0.037634104986060,-0.191899960693999,-0.046005701065434,-0.187287165483807,-0.017113872418641,1
19.509999999999998,2.830838956925219,-2.994986788187724,0.633303158489029,0.838770770631552,-0.057886835443082,-0.244027089972386,0.094653305514697,0.544171988318337,-0.121099778073888,-0.037616358610500,-0.208177491527904,-0.043728811735887,-0.187461127642138,-0.017678190371009,1
19.521000000000001,2.840071153585269,-2.995590668132538,0.630611524408297,0.839809682220201,-0.051913894128753,-0.245361779820422,0.094239822880300,0.541785163674782,-0.121566168715923,-0.037555142036488,-0.225729116045613,-0.041037262238299,-0.187658990254973,-0.018296383803738,1
19.530000000000001,2.847633252877351,-2.996035978736782,0.628398340044108,0.840656320649668,-0.047047160685968,-0.246457506126926,0.093902172669353,0.539690026609520,-0.121925049630132,-0.037473599405101,-0.239816033740131,-0.038693022581731,-0.187825926165881,-0.018800186496846,1
19.539999999999999,2.856044504951576,-2.996479506455642,0.625927662394238,0.841593470602965,-0.041662508567702,-0.247678646060468,0.093528022562761,0.537214787741709,-0.122298352197450,-0.037350874616388,-0.255181653349037,-0.035942160243988,-0.188016718266100,-0.019357864670315,1
19.549999999999997,2.864465109839660,-2.996869313963697,0.623444755144680,0.842526885741469,-0.036303372120001,-0.248903378960038,0.093155264244933,0.534587391450645,-0.122643392834489,-0.037195429136988,-0.270247900317279,-0.033041296797783,-0.188213076081755,-0.019913329584150,1
19.560000000000002,2.872895030268458,-2.997205663975724,0.620949583803705,0.843456581600393,-0.030971257986628,-0.250131414772186,0.092784219314164,0.531810820015397,-0.122958691290733,-0.037008383096321,-0.285017063065779,-0.029994379597651,-0.188414977480251,-0.020466581238354,1
19.570000000000000,2.881334229136051,-2.997488834124204,0.618442116853478,0.844382576875087,-0.025667643102885,-0.251362448837846,0.092415198215239,0.528888032862220,-0.123242806646432,-0.036790847067347,-0.299491423737670,-0.026805327442575,-0.188622400328990,-0.021017619632924,1
19.579999999999998,2.889782669542830,-2.997719116663380,0.615922325894144,0.845304893309978,-0.020393974923800,-0.252596162284224,0.092048500334994,0.525821966627318,-0.123494337027052,-0.036543922066570,-0.313673258198365,-0.023478030575975,-0.188835322495377,-0.021566444767861,1
19.590000000000003,2.898240314821418,-2.997896818175595,0.613390185784022,0.846223555588472,-0.015151671651728,-0.253832222413813,0.091684414097884,0.522615535219632,-0.123711919317712,-0.036268699554035,-0.327564836035520,-0.020016350685712,-0.189053721846815,-0.022113056643165,1
19.600000000000001,2.906707128565489,-2.998022259279893,0.610845674775926,0.847138591223802,-0.009942122463322,-0.255070283090566,0.091323217061546,0.519271629883622,-0.123894228877634,-0.035966261433334,-0.341168420559005,-0.016424120904091,-0.189277576250708,-0.022657455258836,1
19.609999999999999,2.915183074501126,-2.998095774177157,0.608288775181305,0.848049967970282,-0.004766621539495,-0.256309772827528,0.090946480652613,0.515812926749874,-0.123976480084102,-0.039357251588023,-0.350545311610186,-0.000081014650675,-0.189506770060982,-0.023180956932214,1
19.619999999999997,2.923668114808164,-2.998117708556437,0.605719479286906,0.848957410169789,0.000373826194963,-0.257549273398729,0.090536543305320,0.512261260367991,-0.123896942280736,-0.042606858557716,-0.359761187733462,0.015934158239097,-0.189741188392079,-0.023702359423430,1
19.630000000000003,2.932162208504554,-2.998088417570981,0.603137795019298,0.849860592841222,0.005478299146560,-0.258787183263065,0.090094806594179,0.508618237358650,-0.123658880502745,-0.045717531186648,-0.368816754866512,0.031624255764100,-0.189980810252177,-0.024221662732485,1
19.640000000000001,2.940665311428089,-2.998008265509764,0.600543746157692,0.850759204897038,0.010545891752682,-0.260021933387047,0.089622647683953,0.504885457276621,-0.123265531255945,-0.048691702581242,-0.377712720254666,0.046992125804323,-0.190225614649454,-0.024738866859379,1
19.649999999999999,2.949177376374158,-2.997877625637520,0.597937372010276,0.851652948899955,0.015575714410889,-0.261251986960026,0.089121419487025,0.501064512597676,-0.122720102617946,-0.051531790110121,-0.386449792450938,0.062040606120937,-0.190475580592090,-0.025253971804112,1
19.661000000000001,2.958550939059016,-2.997676064629478,0.595056190254276,0.852630106107928,0.021063852740811,-0.262597826255705,0.088538078672734,0.496761535284919,-0.121948273608912,-0.054503885403793,-0.395877897487954,0.078228413827624,-0.190756479660139,-0.025818162687922,1
19.670000000000002,2.966228189112675,-2.997466419442961,0.592687880813680,0.853424709800381,0.025518570849343,-0.263692016622886,0.088037046565000,0.493164463878710,-0.121185697944889,-0.056819304356200,-0.403450098018222,0.091190698033724,-0.190990913146150,-0.026277884147095,1
19.680000000000000,2.974766828489374,-2.997186643099274,0.590044917152677,0.854302197906832,0.030429904587166,-0.264899077656699,0.087456487819201,0.489088509277589,-0.120202996834719,-0.059271487121617,-0.411714755033586,0.105297934557943,-0.191256237773931,-0.026786691545344,1
19.689999999999998,2.983314213315722,-2.996857958586869,0.587389934354723,0.855173759902661,0.035300068149869,-0.266095611464885,0.086852032060051,0.484930688931195,-0.119080766385498,-0.061599098117757,-0.419823366145788,0.119097031214664,-0.191526639979783,-0.027293399761433,1
19.700000000000003,2.991870283156434,-2.996480781674809,0.584723044617300,0.856039163007282,0.040128250670385,-0.267280238114552,0.086224913298729,0.480692559724190,-0.117822074051636,-0.063804476024219,-0.427776646446177,0.132590775170792,-0.191802098771886,-0.027798008795360,1
19.710000000000001,3.000434975392509,-2.996055535584301,0.582044373606294,0.856898219733099,0.044913887929467,-0.268451679301531,0.085586238094864,0.476444803599565,-0.116451230431020,-0.063920764374458,-0.421829638598536,0.141550538420487,-0.192085121825102,-0.028805928904543,1
19.719999999999999,3.009008226245138,-2.995582644531554,0.579354058212049,0.857750884865896,0.049657339497533,-0.269608966801358,0.084946691379059,0.472254876087276,-0.114991609959401,-0.063979041964053,-0.416209891590152,0.150346298816247,-0.192378203891107,-0.029809811353020,1
19.729999999999997,3.017589971764417,-2.995062527536333,0.576652244382983,0.858597152564789,0.054359167400733,-0.270751221030322,0.084306845373118,0.468119535482805,-0.113444848062046,-0.063980883878348,-0.410911231425026,0.158978977005294,-0.192681304593294,-0.030809656140794,1
19.740000000000002,3.026180147970390,-2.994495598159199,0.573939086781732,0.859437022632565,0.059019901556198,-0.271877578712933,0.083667256610244,0.464035601618225,-0.111812570957972,-0.063927852752064,-0.405927524780471,0.167449493589854,-0.192994383555054,-0.031805463267863,1
19.750000000000000,3.034778690908675,-2.993882264819532,0.571214748622534,0.860270500359417,0.063640040385358,-0.272987192789860,0.083028466059548,0.459999955455476,-0.110096395660401,-0.063821498769295,-0.401252679007128,0.175758769127132,-0.193317400399782,-0.032797232734228,1
19.759999999999998,3.043385536704605,-2.993222931107432,0.568479401509520,0.861097596367929,0.068220051423226,-0.274079232325878,0.082390999250551,0.456009538679619,-0.108297929977208,-0.063663359663511,-0.396880642128944,0.183907724129345,-0.193650314750870,-0.033784964539888,1
19.770000000000003,3.052000621615755,-2.992517996089560,0.565733225275934,0.861918326459303,0.072760371923589,-0.275152882417818,0.081755366397694,0.452061353292107,-0.106418772511368,-0.063454960717554,-0.392805402843182,0.191897279063704,-0.193993086231711,-0.034768658684844,1
19.780999999999999,3.061486655344911,-2.991690369188072,0.562700148283243,0.862813801929145,0.077709367471396,-0.276311704621862,0.081058878839675,0.447763621787912,-0.104260396962510,-0.063169476955356,-0.388658316115480,0.200502780935672,-0.194381471656020,-0.035846058746182,1
19.789999999999999,3.069255254779817,-2.990972897578770,0.560209144967377,0.863540777074586,0.081723542523481,-0.277241834264770,0.080491567589793,0.444279983829530,-0.102424730621878,-0.062893422183362,-0.385521475204590,0.207401870372644,-0.194708039076224,-0.036723933992642,1
19.799999999999997,3.077894676660729,-2.990133512270281,0.557431640270333,0.864342553727447,0.086147121114270,-0.278255585545313,0.079864346608777,0.440441101678746,-0.100312997383745,-0.062543270907685,-0.382300967612874,0.214918747456624,-0.195080139686681,-0.037695515155485,1
19.810000000000002,3.086542097225033,-2.989250092666448,0.554644107982351,0.865142951329400,0.090528449270658,-0.279246613388588,0.080697247390412,0.435432947876830,-0.097758363801196,0.226706012531441,-0.617254672804585,0.295444238263823,-0.195447456077364,-0.035769667585843,1
19.820000000000000,3.095197611016804,-2.988323148831244,0.551846806428103,0.865965899938450,0.094848154550571,-0.280208124742865,0.084350629048184,0.428137044690791,-0.094415286575766,0.501603863096336,-0.839897350949469,0.372617526722291,-0.195795571130496,-0.033855247645348,1
19.831000000000003,3.104728466552237,-2.987254116208677,0.548758892152912,0.866929959831704,0.099502116823342,-0.281222494313381,0.091457629741894,0.417614390135231,-0.089866880913020,0.787778827011998,-1.070916465820263,0.453708038340827,-0.196156456532823,-0.031762584622467,1
19.840000000000003,3.112534642776813,-2.986341819396757,0.546224307171551,0.867788014740414,0.103214833502088,-0.282012055882841,0.099553905503034,0.407166103378892,-0.085496087745788,1.009560220535850,-1.249357987880312,0.517147348798973,-0.196434654329273,-0.030060690651797,1
19.850000000000001,3.121217678781755,-2.985289528931865,0.543400000850372,0.868837981575439,0.107220856545950,-0.282840021696421,0.110828885388828,0.393726236818319,-0.079984617729869,1.243219491791954,-1.436723632152422,0.584622671574274,-0.196725851027501,-0.028180553598742,1
19.859999999999999,3.129911816595652,-2.984197880986791,0.540567701559938,0.870012160778229,0.111083300689315,-0.283609551197855,0.124374462623525,0.378469015967412,-0.073814016343889,1.463728858937286,-1.612873620350397,0.648983370315162,-0.196998303493345,-0.026311844174834,1
19.869999999999997,3.138618409692668,-2.983068400360150,0.537728026103267,0.871332605732739,0.114784548705468,-0.284314207831787,0.140060608749246,0.361505258485083,-0.067015138161043,1.671381991078414,-1.778075299813123,0.710287702654457,-0.197252126003095,-0.024454562380073,1
19.880000000000003,3.147339025628222,-2.981902782526391,0.534881654115893,0.872820084177051,0.118308078220223,-0.284947860683295,0.157760218573022,0.342943121547652,-0.059618257452089,1.866469872088333,-1.932593419717886,0.768593471446721,-0.197487432833043,-0.022608708214457,1
19.890000000000001,3.156075433328222,-2.980702882819864,0.532029325038404,0.874494107301751,0.121638435236992,-0.285504678697597,0.177349083314403,0.322888127830512,-0.051653072733145,2.049280800605921,-2.076690131079945,0.823958024768093,-0.197704338259481,-0.020774281677989,1
19.899999999999999,3.164829590668000,-2.979470705882334,0.529171835146546,0.876372958579806,0.124761207921701,-0.285979124945250,0.198705863753202,0.301443191489673,-0.043148711313443,2.220100390036768,-2.210624986753183,0.876438255916539,-0.197902956558700,-0.018951282770668,1
19.909999999999997,3.173603619467147,-2.978208387732331,0.526310032499102,0.878468586724372,0.127666047318639,-0.286366804604798,0.220177769972937,0.279618185045865,-0.034388802202184,2.074902475773262,-2.154526549029111,0.875489386238228,-0.198090848511549,-0.018627297993312,1
19.920000000000002,3.182399654098411,-2.976918103126426,0.523444790878873,0.880771735997388,0.130355426585511,-0.286666938011284,0.240216265632190,0.258349670441109,-0.025639997814817,1.933410279360749,-2.099325133099492,0.874218247600305,-0.198275506322452,-0.018304454381735,1
19.930000000000000,3.191219698718155,-2.975601978990466,0.520576985139680,0.883268256780382,0.132834865938024,-0.286879652231886,0.258858168391945,0.237628721962609,-0.016905492802907,1.795575941280397,-2.045011844949652,0.872630442025377,-0.198456941403069,-0.017982751935938,1
19.939999999999998,3.200065617819499,-2.974262087492937,0.517707488705866,0.885944365242916,0.135109796778761,-0.287005106000758,0.276139818637460,0.217446502627387,-0.008188425965361,1.661351865897222,-1.991577832622822,0.870731538018739,-0.198635165165057,-0.017662190655919,1
19.950000000000003,3.208939139866354,-2.972900446928677,0.514837173258417,0.888786638583023,0.137185562582372,-0.287043489162177,0.292097082117062,0.197794263761739,0.000508119416382,1.530690721460486,-1.939014286220305,0.868527070568386,-0.198810189020074,-0.017342770541680,1
19.960000000000001,3.217841860880001,-2.971519022593746,0.511966908426644,0.891782010294023,0.139067419776560,-0.286995022117041,0.306765352580956,0.178663344580702,0.009181115243157,1.403545440103961,-1.887312437901587,0.866022541145020,-0.198982024379777,-0.017024491593220,1
19.969999999999999,3.226775247978528,-2.970119727651507,0.509097561485348,0.894917765457750,0.140760538618872,-0.286859955272727,0.320179554420141,0.160045171767384,0.017827588262938,1.279869217845379,-1.836463561884119,0.863223417702038,-0.199150682655824,-0.016707353810539,1
19.979999999999997,3.235740642869267,-2.968704423989961,0.506229997057510,0.898181536064142,0.142270004069276,-0.286638568496292,0.332374145305204,0.141931259052444,0.026444619735640,1.159615514586797,-1.786458974443458,0.860135134675544,-0.199316175259873,-0.016391357193637,1
19.990000000000002,3.244739265294589,-2.967274923070375,0.503365076822404,0.901561296357243,0.143600816658530,-0.286331170571031,0.343383118825181,0.124313206793481,0.035029345097960,1.042738054114428,-1.737290033913198,0.856763092984338,-0.199478513603583,-0.016076501742514,1
20.000000000000000,3.253772216431269,-2.965832986767253,0.500503659229147,0.905045358207563,0.144757893352348,-0.285938098656385,0.353240007126366,0.107182701554506,0.043578953628176,0.929190824098970,-1.688948140685113,0.853112660029931,-0.199637709098610,-0.015762787457170,1
20.009999999999998,3.262840483285717,-2.964380327814617,0.497646598361452,0.908622782340956,0.145746222223495,-0.285460058816394,0.362102155170093,0.090577552373070,0.051988667799592,0.843591781124527,-1.632260136171870,0.828904636312172,-0.199796008358798,-0.015896955788143,1
20.020000000000003,3.271944953310444,-2.962918606427245,0.494794734361769,0.912284583199038,0.146571316205364,-0.284899124810007,0.370118861384735,0.074533948563393,0.060158527461784,0.760098332916324,-1.576637213647414,0.805140945589918,-0.199955646038524,-0.016030471364562,1
20.030000000000001,3.281086428350493,-2.961449427053813,0.491948884252891,0.916022411231214,0.147238737682628,-0.284257673046827,0.377311058157183,0.059041294801743,0.068092951606218,0.678685787340033,-1.522068282322457,0.781816724102128,-0.200116615610241,-0.016163334186428,1
20.040999999999997,3.291185647872186,-2.959826563303412,0.488826341502212,0.920212122769743,0.147797299358731,-0.283461860592786,0.384294847700813,0.042623212806237,0.076554104858382,0.591506106613397,-1.463246642773365,0.756661891413086,-0.200295212683754,-0.016308729358972,1
20.051000000000002,3.300407079187955,-2.958346700827824,0.485995675772457,0.924083352768653,0.148151246619047,-0.282658861846892,0.389822615275191,0.028253557995050,0.084008282682293,0.514383617956999,-1.410855217648155,0.734244828795618,-0.200458957981493,-0.016440221396276,1
20.060000000000002,3.308739677605432,-2.957012365344814,0.483455236957114,0.927611669504193,0.148349016559467,-0.281873319007494,0.394146228084550,0.015764737351511,0.090527074470696,0.446688446644849,-1.364575287008768,0.714432591555055,-0.200607450401885,-0.016558006124706,1
20.070000000000000,3.318035572979734,-2.955528312256381,0.480641148287030,0.931574235766172,0.148439280404112,-0.280932688616839,0.398244802556837,0.002372136046279,0.097562979608676,0.373354992367602,-1.314112425065500,0.692818081554839,-0.200773682266113,-0.016688257928358,1
20.079999999999998,3.327371286805070,-2.954044017790862,0.477836814131064,0.935574153854368,0.148398124678799,-0.279922772955501,0.401619858730378,-0.010520842132872,0.104384821114332,0.301980781637031,-1.264648859733007,0.671619076104116,-0.200941213384604,-0.016817856977457,1
20.090000000000003,3.336747156749338,-2.952560771328899,0.475042916707791,0.939604286147947,0.148230495829955,-0.278845691963375,0.404290869083056,-0.022924136174642,0.110996730402926,0.232541842953456,-1.216173803965151,0.650830853089972,-0.201110037229814,-0.016946803272003,1
20.100000000000001,3.346163450073837,-2.951079813281827,0.472260117242181,0.943657688554274,0.147941241452625,-0.277703524501918,0.406277066978281,-0.034847577450362,0.117402791786616,0.165014324923144,-1.168676521339776,0.630448714007572,-0.201280147274196,-0.017075096811995,1
20.109999999999999,3.355620365467260,-2.949602336157785,0.469489056802919,0.947727572440413,0.147535078225229,-0.276498137559110,0.407586780296966,-0.046310805650255,0.123658273940718,0.097255934908844,-1.124118929702536,0.620655017292277,-0.201450905717279,-0.017076568926809,1
20.119999999999997,3.365118033973836,-2.948129486438532,0.466730361376738,0.951807198195411,0.147016495655356,-0.275230684748567,0.408228695830692,-0.057332935849175,0.129816038534304,0.031450595490351,-1.080455281066320,0.610905241048516,-0.201621678195175,-0.017077903774715,1
20.130000000000003,3.374656519946838,-2.946662366411173,0.463984646743763,0.955889985077247,0.146389860189679,-0.273902141045967,0.408222219128465,-0.067922858353321,0.135876525942319,-0.032426663095078,-1.037675758522050,0.601199618911503,-0.201792463335217,-0.017079101355713,1
20.140000000000001,3.384235822898218,-2.945202035141230,0.461252518956430,0.959969545153057,0.145659449861868,-0.272513477011598,0.407586506690488,-0.078089365535424,0.141840178863754,-0.094400680845634,-0.995770592290089,0.591538382057692,-0.201963259764733,-0.017080161669804,1
20.149999999999999,3.393855879414310,-2.943749509351878,0.458534574383737,0.964039680815150,0.144829455269566,-0.271065658767239,0.406340467265804,-0.087841152306089,0.147707442297080,-0.154496167995223,-0.954730059720055,0.581921759204725,-0.202134066111056,-0.017081084716986,1
20.159999999999997,3.403516565046693,-2.942305764293441,0.455831399755753,0.968094382309974,0.143903980546661,-0.269559647973289,0.404502763149938,-0.097186816585055,0.153478763515651,-0.212737705013290,-0.914544485290948,0.572349976611473,-0.202304881001517,-0.017081870497261,1
20.170999999999999,3.414190025004530,-2.940728900771999,0.452875655477601,0.972529781592346,0.142780472517270,-0.267836965960854,0.401819889477255,-0.107008119366749,0.159716940171053,-0.274691261375882,-0.871316339992467,0.561873073290895,-0.202492785611221,-0.017082576312285,1
20.180000000000000,3.422959031865803,-2.939448315155500,0.450471659328137,0.976134368319010,0.141782580726389,-0.266376872935810,0.399125785545041,-0.114693687220333,0.164735379628824,-0.323756601710570,-0.836699744418229,0.553341824945650,-0.202646530924173,-0.017083030257087,1
20.189999999999998,3.432740275655628,-2.938036361902352,0.447816219197665,0.980108550539282,0.140594440262406,-0.264702009503780,0.395622616058278,-0.122871608703476,0.170221580223247,-0.376582473506536,-0.799021462579389,0.543905896096899,-0.202817363211031,-0.017083404236638,1
20.200000000000003,3.442561077378383,-2.936636692704351,0.445177800440788,0.984045089153202,0.139326390846123,-0.262972755101131,0.391599992480150,-0.130676838891188,0.175613649953394,-0.427651419404596,-0.762159908090939,0.534515687955483,-0.202988198551349,-0.017083640949282,1
20.210000000000001,3.452421035172735,-2.935250088301509,0.442556942541232,0.987938979134557,0.137982059090692,-0.261189939757854,0.387105892702768,-0.138135330042506,0.180944652704719,-0.470918413199541,-0.729650491942040,0.531656142009659,-0.203158624689242,-0.017001618732987,1
20.219999999999999,3.462319700013107,-2.933877294750524,0.439954178861500,0.991785789695663,0.136564756708686,-0.259353960223281,0.382186592650155,-0.145272079683970,0.186246203630376,-0.512694873156328,-0.697810363173790,0.528625846504078,-0.203328231568085,-0.016919789139628,1
20.229999999999997,3.472256580092858,-2.932519025781821,0.437370039542589,0.995581343021042,0.135077667774981,-0.257465119500854,0.376856895881520,-0.152093743460869,0.191516610915380,-0.553001136910067,-0.666632082069781,0.525427934575957,-0.203497021114110,-0.016838152169203,1
20.240000000000002,3.482231142563986,-2.931175963616625,0.434805051611386,0.999321608315752,0.133523910179385,-0.255523737355804,0.371131403125708,-0.158606902800937,0.196754213986562,-0.591857432896918,-0.636108244834051,0.522065521450394,-0.203664995253546,-0.016756707821713,1
20.250000000000000,3.492242814997195,-2.929848759625099,0.432259738814622,1.003002699782529,0.131906536367021,-0.253530150003635,0.365024513373213,-0.164818065273537,0.201957383333432,-0.629283880353980,-0.606231483591174,0.518541704440376,-0.203832155912621,-0.016675456097158,1
20.259999999999998,3.502290986821836,-2.928538034977109,0.429734621455910,1.006620874609879,0.130228534075112,-0.251484709800385,0.358550424968137,-0.170733664948893,0.207124520329080,-0.665300489319458,-0.576994466386125,0.514859562946768,-0.203998505017566,-0.016594396995538,1
20.270000000000003,3.512375010745731,-2.927244381285626,0.427230216235881,1.010172530971068,0.128492827066179,-0.249387784934690,0.351723136700196,-0.176360062757281,0.212254057051043,-0.699927160632571,-0.548389897184350,0.511022158458314,-0.204164044494608,-0.016513530516853,1
20.280000000000001,3.522494204155042,-2.925968361242837,0.424747036095398,1.013654206034029,0.126702275857644,-0.247239759121638,0.344556448896724,-0.181703546848222,0.217344456102177,-0.733183685933491,-0.520410515871828,0.507032534551650,-0.204328776269979,-0.016432856661103,1
20.289999999999999,3.532647850494353,-2.924710509248945,0.422285590061807,1.017062573982215,0.124859678447840,-0.245041031298405,0.337063964514632,-0.186770332949710,0.222394210431552,-0.765089747663483,-0.493049098254941,0.502893716891290,-0.204492702269907,-0.016352375428287,1
20.299999999999997,3.542835200626948,-2.923471332033760,0.419846383098233,1.020394444046341,0.122967771038429,-0.242792015321692,0.329259090232420,-0.191566564727402,0.227401843155320,-0.795664919064810,-0.466298456060563,0.498608713229628,-0.204655824420621,-0.016272086818406,1
20.310000000000002,3.553055474342178,-2.922251309668534,0.417429915450027,1.023646825043272,0.121029070040669,-0.240493341672889,0.321174899252298,-0.196145788625380,0.232305475095377,-0.820991117008473,-0.449590696650599,0.482161765464858,-0.204816488832704,-0.015861047540970,1
20.320000000000000,3.563307863482200,-2.921050900500929,0.415036676989751,1.026817115972289,0.119045407764579,-0.238146449653505,0.312842885412225,-0.200559262127483,0.237045956079971,-0.845232056213392,-0.433147977690928,0.465978102676855,-0.204973050410297,-0.015451519920548,1
20.329999999999998,3.573591534935433,-2.919870545900281,0.412667141787338,1.029902892611558,0.117018428501973,-0.235752957650743,0.304273824482144,-0.204809623678869,0.241625906393602,-0.868403086439451,-0.416967908963160,0.450055213667002,-0.205125524269972,-0.015043503957140,1
20.340000000000003,3.583905631884315,-2.918710670924530,0.410321767859445,1.032901837730832,0.114949750279556,-0.233314457974337,0.295478339146235,-0.208899487872049,0.246047921264453,-0.890519475079387,-0.401048110156121,0.434390598370393,-0.205273925528297,-0.014636999650748,1
20.350000000000001,3.594249274867551,-2.917571684581690,0.408000997428980,1.035811739564698,0.112840965096967,-0.230832517106560,0.286466899826604,-0.212831445545948,0.250314570975715,-0.911596407158745,-0.385386210865885,0.418981767855872,-0.205418269301843,-0.014232007001370,1
20.359999999999999,3.604621562827209,-2.916453980088920,0.405705257182126,1.038630490294097,0.110693639163804,-0.228308675951110,0.277249825506919,-0.216608063884998,0.254428400976947,-0.931648985335975,-0.369979850595705,0.403826244325959,-0.205558570707181,-0.013828526009007,1
20.369999999999997,3.615021574140590,-2.915357935129251,0.403434958522888,1.041356084536042,0.108509313135681,-0.225744450080896,0.267837284556106,-0.220231886518195,0.258391931995398,-0.950692229902366,-0.354826678756061,0.388921561116905,-0.205694844860880,-0.013426556673659,1
20.381000000000000,3.626492483213053,-2.914177734512907,0.400967487661330,1.044244372474404,0.106065627199684,-0.222878935434036,0.257269678274676,-0.224044619503042,0.262581199173759,-0.970491844559727,-0.338447829060984,0.372813199814630,-0.205840112995933,-0.012986136368628,1
20.390000000000001,3.635900983600057,-2.913232258394525,0.398972256682379,1.046520285202067,0.104035697056459,-0.220500781312738,0.248465728105075,-0.227031202000298,0.265878057049450,-0.985810387532088,-0.325270547546346,0.359854904674922,-0.205955371879643,-0.012627152974007,1
20.402999999999999,3.649526379748154,-2.911899095850353,0.396128343302295,1.049666444481840,0.101057336095107,-0.217014469630344,0.235515193299659,-0.231136940833199,0.270445813425168,-1.005478790260922,-0.305992193746841,0.347800443454273,-0.206116199494293,-0.012133310569142,1
20.410000000000004,3.656879757385599,-2.911197374683777,0.394615887888962,1.051290350323635,0.099431972931398,-0.215112788457877,0.228448560549517,-0.233239403464296,0.272897220547535,-1.013487849424914,-0.294736991166863,0.352562879095683,-0.206200346476418,-0.011908783494953,1
20.420000000000002,3.667403913945408,-2.910214765384672,0.392478463898551,1.053523979531313,0.097085106906326,-0.212366079435389,0.218259439683453,-0.236107445090000,0.276455256057745,-1.024192869686879,-0.278923059816482,0.358966266748322,-0.206317834695561,-0.011589062724355,1
20.430000000000000,3.677949895592825,-2.909255765525149,0.390368685947943,1.055655196565159,0.094710346002763,-0.209583477653310,0.207967548415066,-0.238818893665071,0.280074999046981,-1.034044309325275,-0.263417830323847,0.364905602351457,-0.206432131778719,-0.011270556297909,1
20.439999999999998,3.688516673209259,-2.908320646275651,0.388286915973074,1.057683016162591,0.092309240771129,-0.206764389116879,0.197581351309463,-0.241376819712801,0.283751845748580,-1.043056402371602,-0.248218006252582,0.370388229702842,-0.206543249869333,-0.010953264215615,1
20.450000000000003,3.699103208244365,-2.907409663454097,0.386233521620858,1.059606536996400,0.089883311221169,-0.203908265502512,0.187109171017255,-0.243784260870732,0.287481265624796,-1.051243297691762,-0.233320306888236,0.375421450787513,-0.206651201110845,-0.010637186477474,1
20.460000000000001,3.709708453548277,-2.906523057829644,0.384208875796138,1.061424940259854,0.087434047150031,-0.201014603427601,0.176559189126248,-0.246044222047867,0.291258800948662,-1.058619058986038,-0.218721467238320,0.380012525777781,-0.206755997646696,-0.010322323083484,1
20.469999999999999,3.720331354189824,-2.905661055423179,0.382213356215900,1.063137488260335,0.084962908468755,-0.198082943724492,0.165939447013046,-0.248159675581897,0.295080066385880,-1.065197664789125,-0.204418238032248,0.384168673033247,-0.206857651620328,-0.010008674033647,1
20.479999999999997,3.730970848260645,-2.904823867804555,0.380247344970744,1.064743523021487,0.082471325527208,-0.195112870718656,0.155257846694747,-0.250133561396415,0.298940748576678,-1.070993008470111,-0.190407385721378,0.387897069100792,-0.206956175175183,-0.009696239327962,1
20.490000000000002,3.741625867665412,-2.904011692386583,0.378311228093539,1.066242464893873,0.079960699437435,-0.192104011511028,0.144522151680573,-0.251968787158140,0.302836605717697,-1.076018898232482,-0.176685692478992,0.391204848714580,-0.207051580454701,-0.009385018966428,1
20.500000000000000,3.752295338898155,-2.903224712715803,0.376405395135247,1.067633811174157,0.077432402395448,-0.189056035264542,0.133739987823567,-0.253668228434128,0.306763467143843,-1.080289057114112,-0.163249956200334,0.394099104796050,-0.207143879602325,-0.009075012949047,1
20.509999999999998,3.762978184259297,-2.902463098613214,0.374530237430344,1.068917316175657,0.074887836628659,-0.185969178568941,0.122973120498425,-0.255217191894957,0.310559872962120,-1.073024382193369,-0.146610057020407,0.365299550788297,-0.207233949273762,-0.008939001917844,1
20.520000000000003,3.773673327552811,-2.901727004859939,0.372686133342061,1.070093521705753,0.072328606510543,-0.182845786079944,0.112280686908013,-0.256601767824825,0.314071793487810,-1.065403686903606,-0.130371633774380,0.337200596763751,-0.207322661252271,-0.008803474363286,1
20.530000000000001,3.784379699564650,-2.901016569946824,0.370873434120476,1.071163189765367,0.069756335924135,-0.179688667765244,0.101666206047632,-0.257825946538440,0.317306191311464,-1.057435203555054,-0.114529801774289,0.309793568482609,-0.207410020372617,-0.008668430285373,1
20.539999999999999,3.795096238875374,-2.900331916324586,0.369092463262668,1.072127117134702,0.067172609093128,-0.176500564399572,0.091133114870568,-0.258893669630760,0.320269942509704,-1.049127108236904,-0.099079701756764,0.283069837397339,-0.207496031469567,-0.008533869684105,1
20.549999999999997,3.805821892203828,-2.899673150797978,0.367343517200343,1.072986134555625,0.064578971067804,-0.173284148427560,0.080684768850323,-0.259808830231230,0.322969837102135,-1.040487520817326,-0.084016499883064,0.257020820652772,-0.207580699377888,-0.008399792559482,1
20.560000000000002,3.816555614742707,-2.899040364915098,0.365626865978826,1.073741105919680,0.061976928208419,-0.170042024822022,0.070324442542819,-0.260575273258029,0.325412579508276,-1.031524504943463,-0.069335387739066,0.231637981086059,-0.207664028932346,-0.008266198911504,1
20.570000000000000,3.827296370485980,-2.898433635351893,0.363942753927523,1.074392927461725,0.059367948666051,-0.166776731937684,0.060055330148631,-0.261196795672320,0.327604789004471,-1.022246068041454,-0.055031582335299,0.206912827226745,-0.207746024967707,-0.008133088740171,1
20.581000000000003,3.839118099846873,-2.897796401674353,0.362128074386349,1.074991901337595,0.056491765392942,-0.163161098337304,0.048868373263056,-0.261717560343373,0.329734650456949,-1.011684964247517,-0.039727508281042,0.180464706300638,-0.207834686162341,-0.007987225967229,1
20.590000000000003,3.848794883476773,-2.897298579800915,0.360673000036635,1.075390862936960,0.054134863957970,-0.160186463751288,0.039803125498850,-0.262020028248417,0.331263663398140,-1.002774679752357,-0.027536886913573,0.159401839209989,-0.207906035820205,-0.007868318827439,1
20.600000000000001,3.859550615553749,-2.896770336197702,0.359087724191298,1.075738923877864,0.051513508340460,-0.156866239687656,0.029826024927447,-0.262229094835673,0.332743145244787,-0.992597462112412,-0.014336558039760,0.136599250573284,-0.207984060306875,-0.007736659086041,1
20.609999999999999,3.870309331145039,-2.896268314501361,0.357535720819247,1.075987748133396,0.048890683165709,-0.153532337363876,0.019958318070506,-0.262317800050472,0.334001660315875,-0.980902452897365,-0.003452457314698,0.115203597557398,-0.208060341158176,-0.007519646812991,1
20.619999999999997,3.881070043553011,-2.895792523689973,0.356017115855136,1.076138484185098,0.046267510362156,-0.150186909722527,0.010208792456484,-0.262299097211733,0.335049200323900,-0.968962465670555,0.007145673785674,0.094402884485505,-0.208134455955913,-0.007303448373227,1
20.630000000000003,3.891831777845215,-2.895342961916930,0.354532014102205,1.076192325969325,0.043645049773877,-0.146832036902393,0.000579860397105,-0.262175827416900,0.335891674141755,-0.956784984522421,0.017461551548690,0.074189013818782,-0.208206412838418,-0.007088063766749,1
20.640000000000001,3.902593571147908,-2.894919616878621,0.353080499856405,1.076150491172303,0.041024333019447,-0.143469740357636,-0.008926140349182,-0.261950794704749,0.336534909900072,-0.944377436021313,0.027498871420221,0.054553934645041,-0.208276219944026,-0.006873492993556,1
20.649999999999999,3.913354472879889,-2.894522466094832,0.351662637489211,1.076014220487475,0.038406363861474,-0.140101983662875,-0.018306946002020,-0.261626766263804,0.336984655453499,-0.931747189213435,0.037261308004721,0.035489642678647,-0.208343885411067,-0.006659736053649,1
20.660000000000004,3.924113544978854,-2.894151477185476,0.350278472022409,1.075784776878592,0.035792118574062,-0.136730673313616,-0.027560366183903,-0.261206472640752,0.337246578846959,-0.918901555622872,0.046752515065204,0.016988180260560,-0.208409417377876,-0.006446792947027,1
20.670000000000002,3.934869862120415,-2.893806608143640,0.348928029694913,1.075463444848561,0.033182546308196,-0.133357659522032,-0.036684283344936,-0.260692607948859,0.337326268781916,-0.905847789251619,0.055976125523226,-0.000958363641627,-0.208472823982785,-0.006234663673691,1
20.680000000000000,3.945622511929906,-2.893487807605004,0.347611318521632,1.075051529714052,0.030578569455020,-0.129984737008047,-0.045676652187653,-0.260087830076380,0.337229235082646,-0.892593086579524,0.064935751458920,-0.018357853433765,-0.208534113364128,-0.006023348233641,1
20.689999999999998,3.956370595186893,-2.893195015113629,0.346328328844455,1.074550356885837,0.027981084007054,-0.126613645785789,-0.054535499091770,-0.259394760894977,0.336960909162496,-0.879144586564325,0.073634984110975,-0.035218106895100,-0.208593293660236,-0.005812846626876,1
20.700000000000003,3.967113226022543,-2.892928161384148,0.345079033875404,1.073961271154908,0.025390959917315,-0.123246071945362,-0.063258921538975,-0.258615986468132,0.336526644490157,-0.865509370641634,0.082077393876649,-0.051546895178293,-0.208650373009443,-0.005603158853396,1
20.710000000000001,3.977849532141672,-2.892687168259673,0.343863390319056,1.073285648636728,0.022809161551960,-0.119883613691083,-0.071841326844741,-0.257718120530268,0.335942092619405,-0.850956297168194,0.097417141280393,-0.065295233976416,-0.208706174648386,-0.005557192367286,1
20.719999999999999,3.988578655344674,-2.892471945688542,0.342681339843284,1.072524931239059,0.020237100994023,-0.116527681570658,-0.080277747389278,-0.256669206328345,0.335222095629398,-0.836313194548070,0.112288081825718,-0.078636826151805,-0.208761517325427,-0.005511366472751,1
20.729999999999997,3.999299751996807,-2.892282388818142,0.341532810482057,1.071680583233508,0.017676265389177,-0.113179609788539,-0.088567306104223,-0.255473900932452,0.334370693822292,-0.821584701255713,0.126696409649291,-0.091577099558484,-0.208816402446480,-0.005465681169792,1
20.740000000000002,4.010011993149128,-2.892118378156229,0.340417717128412,1.070754077431058,0.015128095621542,-0.109840692417046,-0.096709172121572,-0.254136799638172,0.333391873370501,-0.806775418887424,0.140648285516271,-0.104121452291096,-0.208870831417461,-0.005420136458409,1
20.750000000000000,4.020714564621562,-2.891979780030455,0.339335961933074,1.069746894721908,0.012593986929769,-0.106512183936194,-0.104702560404879,-0.252662436300295,0.332289566614293,-0.791889912161398,0.154149836820261,-0.116275252684863,-0.208924805644287,-0.005374732338602,1
20.759999999999998,4.031406667081452,-2.891866447041758,0.338287434697691,1.068660523618997,0.010075289519770,-0.103195299770508,-0.112546731380502,-0.251055283666529,0.331067652359374,-0.776932708917658,0.167207157583378,-0.128043839315642,-0.208978326532872,-0.005329468810370,1
20.770000000000003,4.042087516117497,-2.891778218511643,0.337272013262716,1.067496459805225,0.007573309174127,-0.099891216822890,-0.120240990568813,-0.249319753711220,0.329729956174494,-0.761908300118092,0.179826308456214,-0.139432520999898,-0.209031395489133,-0.005284345873714,1
20.780000000000001,4.052756342309173,-2.891714920923376,0.336289563889970,1.066256205684355,0.005089307858156,-0.096601074005504,-0.127784688215391,-0.247460197969068,0.328280250689034,-0.746821139846479,0.192013316717813,-0.150446576794678,-0.209084013918985,-0.005239363528634,1
20.789999999999999,4.063412391291772,-2.891676368357143,0.335339941639903,1.064941269935604,0.002624504322632,-0.093325972767671,-0.135177218922282,-0.245480907868836,0.326722255890601,-0.731675645308428,0.203774176275727,-0.161091255997662,-0.209136183228344,-0.005194521775130,1
20.799999999999997,4.074054923816899,-2.891662362919201,0.334422990743600,1.063553167071923,0.000180074703181,-0.090066977620808,-0.142418021279191,-0.243386115067071,0.325059639422620,-0.716476196831421,0.215114847665975,-0.171371778147127,-0.209187904823126,-0.005149820613201,1
20.811000000000000,4.085745234447135,-2.891675058103978,0.333451882768627,1.061943593224409,-0.002483746573006,-0.086501440321207,-0.150198064226687,-0.240907954515108,0.323242334234968,-0.698091711086577,0.235335863214039,-0.159118239557311,-0.209248470972059,-0.005861665690470,1
20.820999999999998,4.096357044821644,-2.891711900997968,0.332603004415629,1.060406985574025,-0.004880761102351,-0.083276791896862,-0.157095738950673,-0.238465382053887,0.321705305321431,-0.681455595843502,0.253077573415502,-0.148345353174092,-0.209310311444984,-0.006505981972934,1
20.829999999999998,4.105894262970932,-2.891765454473151,0.331866524617543,1.058965726443050,-0.007016489655983,-0.080387324287874,-0.163161705155554,-0.236117784988594,0.320412708907556,-0.666547095436836,0.268529807256145,-0.138944552404946,-0.209371466075529,-0.007083573919440,1
20.840000000000003,4.116475651747076,-2.891847379804771,0.331078649278661,1.057301057232890,-0.009363961820839,-0.077189974318205,-0.169744649259374,-0.233348975324965,0.319074154637088,-0.650054549397348,0.285133530578809,-0.128822712396698,-0.209445500156214,-0.007722795295877,1
20.850999999999999,4.128095550624300,-2.891964436758663,0.330248835573015,1.055394902318617,-0.011913191766994,-0.073687733646642,-0.176795876046812,-0.230115138590387,0.317716577015052,-0.632002506147185,0.302719118239333,-0.118076910623354,-0.209534304133643,-0.008422841643398,1
20.859999999999999,4.137586868170944,-2.892080937941861,0.329598499405642,1.053778341982389,-0.013971779118569,-0.070832951005742,-0.182417706261806,-0.227327917816993,0.316692305498310,-0.617303880461615,0.316585543294949,-0.109583463660151,-0.209612677920639,-0.008993193460286,1
20.869999999999997,4.148115428499790,-2.892231968738249,0.328905986631275,1.051923570985221,-0.016228978922249,-0.067671353665316,-0.188509401005309,-0.224087270397047,0.315642372699078,-0.601048603891667,0.331449183509094,-0.100457324215299,-0.209705767973789,-0.009624370248258,1
20.880000000000003,4.158625139239752,-2.892405407046656,0.328245038841174,1.050008694445057,-0.018453038513745,-0.064519804750683,-0.194438951381052,-0.220700816614857,0.314682081663470,-0.584875239260681,0.345748082012506,-0.091654390659017,-0.209805156387172,-0.010252865506743,1
20.890000000000001,4.169115407428895,-2.892600914268450,0.327615559979483,1.048035329686805,-0.020642527940051,-0.061377423932568,-0.200207183454760,-0.217174165964285,0.313808221904471,-0.568785173416067,0.359489816972646,-0.083170352259036,-0.209910816345492,-0.010878679235739,1
20.899999999999999,4.179585656237016,-2.892818137784679,0.327017462633829,1.046005085705614,-0.022796072964846,-0.058243362771389,-0.205814937088010,-0.213512852351994,0.313017625933136,-0.552779778678893,0.372681927659867,-0.075000920133461,-0.210022721033455,-0.011501811435247,1
20.909999999999997,4.190035325297072,-2.893056711875551,0.326450667034335,1.043919728927727,-0.024912500508672,-0.055117077550718,-0.211213433081005,-0.209766074275651,0.312225407224262,-0.526988483496863,0.376631273752339,-0.083407546877728,-0.210138937306378,-0.011741274465630,1
20.920000000000002,4.200463875145865,-2.893316262255304,0.325915093283806,1.041781669860808,-0.026991267029967,-0.051999131331121,-0.216356083030246,-0.205981068815042,0.311350176440503,-0.501610070264944,0.380328037721173,-0.091603739754027,-0.210257543149094,-0.011979725393891,1
20.930000000000000,4.210870791484103,-2.893596410444284,0.325410653876599,1.039593446371135,-0.029032002820757,-0.048890343752075,-0.221247000778410,-0.202160342829892,0.310394025800798,-0.476641544925397,0.383776008395863,-0.099591920754276,-0.210378528440582,-0.012217164220030,1
20.939999999999998,4.221255585185987,-2.893896774390468,0.324937253214884,1.037357555336126,-0.031034363052576,-0.045791513651762,-0.225890270266766,-0.198306365395831,0.309359023362856,-0.452079921251239,0.386978953764560,-0.107374500131801,-0.210501883059821,-0.012453590944046,1
20.950000000000003,4.231617791890789,-2.894216968716372,0.324494787815450,1.035076452942967,-0.032998027399663,-0.042703419308106,-0.230289945613464,-0.194421568012814,0.308247213140550,-0.427922220846299,0.389940620974058,-0.114953876401317,-0.210627596885789,-0.012689005565940,1
20.960000000000001,4.241956971597426,-2.894556604962213,0.324083146514110,1.032752554986455,-0.034922699664241,-0.039626818678628,-0.234450051191837,-0.190508344813545,0.307060615221298,-0.404165473145269,0.392664736329792,-0.122332436338911,-0.210755659797466,-0.012923408085711,1
20.969999999999999,4.252272708262057,-2.894915291825310,0.323702210667707,1.030388237166048,-0.036808107403897,-0.036562449639111,-0.238374581708729,-0.186569052771870,0.305801225883450,-0.380806715413596,0.395155005295850,-0.129512554982078,-0.210886061673830,-0.013156798503361,1
20.979999999999997,4.262564609398587,-2.895292635395792,0.323351854353744,1.027985835382145,-0.038654001561030,-0.033511030221114,-0.242067502282789,-0.182606011911204,0.304471017713672,-0.357842992747561,0.397415112494966,-0.136496595629693,-0.211018792393860,-0.013389176818888,1
20.990000000000002,4.272832305682170,-2.895688239388601,0.323031944567648,1.025547646031569,-0.040460156094389,-0.030473258848296,-0.245532748522787,-0.178621505512939,0.303071939724335,-0.335271358074235,0.399448721708519,-0.143286909842027,-0.211153841836534,-0.013620543032293,1
21.000000000000000,4.283075450555617,-2.896101705371819,0.322742341417665,1.023075926302283,-0.042226367612693,-0.027449814571580,-0.248774226605907,-0.174617780324868,0.301605917470905,-0.313088872151551,0.401259475876532,-0.149885837440724,-0.211291199880832,-0.013850897143575,1
21.009999999999998,4.293293719301698,-2.896532633278532,0.322482898363894,1.020572679867213,-0.043952569668348,-0.024441338788420,-0.251860069087000,-0.170631336703836,0.300080370503067,-0.304094072568046,0.396035934446234,-0.155207044234852,-0.211427630174330,-0.013435497718846,1
21.020000000000003,4.303486802786833,-2.896980624752540,0.322253462907860,1.018039023304167,-0.045639167796983,-0.021448382887059,-0.254856396344285,-0.166696928205026,0.298502105635208,-0.295185759116723,0.390852422302159,-0.160429536260833,-0.211559916558464,-0.013022115270867,1
21.030000000000001,4.313654401371096,-2.897445286349667,0.322053877231274,1.015475847447903,-0.047286680351264,-0.018471469122637,-0.257764071192256,-0.162814155408889,0.296872106453924,-0.286363522568763,0.385708764840311,-0.165554025396872,-0.211688079203003,-0.012610749799638,1
21.039999999999999,4.323796224279852,-2.897926229789316,0.321883978342354,1.012884034525479,-0.048895621698392,-0.015511109949979,-0.260583952357209,-0.158982620640186,0.295191349437208,-0.277626954512811,0.380604787800679,-0.170581221483983,-0.211812138277713,-0.012201401305160,1
21.049999999999997,4.333911989517863,-2.898423071914713,0.321743598173477,1.010264458197097,-0.050466502237518,-0.012567808094594,-0.263316894485414,-0.155201927964561,0.293460803974835,-0.268975647355004,0.375540317267243,-0.175511832325970,-0.211932113952362,-0.011794069787431,1
21.060000000000002,4.344001423783832,-2.898935434653306,0.321632563678116,1.007617983596860,-0.051999828417144,-0.009642056623444,-0.265963748151291,-0.151471683185098,0.291681432388724,-0.260409194318948,0.370515179667976,-0.180346563689438,-0.212048026396717,-0.011388755246451,1
21.070000000000000,4.354064262385331,-2.899462944977344,0.321550696927073,1.004945467373458,-0.053496102752472,-0.006734339015535,-0.268525359865579,-0.147791493838885,0.289854189953317,-0.251927189445753,0.365529201774851,-0.185086119303777,-0.212159895780547,-0.010985457682222,1
21.079999999999998,4.364100249154168,-2.900005234864638,0.321497815204007,1.002247757730754,-0.054955823842733,-0.003845129232274,-0.271002572083519,-0.144160969193567,0.287980024915946,-0.243529227593988,0.360582210703824,-0.189731200861183,-0.212267742273618,-0.010584177094743,1
21.090000000000003,4.374109136362145,-2.900561941259482,0.321473731100257,0.999525694468300,-0.056379486388471,-0.000974891787644,-0.273396223213027,-0.140579720243905,0.286059878517206,-0.235214904439704,0.355674033914845,-0.194282508016650,-0.212371586045698,-0.010184913484014,1
21.100000000000001,4.384090684637182,-2.901132706033753,0.321478252608969,0.996780109021777,-0.057767581208800,0.001875918181822,-0.275707147622860,-0.137047359708353,0.284094685011333,-0.226983816476453,0.350804499211865,-0.198740738387955,-0.212471447266554,-0.009787666850034,1
21.109999999999999,4.394044662867715,-2.901717175893198,0.321511183296186,0.994011819624172,-0.059120573284390,0.004706885883983,-0.277937637176926,-0.133556919753537,0.282094667906593,-0.219126977581726,0.347285892958889,-0.201253254014168,-0.212565152707714,-0.008954235850472,1
21.119999999999997,4.403970847986050,-2.902315001737236,0.321572323243170,0.991221616886156,-0.060438836650604,0.007517728730425,-0.280089944235402,-0.130101593817016,0.280069807804301,-0.211347256982902,0.343781696348624,-0.203709407625285,-0.212650548272931,-0.008125691661229,1
21.130000000000003,4.413869024755077,-2.902925838032072,0.321661469968591,0.988410278782803,-0.061722721727064,0.010308201102309,-0.282164838171156,-0.126681237778762,0.278020666234794,-0.203644292778973,0.340291914073440,-0.206109616984177,-0.212727682830307,-0.007302034282303,1
21.140000000000001,4.423738985679004,-2.903549342740900,0.321778418562936,0.985578575613549,-0.062972577491958,0.013078062975222,-0.284163084741563,-0.123295707472655,0.275947800556775,-0.196017723772917,0.336816550660301,-0.208454298655665,-0.212796605247945,-0.006483263713696,1
21.149999999999999,4.433580530926836,-2.904185177309487,0.321922961744248,0.982727270038294,-0.064188751481593,0.015827079877539,-0.286085446095551,-0.119944858688127,0.273851763969284,-0.188467189471664,0.333355610470749,-0.210743868006535,-0.212857364393948,-0.005669379955407,1
21.159999999999997,4.443393468256110,-2.904833006651753,0.322094889913442,0.979857117113469,-0.065371589789952,0.018555022848873,-0.287932680780636,-0.116628547171823,0.271733105523685,-0.180992330086121,0.329909097700914,-0.212978739205528,-0.212910009136421,-0.004860383007437,1
21.170000000000002,4.453177612937075,-2.905492499135346,0.322293991209217,0.976968864328001,-0.066521437068280,0.021261668398664,-0.289705543749965,-0.113346628629254,0.269592370135644,-0.173592786531156,0.326477016381513,-0.215159325223344,-0.212954588343465,-0.004056272869785,1
21.180000000000000,4.462932787677162,-2.906163326567207,0.322520051562538,0.974063251639237,-0.067638636524674,0.023946798464875,-0.291404786369347,-0.110098958726455,0.267430098597113,-0.166268200425625,0.323059370377853,-0.217286037832635,-0.212991150883184,-0.003257049542452,1
21.189999999999998,4.472658822545879,-2.906845164179142,0.322772854750726,0.971141011508767,-0.068723529923706,0.026610200372826,-0.293031156424306,-0.106885393091628,0.265246827588305,-0.159018214092335,0.319656163389821,-0.219359287608017,-0.213019745623682,-0.002462713025437,1
21.200000000000003,4.482355554900031,-2.907537690613385,0.323052182451117,0.968202868938195,-0.069776457586044,0.029251666794130,-0.294585398127112,-0.103705787316805,0.263043089689676,-0.151842470558062,0.316267398951893,-0.221379483926062,-0.213040421433061,-0.001673263318740,1
21.210000000000001,4.492022829299068,-2.908240587878111,0.323357814333410,0.965249537432487,-0.070797746381629,0.031871011325598,-0.296069471902042,-0.100556400666122,0.260824092302911,-0.144983797737961,0.313610081108719,-0.222414069335566,-0.213052387505802,-0.000720951040830,1
21.219999999999999,4.501660497319595,-2.908953541004308,0.323689528540196,0.962281706972673,-0.071787674161163,0.034468114745154,-0.297485303814921,-0.097433582518914,0.258594926311653,-0.138194044852855,0.310953715965244,-0.223413252110718,-0.213054860450102,0.000225362369632,1
21.229999999999997,4.511268417372692,-2.909676237710078,0.324047102157814,0.959300056536704,-0.072746506560277,0.037042877132160,-0.298833581467241,-0.094337322817722,0.256355944325077,-0.131472892430267,0.308298409534710,-0.224377315543787,-0.213047900254634,0.001165676912644,1
21.240000000000002,4.520846454624897,-2.910408368369358,0.324430311290981,0.956305258242476,-0.073674509108737,0.039595202077921,-0.300114989268751,-0.091267610447329,0.254107496123677,-0.124820021594712,0.305644267355047,-0.225306542078416,-0.213031566908074,0.002099992588209,1
21.250999999999998,4.531347628222333,-2.911224242019758,0.324881181981685,0.952996588162887,-0.074660020201628,0.042376733470882,-0.301448116118637,-0.087921574452905,0.251623683637200,-0.117580349061074,0.302726181045243,-0.226288790707140,-0.213002845833828,0.003120811139426,1
21.259999999999998,4.539912374759657,-2.911899706316601,0.325272735824296,0.950278872441865,-0.075439086180130,0.044632171401233,-0.302479917035462,-0.085207777977831,0.249583586105915,-0.111717852167769,0.300339895523543,-0.227061609983791,-0.212971020716372,0.003950627336991,1
21.270000000000003,4.549400021138172,-2.912658307621089,0.325731498839156,0.947248595157710,-0.076276191138509,0.047116640267326,-0.303564789915195,-0.082217630402288,0.247308809783518,-0.105267918810382,0.297689874571024,-0.227888011998690,-0.212926927848580,0.004866946410210,1
21.280000000000001,4.558857311572390,-2.913425130909387,0.326214992667534,0.944207790523242,-0.077083527096249,0.049578320613181,-0.304585498785120,-0.079253975214191,0.245025938251213,-0.098884997508058,0.295041435268036,-0.228680698403456,-0.212873701784393,0.005777266615979,1
21.289999999999999,4.568284143985856,-2.914199879815840,0.326722989025077,0.941157096833222,-0.077861358896423,0.052017133167840,-0.305542712185838,-0.076316796080839,0.242735307273388,-0.092568772370285,0.292394680775968,-0.229439947398598,-0.212811402512485,0.006681587954300,1
21.299999999999997,4.577680422651686,-2.914982260622391,0.327255258851461,0.938097145712791,-0.078609951213622,0.054433002004092,-0.306437095502030,-0.073406075640297,0.240437249836673,-0.086318928103550,0.289749713780908,-0.230166036336002,-0.212740090021532,0.007579910425171,1
21.311000000000000,4.587980933048271,-2.915851347072273,0.327868517236529,0.934721255805726,-0.079399959118442,0.057063875073040,-0.307348340222162,-0.070238166678959,0.237902266954522,-0.079375722576423,0.286236199995459,-0.230733968799439,-0.212652799568265,0.008290207562228,1
21.320000000000000,4.596380967269785,-2.916568756659465,0.328391699106296,0.931951982074895,-0.080020548745576,0.059195644754918,-0.308037393096499,-0.067674934865148,0.235823671837093,-0.073756326438317,0.283372524012532,-0.231172092749150,-0.212575587426420,0.008867461430894,1
21.329999999999998,4.605685073186473,-2.917372298797156,0.328995408189264,0.928868023597745,-0.080683182356008,0.061542315096891,-0.308744003560558,-0.064857070905206,0.233509631528339,-0.067577057055547,0.280202314123714,-0.231631114488381,-0.212483722811148,0.009504739709786,1
21.340000000000003,4.614958305214931,-2.918182326905609,0.329622468198346,0.925777306851735,-0.081317795632621,0.063865822569093,-0.309389159498506,-0.062070847619652,0.231191146217678,-0.061465365963318,0.277044393132851,-0.232061135095415,-0.212385507070500,0.010137686506035,1
21.350000000000001,4.624200598833935,-2.918998562361472,0.330272647287414,0.922680443008739,-0.081924704367314,0.066166124167364,-0.309973535036755,-0.059316141999977,0.228868504658790,-0.055420921971867,0.273898784904881,-0.232462405967951,-0.212280983519303,0.010766301819637,1
21.359999999999999,4.633411895600346,-2.919820729693155,0.330945713194699,0.919578036515908,-0.082504223120713,0.068443179762530,-0.310497800993087,-0.056592830800264,0.226541993095320,-0.049443394545218,0.270765513056055,-0.232835177714235,-0.212170195472383,0.011390585650594,1
21.369999999999997,4.642592143082008,-2.920648556568509,0.331641433271409,0.916470685128733,-0.083056665219809,0.070696952075336,-0.310962624883195,-0.053900790539674,0.224211895268777,-0.043532453801196,0.267644600953947,-0.233179700153051,-0.212053186244566,0.012010537998906,1
21.380000000000003,4.651741294791003,-2.921481773782479,0.332359574510106,0.913358979944031,-0.083582342755619,0.072927406651464,-0.311368670927219,-0.051239897504938,0.221878492426431,-0.037687770511417,0.264536071717450,-0.233496222313728,-0.211929999150680,0.012626158864573,1
21.390000000000001,4.660859310117202,-2.922320115244724,0.333099903572827,0.910243505432873,-0.084081566580875,0.075134511836625,-0.311716600056283,-0.048610027752844,0.219542063329208,-0.031909016101306,0.261439948216783,-0.233784992436135,-0.211800677505550,0.013237448247594,1
21.399999999999999,4.669946154262223,-2.923163317967238,0.333862186818966,0.907124839473430,-0.084554646307740,0.077318238751747,-0.312007069919035,-0.046011057112718,0.217202884259581,-0.026195862650073,0.258356253073477,-0.234046257970684,-0.211665264624004,0.013844406147971,1
21.410000000000004,4.679001798140009,-2.924011122104828,0.334646190367821,0.904003539947674,-0.085001911448288,0.079478575224273,-0.312244759305139,-0.043449193896264,0.214865409104596,-0.021350303107921,0.254022510617998,-0.233446944541560,-0.211526983453938,0.013811823260566,1
21.420000000000002,4.688026217943585,-2.924863271521423,0.335451680507985,0.900880104978048,-0.085423774032445,0.081615567093273,-0.312434241405562,-0.040930484768994,0.212533981740116,-0.016554370886148,0.249725407582152,-0.232836719689126,-0.211389028250886,0.013779212745117,1
21.430000000000000,4.697019394720619,-2.925719514343066,0.336278424097626,0.897755014159503,-0.085820663771897,0.083729275380243,-0.312576011455168,-0.038454564165815,0.210208710686459,-0.011807858365751,0.245464778199317,-0.232215702129852,-0.211251399291129,0.013746574601623,1
21.439999999999998,4.705981314289998,-2.926579602974663,0.337126188610534,0.894628742145018,-0.086193006730961,0.085819762185952,-0.312670562614099,-0.036021068177669,0.207889703278768,-0.007110558221698,0.241240457029367,-0.231584010182869,-0.211114096850947,0.013713908830084,1
21.450000000000003,4.714911967192521,-2.927443294063598,0.337994742146851,0.891501758666331,-0.086541225343130,0.087887090678616,-0.312718385970720,-0.033629634548266,0.205577065670977,-0.002462263422923,0.237052278958662,-0.230941761769971,-0.210977121206620,0.013681215430500,1
21.460000000000001,4.723811348641760,-2.928310348463500,0.338883853443693,0.888374528554649,-0.086865738427584,0.089931325082092,-0.312719970544552,-0.031279902670824,0.203270902839795,0.002137232767661,0.232900079200065,-0.230289074415615,-0.210840472634430,0.013648494402872,1
21.469999999999999,4.732679458475211,-2.929180531198193,0.339793291885640,0.885247511761309,-0.087166961205669,0.091952530664141,-0.312675803289218,-0.028971513584797,0.200971318588669,0.006688136793182,0.228783693292922,-0.229626065246918,-0.210704151410657,0.013615745747199,1
21.479999999999997,4.741516301105556,-2.930053611425787,0.340722827515124,0.882121163378432,-0.087445305317343,0.093950773724708,-0.312586369095376,-0.026704109972612,0.198678415551762,0.011190654802798,0.224702957103073,-0.228952850993661,-0.210568157811580,0.013582969463480,1
21.490000000000002,4.750321885472196,-2.930929362402962,0.341672231042686,0.878995933659532,-0.087701178837592,0.095926121584249,-0.312452150793664,-0.024477336156405,0.196392295197925,0.015644992651697,0.220657706822848,-0.228269547988285,-0.210432492113480,0.013550165551717,1
21.500000000000000,4.759096224992946,-2.931807561449382,0.342641273857126,0.875872268040111,-0.087934986292805,0.097878642572098,-0.312273629157641,-0.022290838094762,0.194113057834675,0.020051355901093,0.216647778971078,-0.227576272165896,-0.210297154592639,0.013517334011909,1
21.509999999999998,4.767839337532890,-2.932687989861531,0.343629728014820,0.872750613914171,-0.088147108387396,0.099808397737158,-0.312049259390007,-0.020138186270371,0.191838323333259,0.024813344579046,0.213884511085701,-0.227367381858349,-0.210161747308580,0.013564015294687,1
21.520000000000003,4.776551245541423,-2.933570432322100,0.344637366023065,0.869631440661144,-0.088337841934529,0.101715416325548,-0.311777546883164,-0.018013109333615,0.189565774803414,0.029519948109570,0.211132805021902,-0.227139109757528,-0.210025876436850,0.013610051546084,1
21.530000000000001,4.785231976185179,-2.934454676322428,0.345663960628614,0.866515218943605,-0.088507462104633,0.103599721162883,-0.311459044158392,-0.015915491559340,0.187295605106957,0.034171432450991,0.208392682127756,-0.226891646980798,-0.209889548427763,0.013655442766100,1
21.539999999999999,4.793881561309855,-2.935340512099772,0.346709284816090,0.863402413912196,-0.088656242909822,0.105461336993855,-0.311094301079802,-0.013845217010118,0.185028005197712,0.038768063078887,0.205664163508505,-0.226625184008934,-0.209752769731632,0.013700188954736,1
21.549999999999997,4.802500037385198,-2.936227732625710,0.347773111827076,0.860293485232189,-0.088784457201784,0.107300290463179,-0.310683864859163,-0.011802169538686,0.182763164127878,0.043310104986074,0.202947270026570,-0.226339910686127,-0.209615546798773,0.013744290111991,1
21.560000000000002,4.811087445450299,-2.937116133594524,0.348855215179027,0.857188887109977,-0.088892376669696,0.109116610096611,-0.310228280060729,-0.009786232790369,0.180501269054396,0.047797822682615,0.200242022301547,-0.226036016219975,-0.209477886079497,0.013787746237865,1
21.570999999999998,4.820497765272104,-2.938094497549138,0.350066368093894,0.853779366420092,-0.088987970398935,0.111088455935957,-0.309675636879757,-0.007599876132417,0.178016808160565,0.052671882787685,0.197279724965693,-0.225680449927155,-0.209325961343434,0.013834802965082,1
21.581000000000003,4.829020084116053,-2.938984724478823,0.351186115894293,0.850685316777225,-0.089054149901511,0.112857345625921,-0.309127000874516,-0.005640492259292,0.175761700480313,0.057046378474556,0.194598999366777,-0.225338064098858,-0.209187402268457,0.013876904525058,1
21.590000000000003,4.836663739373241,-2.939786416697161,0.352208922984917,0.847905536826070,-0.089097065540083,0.114430079057820,-0.308596040229868,-0.003899920277228,0.173735103086275,0.060937668367556,0.192196356221580,-0.225014488488638,-0.209062341706315,0.013914244427205,1
21.600000000000001,4.845127375274475,-2.940677550426766,0.353361873043700,0.844822694746248,-0.089126499281662,0.116156185565154,-0.307965253981478,-0.001991258811430,0.171486825885241,0.065210724666929,0.189537892863711,-0.224637988793349,-0.208922994344515,0.013955120427557,1
21.609999999999999,4.853560214993315,-2.941568883464025,0.354531971856283,0.841746368952650,-0.089136963440915,0.117859844044608,-0.307293303645225,-0.000104422342098,0.169247081657311,0.069171384174119,0.187828313812066,-0.223310998395811,-0.208783025391907,0.014038502702267,1
21.619999999999997,4.861962325709858,-2.942460227086253,0.355718995487578,0.838676959900468,-0.089128644822469,0.119541171416983,-0.306581985098101,0.001765285991766,0.167020603021887,0.073084403637653,0.186112292824320,-0.221984876624205,-0.208642227638305,0.014120880626336,1
21.631000000000000,4.871169240507851,-2.943440494198550,0.357044003956862,0.835309065658866,-0.089098005058255,0.121364997367494,-0.305754631614053,0.003802106293629,0.164586787677540,0.077333964073291,0.184217422608668,-0.220527191174929,-0.208486404831120,0.014210336317822,1
21.640999999999998,4.879507056481343,-2.944331253512881,0.358265846570575,0.832255449798623,-0.089050801916118,0.122999860958308,-0.304962184285646,0.005635640425112,0.162388137443870,0.081147657074404,0.182488399994171,-0.219203016698127,-0.208343899287044,0.014290605105546,1
21.651000000000003,4.887814376552263,-2.945221449407504,0.359503928108340,0.829209948312775,-0.088985349983497,0.124612804239240,-0.304131834997001,0.007451854486865,0.160202724058308,0.084914392732745,0.180753435362620,-0.217879827796096,-0.208200596076845,0.014369869542628,1
21.660000000000004,4.895264959166963,-2.946021993843245,0.360631905120572,0.826476246184508,-0.088910983909981,0.126045820690531,-0.303352501701682,0.009071590000150,0.158247161223816,0.088264487717093,0.179187018907718,-0.216689831341775,-0.208070949484087,0.014440348816204,1
21.670000000000002,4.903514568868305,-2.946910620311013,0.361900239625631,0.823447195887390,-0.088811337732758,0.127617479835901,-0.302451427526296,0.010854735749029,0.156086869873693,0.091942608837851,0.177441204290497,-0.215368617847459,-0.207926158378112,0.014517704987068,1
21.680000000000000,4.911733933731472,-2.947798161450923,0.363184182927732,0.820427339465140,-0.088693947480775,0.129167602110373,-0.301513803930853,0.012620395818329,0.153939785221928,0.095574408168445,0.175689909361174,-0.214048497829426,-0.207780598732181,0.014594056807291,1
21.689999999999998,4.919923147514973,-2.948684440697414,0.364483520318319,0.817417040099514,-0.088558988282209,0.130696319525643,-0.300540093040653,0.014368516194862,0.151805896149262,0.099160104169433,0.173933291992207,-0.212729508158383,-0.207634280589801,0.014669404276874,1
21.700000000000003,4.928082307586067,-2.949569283238889,0.365798038408390,0.814416656361925,-0.088406635797487,0.132203763980373,-0.299530754798177,0.016099044440742,0.149685191168590,0.102699914944706,0.172171509370852,-0.211411685532366,-0.207487213994479,0.014743747395815,1
21.710000000000001,4.936211514853616,-2.950452516061084,0.367127525036377,0.811426533787671,-0.088237081444150,0.133690030904931,-0.298488777126825,0.017807365122018,0.147566770779091,0.105689672792550,0.169494846696307,-0.212265470166253,-0.207339796033628,0.014739771519601,1
21.719999999999999,4.944310873491115,-2.951333968369268,0.368471768272020,0.808446979883952,-0.088050577495120,0.135155071627019,-0.297417080040185,0.019488985783954,0.145440019584003,0.108643821278687,0.166831506800726,-0.213077909138236,-0.207192420029182,0.014735356114825,1
21.729999999999997,4.952380490665307,-2.952213472000262,0.369830555443630,0.805478290066780,-0.087847390284323,0.136598804899620,-0.296316018933781,0.021144039692922,0.143305349167355,0.111562500002067,0.164181497365200,-0.213849376760995,-0.207045090376427,0.014730501181489,1
21.740000000000002,4.960420476479363,-2.953090861447566,0.371203673087564,0.802520756205186,-0.087627784812639,0.138021153572865,-0.295185947807735,0.022772660191044,0.141163167376200,0.114445848443955,0.161544825858411,-0.214580246117416,-0.206897811470648,0.014725206719591,1
21.750000000000000,4.968430943937443,-2.953965973848018,0.372590906989010,0.799574666635182,-0.087392024747160,0.139422044556717,-0.294027219267948,0.024374980694064,0.139013878332913,0.117294005967925,0.158921499536642,-0.215270889060586,-0.206750587707130,0.014719472729133,1
21.759999999999998,4.976412008909482,-2.954838648968453,0.373992042222399,0.796640306173677,-0.087140372420459,0.140801408783793,-0.292840184527271,0.025951134689230,0.136857882447485,0.120107111819878,0.156311525443765,-0.215921676213794,-0.206603423481160,0.014713299210113,1
21.770000000000003,4.984363790096042,-2.955708729192363,0.375406863191452,0.793717956132414,-0.086873088829887,0.142159181172302,-0.291625193406683,0.027501255733165,0.134695576429822,0.122885305128027,0.153714910411249,-0.216532976970533,-0.206456323188023,0.014706686162532,1
21.780000000000001,4.992286408993321,-2.956576059506525,0.376835153668839,0.790807894331887,-0.086590433636894,0.143495300589098,-0.290382594336475,0.029025477449744,0.132527353302047,0.125628724902897,0.151131661058162,-0.217105159494499,-0.206309291223005,0.014699633586390,1
21.789999999999999,5.000179989858340,-2.957440487487657,0.378276696835493,0.787910395115228,-0.086292665166361,0.144809709812872,-0.289112734357414,0.030523933527972,0.130353602410792,0.128337510037335,0.148561783791160,-0.217638590719588,-0.206162331981391,0.014692141481687,1
21.799999999999997,5.008044659674217,-2.958301863289034,0.379731275319539,0.785025729362107,-0.085980040405962,0.146102355497452,-0.287815959121933,0.031996757719858,0.128174709439502,0.131011799306503,0.146005284804497,-0.218133636349902,-0.206015449858466,0.014684209848423,1
21.810000000000002,5.015880548118620,-2.959160039672363,0.381198671138751,0.782154165704104,-0.085652833083237,0.147373149728314,-0.286492253050087,0.033438669543955,0.125979553526131,0.133723458821099,0.142382913203023,-0.220883572493057,-0.205869038565428,0.014598071762363,1
21.820000000000000,5.023687787562194,-2.960014872489146,0.382678664687639,0.779295974094798,-0.085311387178234,0.148621856297554,-0.285141608820016,0.034844532366811,0.123757316241688,0.136399455979028,0.138795456480615,-0.223550032941192,-0.205723487963155,0.014512071695609,1
21.829999999999998,5.031466513066405,-2.960866221150197,0.384171033749402,0.776451422135155,-0.084956061438028,0.149848208553022,-0.283764382304723,0.036214694495512,0.121508828675852,0.139039940867010,0.135242746353106,-0.226133750745638,-0.205578796671452,0.014426209648158,1
21.841000000000001,5.039990341967985,-2.961798517050859,0.385826665009607,0.773338483812676,-0.084549595828501,0.151171068672738,-0.282219153497815,0.037681052183327,0.119006156231627,0.141903636511537,0.131374697099749,-0.228881144519735,-0.205420627107028,0.014331920808259,1
21.850999999999999,5.047709639606413,-2.962642107206192,0.387344287755764,0.770523430379172,-0.084166274719606,0.152349645635301,-0.280787255878904,0.038977369119496,0.116705215745242,0.144470033477759,0.127894408572743,-0.231293478112350,-0.205277735874996,0.014246348601348,1
21.860999999999997,5.055400858731659,-2.963481799913211,0.388873580825828,0.767722823656950,-0.083770163884628,0.153505093920765,-0.279329869654853,0.040239054445010,0.114380554954214,0.147001382461230,0.124448347125687,-0.233625326174459,-0.205135699674937,0.014160914413742,1
21.869999999999997,5.062299069214070,-2.964234086679566,0.390259730635852,0.765214838834295,-0.083403013805928,0.154525029461402,-0.277996718380539,0.041345243442246,0.112268741753928,0.149249754047536,0.121376018037736,-0.235655772035744,-0.205008597006490,0.014084141651401,1
21.880000000000003,5.069937342744607,-2.965066029467436,0.391810554999736,0.762442375368908,-0.082983549069731,0.155635897413502,-0.276491866084945,0.042542067985938,0.109901213826139,0.151714923480252,0.117994528551231,-0.237836687874324,-0.204868181564747,0.013998969700473,1
21.890000000000001,5.077547967292515,-2.965893718328890,0.393372369306533,0.759685083107413,-0.082552284599479,0.156722982350104,-0.274962535294227,0.043705246493391,0.107512269312993,0.154145477919542,0.114646783112033,-0.239939208666779,-0.204728617152416,0.013913935768849,1
21.899999999999999,5.085131095788003,-2.966717036943271,0.394944934668296,0.756943205106494,-0.082109555171097,0.157786074013163,-0.273409071413164,0.044835115575303,0.105102688582197,0.156541566370860,0.111332615821773,-0.241964050560971,-0.204589902389306,0.013829039856530,1
21.909999999999997,5.092686883547152,-2.967535872263722,0.396528010275365,0.754216970011942,-0.081655669361548,0.158825026642748,-0.271835102184242,0.045938851049008,0.102690235120608,0.158248754876823,0.109415445494375,-0.240525381434060,-0.204451692118030,0.013812944319185,1
21.920000000000002,5.100215487937476,-2.968350113858590,0.398121355026150,0.751506559616832,-0.081190841958877,0.159839926796610,-0.270244166733632,0.047023443914161,0.100292205921457,0.159934817987160,0.107504103845420,-0.239079221905341,-0.204313644904509,0.013796428305784,1
21.930000000000000,5.107717068050747,-2.969159653268099,0.399724729118346,0.748812142527841,-0.080715264096764,0.160830919089511,-0.268636476096637,0.048088952748944,0.097908675174751,0.161599799461893,0.105598649092220,-0.237625714682195,-0.204175764953501,0.013779491816326,1
21.939999999999998,5.115191784654280,-2.969964383940876,0.401337894199488,0.746133885243483,-0.080229126320202,0.161798148870989,-0.267012240870081,0.049135436711844,0.095539715646290,0.163243743236612,0.103699139078223,-0.236165001897072,-0.204038056469769,0.013762134850810,1
21.950000000000003,5.122639800169850,-2.970764201228024,0.402960613374217,0.743471952158500,-0.079732618579713,0.162741762211146,-0.265371671210553,0.050162955537913,0.093185398683426,0.164866693422467,0.101805631273029,-0.234697225107488,-0.203900523658072,0.013744357409238,1
21.960000000000001,5.130061278652668,-2.971559002377159,0.404592651211418,0.740826505568283,-0.079225930225603,0.163661905886482,-0.263714976832658,0.051171569535028,0.090845794220815,0.166468694306165,0.099918182772384,-0.233222525296034,-0.203763170723171,0.013726159491609,1
21.969999999999999,5.137456385770429,-2.972348686526374,0.406233773751217,0.738197705673290,-0.078709250002249,0.164558727365810,-0.262042367007250,0.052161339580156,0.088520970786157,0.168049790349980,0.098036850298177,-0.231741042870371,-0.203626001869827,0.013707541097923,1
21.979999999999997,5.144825288782378,-2.973133154698150,0.407883748511830,0.735585710583497,-0.078182766042429,0.165432374796208,-0.260354050559685,0.053132327115614,0.086210995505950,0.169610026191745,0.096161690198444,-0.230252917663227,-0.203489021302800,0.013688502228180,1
21.990000000000002,5.152168156518431,-2.973912309793222,0.409542344496278,0.732990676322859,-0.077646665861685,0.166282996989036,-0.258650235868063,0.054084594145329,0.083915934111240,0.171149446644858,0.094292758447367,-0.228758288932401,-0.203352233226850,0.013669042882380,1
22.000000000000000,5.159485159358308,-2.974686056584360,0.411209332198954,0.730412756833801,-0.077101136352730,0.167110743406010,-0.256931130861473,0.055018203231100,0.081635850943373,0.172668096698272,0.092430110645275,-0.227257295360766,-0.203215641846739,0.013649163060523,1
22.009999999999998,5.166776469253140,-2.975454301670575,0.412884483423625,0.727852120904608,-0.076546347972783,0.167915688844864,-0.255191874791931,0.055937951492491,0.079348257408537,0.175176211452506,0.091517354772648,-0.230244961873404,-0.203078908424188,0.013697352795166,1
22.020000000000003,5.174042260167784,-2.976216953038248,0.414567569229169,0.725309002252173,-0.075982407965796,0.168697610606246,-0.253427744386969,0.056848506951306,0.077031279191889,0.177642999829837,0.090591586295564,-0.233134382487770,-0.202941698163926,0.013744530602532,1
22.030000000000001,5.181282708511834,-2.976973919632909,0.416258357925912,0.722783647557136,-0.075409408906814,0.169456219740568,-0.251639151829559,0.057749740564957,0.074685894234609,0.180068677926968,0.089653021754468,-0.235926460250798,-0.202804021185228,0.013790696482619,1
22.039999999999999,5.188497993141136,-2.977725111332254,0.417956614983434,0.720276299389105,-0.074827444650493,0.170191237032555,-0.249826507143596,0.058641525451722,0.072313071462838,0.182453461461891,0.088701876781147,-0.238622095121615,-0.202665887607365,0.013835850435428,1
22.049999999999997,5.195688295316756,-2.978470438958833,0.419662103127456,0.717787196228226,-0.074236610309541,0.170902392911245,-0.247990218197690,0.059523736881650,0.069913770818570,0.184797565773891,0.087738366098734,-0.241222183971536,-0.202527307549610,0.013879992460959,1
22.060000000000002,5.202853798664216,-2.979209814292526,0.421374582435842,0.715316572486721,-0.073637002233244,0.171589427360305,-0.246130690708950,0.060396252267482,0.067488943290522,0.187101205823538,0.086762703521706,-0.243727620584066,-0.202388291131237,0.013923122559212,1
22.070000000000000,5.209994689132889,-2.979943150082795,0.423093810433686,0.712864658530386,-0.073028717986086,0.172252089828652,-0.244248328246778,0.061258951155557,0.065039530945018,0.189364596192691,0.085775101955887,-0.246139295654893,-0.202248848471517,0.013965240730186,1
22.079999999999998,5.217111154955686,-2.980670360060742,0.424819542187530,0.710431680700042,-0.072411856326457,0.172890139141381,-0.242343532236646,0.062111715216729,0.062566466956861,0.191587951084501,0.084775773398444,-0.248458096791896,-0.202108989689724,0.014006346973882,1
22.090000000000003,5.224203386608878,-2.981391358950926,0.426551530398681,0.708017861332957,-0.071786517185454,0.173503343411009,-0.240416701963888,0.062954428237283,0.060070675640215,0.193771484323406,0.083764928937886,-0.250684908515146,-0.201968724905130,0.014046441290300,1
22.100000000000001,5.231271576772182,-2.982106062482996,0.428289525495633,0.705623418784238,-0.071152801645771,0.174091479949016,-0.238468234577493,0.063786976109843,0.057553072479486,0.195915409355133,0.082742778754074,-0.252820612256894,-0.201828064237009,0.014085523679439,1
22.109999999999999,5.238315920255785,-2.982814387424205,0.430033275854608,0.703248554159064,-0.070510820353833,0.174654386716047,-0.236502504923128,0.064606721300599,0.055029998810180,0.197226731191082,0.081206194417955,-0.251789887649883,-0.201687375796222,0.014052083760820,1
22.119999999999997,5.245336613597226,-2.983516251821347,0.431782529300412,0.700893412017800,-0.069860718445212,0.175192114704632,-0.234523775637168,0.065411098894917,0.052517358854366,0.198515347980809,0.079669279076156,-0.250733924637198,-0.201547024176135,0.014018159539349,1
22.130000000000003,5.252333854667548,-2.984211575236686,0.433537034571141,0.698558121222739,-0.069202649610462,0.175704769508324,-0.232532273400743,0.066200106170023,0.050015403345863,0.199781333603460,0.078132150084319,-0.249653053053710,-0.201407014219778,0.013983751015026,1
22.140000000000001,5.259307842615084,-2.984900278769508,0.435296541473304,0.696242808373064,-0.068536767561512,0.176192459211544,-0.230528224155804,0.066973741573676,0.047524379726522,0.201024762017083,0.076594924193981,-0.248547601458435,-0.201267350770178,0.013948858187850,1
22.149999999999999,5.266258777842886,-2.985582285056275,0.437060800906575,0.693947597812230,-0.067863226019982,0.176655294356724,-0.228511853104318,0.067732004718132,0.045044532158982,0.202245707258637,0.075057717552574,-0.247417897134529,-0.201128038670364,0.013913481057821,1
22.159999999999997,5.273186861986189,-2.986257518270667,0.438829564888204,0.691672611635381,-0.067182178705572,0.177093387911578,-0.226483384707494,0.068474896374102,0.042576101539429,0.203444243443988,0.073520645703422,-0.246264266089292,-0.200989082763364,0.013877619624940,1
22.170000000000002,5.280092297889973,-2.986925904123500,0.440602586577112,0.689417969696750,-0.066493779324511,0.177506855236507,-0.224443042684985,0.069202418464706,0.040119325510353,0.204620444767907,0.071983823585743,-0.245087033054168,-0.200850487892208,0.013841273889207,1
22.180000000000000,5.286975289586571,-2.987587369862542,0.442379620297645,0.687183789617092,-0.065798181558058,0.177895814052118,-0.222391050014104,0.069914574059439,0.037674438473317,0.205774385504072,0.070447365534652,-0.243886521484745,-0.200712258899923,0.013804443850621,1
22.189999999999998,5.293836042273402,-2.988241844272197,0.444160421563029,0.684970186791100,-0.065095539051069,0.178260384406882,-0.220327628929030,0.070611367368125,0.035241671601700,0.206906140005069,0.068911385281155,-0.242663053560752,-0.200574400629538,0.013767129509183,1
22.200000000000003,5.300674762290739,-2.988889257673092,0.445944747098476,0.682777274394841,-0.064386005400627,0.178600688644919,-0.218253000920023,0.071292803734878,0.032821252853462,0.208015782702392,0.067375995952150,-0.241416950186061,-0.200436917924082,0.013729330864892,1
22.210000000000001,5.307491657091595,-2.989529541922529,0.447732354930964,0.680605160223159,-0.063669734542308,0.178916878138400,-0.216168336072571,0.071958770540382,0.030421422290271,0.208914189686995,0.065817564697368,-0.238551082163941,-0.200299939969703,0.013666204249737,1
22.219999999999999,5.314286935132963,-2.990162630424729,0.449523005144024,0.678453937320758,-0.062946881917090,0.179209212427544,-0.214074777001619,0.072609159201044,0.028050192762380,0.209794634077663,0.064260385088277,-0.235696748472349,-0.200163594954311,0.013602743067522,1
22.229999999999997,5.321060805769253,-2.990788458140719,0.451316460613739,0.676323693732410,-0.062217603242029,0.179477976945456,-0.211972503132523,0.073243982775460,0.025707448766627,0.210657156023696,0.062704565453161,-0.232853981029352,-0.200027886223576,0.013538947318247,1
22.240000000000002,5.327813479226368,-2.991406961588023,0.453112487064746,0.674214515710646,-0.061482054098191,0.179723455968616,-0.209861693488159,0.073863255402523,0.023393074482267,0.211501795871672,0.061150213523048,-0.230022811433199,-0.199892817123169,0.013474817001911,1
22.250000000000000,5.334545166583769,-2.992018078839252,0.454910853058647,0.672126487719791,-0.060740389919877,0.179945932613724,-0.207742526686958,0.074466992295450,0.021106953774176,0.212328594165451,0.059597436431719,-0.227203270962329,-0.199758390998761,0.013410352118515,1
22.259999999999998,5.341256079756661,-2.992621749520580,0.456711329982402,0.670059692440012,-0.059992765983909,0.180145688834567,-0.205615180940917,0.075055209735808,0.018848970196040,0.213137591646174,0.058046340715700,-0.224395390575357,-0.199624611196023,0.013345552668059,1
22.270000000000003,5.347946431478140,-2.993217914810120,0.458513692036681,0.668014210771397,-0.059239337398974,0.180323005418931,-0.203479834053638,0.075627925067546,0.016619006993557,0.213928829252264,0.056497032314263,-0.221599200911082,-0.199491481060624,0.013280418650542,1
22.280000000000001,5.354616435281407,-2.993806517436185,0.460317716224186,0.665990121838053,-0.058480259095035,0.180478161985527,-0.201336663418356,0.076185156691015,0.014416947107643,0.214702348119423,0.054949616569432,-0.218814732288491,-0.199359003938235,0.013214950065964,1
22.289999999999999,5.361266305482054,-2.994387501675449,0.462123182337951,0.663987502992208,-0.057715685812795,0.180611436980970,-0.199185846015958,0.076726924057005,0.012242673177617,0.215458189580636,0.053404198225976,-0.216042014706750,-0.199227183174528,0.013149146914327,1
22.299999999999997,5.367896257160351,-2.994960813351005,0.463929872949603,0.662006429818357,-0.056945772093218,0.180723107676768,-0.197027558413018,0.077253247660764,0.010096067544406,0.216196395166169,0.051860881431412,-0.213281077845209,-0.199096022115172,0.013083009195629,1
22.310000000000002,5.374506506087196,-2.995526399938131,0.465737573349125,0.660046953601532,-0.056170715347506,0.180813430797536,-0.194868725700180,0.077751247835061,0.007971211754013,0.215571942768636,0.047748687311900,-0.211687994812893,-0.198966392246820,0.012843148471892,1
22.320000000000000,5.381097268089875,-2.996084211740774,0.467546071003096,0.658109034667932,-0.055390883257912,0.180882585222116,-0.192716083979073,0.078208411467293,0.005862348965727,0.214958163975619,0.043693511313321,-0.210082516473245,-0.198839155465792,0.012604391730739,1
22.329999999999998,5.387668758433446,-2.996634203037840,0.469355155026263,0.656192611638038,-0.054606681345118,0.180930731496394,-0.190569527497343,0.078625306889196,0.003769601962816,0.214354862213297,0.039694983709102,-0.208464876620144,-0.198714300732263,0.012366738972170,1
22.340000000000003,5.394221191774431,-2.997176332135079,0.471164616144931,0.654297624180042,-0.053818509464955,0.180958031382416,-0.188428952463432,0.079002498740290,0.001693091195615,0.213761841896069,0.035752735783024,-0.206835308046362,-0.198591817006407,0.012130190196184,1
22.350000000000001,5.400754782171167,-2.997710561308630,0.472974246709005,0.652424012990294,-0.053026761845282,0.180964647835107,-0.186294257036705,0.079340547977985,-0.000367065208460,0.213178908426551,0.031866399829233,-0.205194042543561,-0.198471693248398,0.011894745402782,1
22.359999999999999,5.407269743094035,-2.998236856748925,0.474783840703809,0.650571719773831,-0.052231827122749,0.180950744979095,-0.184165341317550,0.079640011887685,-0.002410751434905,0.212605868195579,0.028035609152223,-0.203541310902289,-0.198353918418409,0.011660404591964,1
22.369999999999997,5.413766287435425,-2.998755188504962,0.476593193761669,0.648740687225027,-0.051434088379471,0.180916488085628,-0.182042107337512,0.079901444092889,-0.004437853972119,0.212042528582209,0.024259998066845,-0.201877342911986,-0.198238481476617,0.011427167763730,1
22.380000000000003,5.420244627519537,-2.999265530428935,0.478402103173258,0.646930859008320,-0.050633923179595,0.180862043549599,-0.179924459049399,0.080125394565299,-0.006448261601388,0.211488697953714,0.020539201898305,-0.200202367360977,-0.198125371383193,0.011195034918079,1
22.390000000000001,5.426704975111980,-2.999767860121245,0.480210367898719,0.645142179739062,-0.049831703605770,0.180787578866665,-0.177812302317412,0.080312409634918,-0.008441865386872,0.210944185665589,0.016872856982172,-0.198516612036483,-0.198014577098313,0.010964006055012,1
22.399999999999999,5.433147541429198,-3.000262158875863,0.482017788578563,0.643374594964443,-0.049027796295509,0.180693262610469,-0.175705544907251,0.080463032000158,-0.010418558665603,0.210408802061546,0.013260600664363,-0.196820303724608,-0.197906087582151,0.010734081174528,1
22.410000000000004,5.439572537141790,-3.000748411629358,0.483824167692332,0.641628048787696,-0.048222563795071,0.180579323545900,-0.173604802149740,0.080577406216998,-0.012360528062705,0.209741773708212,0.009623472044535,-0.191584585049920,-0.197799844910054,0.010514629042196,1
22.420000000000002,5.445980172319081,-3.001226606943022,0.485629311186856,0.639902476888622,-0.047416368487534,0.180446225474187,-0.171510669312895,0.080655685398669,-0.014250469821928,0.209086781449181,0.006041530746580,-0.186414703015327,-0.197695791485359,0.010296231694348,1
22.430000000000000,5.452370656375352,-3.001696736984352,0.487433030062491,0.638197813766173,-0.046609568570168,0.180294485387186,-0.169423027128308,0.080698419533662,-0.016089040117780,0.208443606961858,0.002514400004030,-0.181310219454038,-0.197593916760219,0.010078889130982,1
22.441000000000003,5.459380628434655,-3.002204559639240,0.489415256102711,0.636346757238177,-0.045721811140883,0.180106648794222,-0.167133977745540,0.080705024362213,-0.018052911195140,0.207749505342127,-0.001302585978006,-0.175770301379111,-0.197484358371700,0.009841030587358,1
22.450000000000003,5.465101005548242,-3.002612787638066,0.491035463579255,0.634850957734183,-0.044995560327275,0.179937114479139,-0.165266748519567,0.080679433816850,-0.019614669153628,0.207191843562424,-0.004376931509940,-0.171295701451588,-0.197396661217229,0.009647368357700,1
22.460000000000001,5.471441286294616,-3.003058710140011,0.492833825646724,0.633208639644709,-0.044189041141134,0.179732485117142,-0.163197884402577,0.080618795173526,-0.021303018417070,0.206582823555593,-0.007741880443502,-0.166384797044224,-0.197301259303688,0.009433190147784,1
22.469999999999999,5.477765247202258,-3.003496571040627,0.494630057818937,0.631586979928888,-0.043383295698752,0.179511216744954,-0.161135055529972,0.080524773921965,-0.022942577289506,0.205984759131028,-0.011053515145949,-0.161537551177749,-0.197207993898325,0.009220066722352,1
22.479999999999997,5.484073094554957,-3.003926379737610,0.496423996134719,0.629985918778502,-0.042578655166696,0.179273794090758,-0.159078153410714,0.080397901346605,-0.024533980196287,0.205397437516602,-0.014312207012958,-0.156753532052746,-0.197116854453293,0.009007998081402,1
22.490000000000002,5.490365034043817,-3.004348148913821,0.498215481448529,0.628405397459626,-0.041775445417236,0.179020695560056,-0.157027071675935,0.080238705023299,-0.026077857251138,0.204820647050283,-0.017518326366051,-0.152032309143263,-0.197027830420748,0.008796984224935,1
22.500000000000000,5.496641270777872,-3.004761894484525,0.500004359367445,0.626845358291461,-0.040973987065386,0.178752393278716,-0.154981706067843,0.080047708830054,-0.027574834268889,0.204254177180132,-0.020672242452586,-0.147373453196837,-0.196940911252846,0.008587025152952,1
22.509999999999998,5.502902009310640,-3.005167635523409,0.501790480048627,0.625305751058764,-0.040174586874555,0.178469297213763,-0.152940027925288,0.079828017600276,-0.029042278800442,0.204081702673301,-0.023259288465110,-0.146113504092542,-0.196855923034464,0.008410747285856,1
22.520000000000003,5.509147453826308,-3.005565393974444,0.503573696607412,0.623786552008352,-0.039377512277925,0.178171589894915,-0.150900067207519,0.079582656918542,-0.030497065744489,0.203910670251865,-0.025806177116348,-0.144841973079687,-0.196772693731880,0.008235241993293,1
22.530000000000001,5.515377808321054,-3.005955194370362,0.505353863566058,0.622287744035887,-0.038583017966574,0.177859398473410,-0.148861810151406,0.079312027031493,-0.031939080401803,0.203740948511863,-0.028313173680587,-0.143559083963276,-0.196691215619350,0.008060509275266,1
22.540999999999997,5.522214012552166,-3.006374815622359,0.507308352867462,0.620662586707208,-0.037712353547874,0.177499411915130,-0.146621680294755,0.078985622677345,-0.033510410371660,0.203555612633359,-0.031025110264963,-0.142135053210824,-0.196603603099400,0.007869195609022,1
22.549999999999997,5.527794062381900,-3.006711031722734,0.508904473169278,0.619351233549770,-0.037002769044390,0.177192077584186,-0.144790358512365,0.078696547389495,-0.034784345214501,0.203404915666314,-0.033208548045782,-0.140960121628651,-0.196533482061466,0.007713361562813,1
22.560000000000002,5.533980369093344,-3.007077130220591,0.510674631289192,0.617913497430677,-0.036217503975384,0.176837208009011,-0.142757142918691,0.078352484910908,-0.036187377096542,0.203238345958850,-0.035597452795874,-0.139644491009295,-0.196457211164622,0.007540946568389,1
22.570000000000000,5.540152400076645,-3.007435393667412,0.512441170781470,0.616496085152793,-0.035435798328008,0.176468374072010,-0.140725588948356,0.077984727794127,-0.037577200125113,0.203072569728986,-0.037947519357231,-0.138318387484102,-0.196382660554850,0.007369304148498,1
22.581000000000003,5.546925388153377,-3.007820477932680,0.514380018873376,0.614960385899113,-0.034580313615677,0.176046686202391,-0.138492790083549,0.077553289552065,-0.039090625608490,0.202890980557107,-0.040488046754185,-0.136847838500710,-0.196302632594991,0.007181389810206,1
22.590000000000003,5.552454447315223,-3.008128564828665,0.515962839288595,0.613722165872551,-0.033884001475828,0.175689344572062,-0.136667437953130,0.077179675324483,-0.040316807267762,0.202742889751451,-0.042532183893232,-0.135635635889396,-0.196238689293538,0.007028337032321,1
22.600000000000001,5.558584869385689,-3.008463553041958,0.517717694344400,0.612365625900097,-0.033114368741823,0.175279417280654,-0.134640830126979,0.076743146285198,-0.041666390652091,0.202578734131481,-0.044767303057890,-0.134279422400905,-0.196169253190509,0.006859012336034,1
22.613000000000000,5.566534319474320,-3.008887571354474,0.519992757166718,0.610632389803959,-0.032120466872852,0.174726523311695,-0.132012652774635,0.076166641388447,-0.043385346254439,0.201759124883512,-0.043932907884685,-0.130183862041528,-0.196082012061097,0.006562858178608,1
22.619999999999997,5.570805523420624,-3.009110551045147,0.521214772478016,0.609713240776836,-0.031588373189410,0.174419654249886,-0.130601861577430,0.075860628860264,-0.044288980510002,0.201324892831174,-0.043501291211403,-0.127999828606925,-0.196036628974260,0.006403783957502,1
22.631000000000000,5.577504512279620,-3.009453443195475,0.523130680986099,0.608288786832530,-0.030756524768318,0.173924800268198,-0.128390997644414,0.075385736811802,-0.045678233488872,0.200652351324529,-0.042847720340750,-0.124597706936720,-0.195967559769744,0.006154366564482,1
22.640000000000001,5.582973935888449,-3.009727203986297,0.524694139165385,0.607141386937386,-0.030079781483314,0.173508687254000,-0.126587569076092,0.075002428667885,-0.046787190532002,0.200110852774336,-0.042335175366425,-0.121841245306051,-0.195913086845461,0.005950803591104,1
22.649999999999999,5.589039053706368,-3.010024258712492,0.526426866498325,0.605885506873074,-0.029331864748567,0.173034773982229,-0.124589431465650,0.074581828861286,-0.047990406701168,0.199518241807716,-0.041788822492810,-0.118806970291573,-0.195854707513779,0.005725156412455,1
22.660000000000004,5.595091712532149,-3.010313855211278,0.528154795042209,0.604649578710715,-0.028588127096647,0.172548979764942,-0.122597173130510,0.074166571986896,-0.049163429332535,0.198934963706698,-0.041266539001014,-0.115802513696702,-0.195798581843869,0.005500071236840,1
22.670000000000002,5.601132111592390,-3.010596035010334,0.529877807492292,0.603433544120805,-0.027848516296714,0.172051605049000,-0.120610701760360,0.073756418846503,-0.050306555889283,0.198360814989669,-0.040768025980139,-0.112827731365093,-0.195744704215699,0.005275548064258,1
22.680000000000000,5.607160449534983,-3.010870839126945,0.531595789533453,0.602237345686786,-0.027112982494985,0.171542947313836,-0.118629927074100,0.073351133224695,-0.051420082394420,0.197795593295084,-0.040292985781018,-0.109882479417938,-0.195693069009240,0.005051586894710,1
22.689999999999998,5.613176924438133,-3.011138308091615,0.533308629810585,0.601060926884811,-0.026381478184971,0.171023301085839,-0.116654760808647,0.072950481876242,-0.052504303433554,0.197239097381467,-0.039841122016226,-0.106966614253970,-0.195643670604461,0.004828187728195,1
22.700000000000003,5.619181733819188,-3.011398481971399,0.535016219899145,0.599904232063619,-0.025653958177835,0.170492957952722,-0.114685116707729,0.072554234513481,-0.053559512157667,0.196691127127408,-0.039412139560073,-0.104079992549461,-0.195596503381333,0.004605350564713,1
22.710000000000001,5.625175074627548,-3.011651400483331,0.536718454093190,0.598767200149612,-0.024930415693190,0.169952133606639,-0.112722789236209,0.072151347951966,-0.054607850292098,0.195777236864103,-0.041160820169618,-0.105575945227225,-0.195550761682429,0.004543013481711,1
22.719999999999999,5.631157143081542,-3.011897104005103,0.538415227380458,0.597649746101581,-0.024210989073549,0.169400752247282,-0.110769515054732,0.071731104915320,-0.055670798562060,0.194880421364771,-0.042883459199753,-0.107002147758360,-0.195505642626384,0.004480821993061,1
22.729999999999997,5.637128134509998,-3.012135634558856,0.540106433471902,0.596551780235593,-0.023495850584044,0.168838671248008,-0.108825124845813,0.071293765081448,-0.056747663304106,0.194000394845006,-0.044580204176687,-0.108359367240358,-0.195461144757253,0.004418776098764,1
22.740000000000002,5.643088243353327,-3.012367035876423,0.541791964686766,0.595473214546627,-0.022785169900400,0.168265754880499,-0.106889452142420,0.070839586654534,-0.057837758510572,0.193136872998101,-0.046251202318880,-0.109648367732250,-0.195417266619094,0.004356875798820,1
22.750000000000000,5.649037663180159,-3.012591353373505,0.543471712021181,0.594413962680144,-0.022079114123655,0.167681874238366,-0.104962333313202,0.070368826368116,-0.058940405799190,0.192289572995053,-0.047896600537042,-0.110869910254601,-0.195374006755962,0.004295121093229,1
22.759999999999998,5.654976586703719,-3.012808634124005,0.545145565216008,0.593373939903796,-0.021377847794853,0.167086907161040,-0.103043607547708,0.069881739488163,-0.060054934382709,0.191458213484560,-0.049516545434140,-0.112024752789514,-0.195331363711915,0.004233511981992,1
22.770000000000003,5.660905205797902,-3.013018926834496,0.546813412823917,0.592353063079301,-0.020681532909703,0.166480738157975,-0.101133116841611,0.069378579816152,-0.061180681038506,0.190642514593021,-0.051111183305390,-0.113113650280629,-0.195289336031008,0.004172048465107,1
22.780000000000001,5.666823711513067,-3.013222281818841,0.548475142275704,0.591351250634451,-0.019990328933208,0.165863258333157,-0.099230705981935,0.068859599692149,-0.062316990078198,0.189842197924539,-0.052680660138260,-0.114137354633121,-0.195247922257298,0.004110730542575,1
22.789999999999999,5.672732294091573,-3.013418750972963,0.550130639945868,0.590368422535270,-0.019304392814266,0.165234365309910,-0.097336222532269,0.068325049997881,-0.063463213317266,0.189056986560916,-0.054225121612472,-0.115096614713705,-0.195207120934842,0.004049558214396,1
22.799999999999997,5.678631142983015,-3.013608387749751,0.551779791217425,0.589404500258327,-0.018623879000235,0.164593963156011,-0.095449516818000,0.067775180159821,-0.064618710044663,0.188286605061658,-0.055744713100000,-0.115992176350629,-0.195166930607696,0.003988531480570,1
22.810000000000002,5.684520446907533,-3.013791247058342,0.553422480405173,0.588459426078674,-0.017948909172519,0.163941906050130,-0.093564658572243,0.067219304555866,-0.065799692929382,0.188682928975637,-0.055433205645219,-0.120181278992618,-0.195128142350675,0.003769213356476,1
22.820999999999998,5.690987881812336,-3.013984630569978,0.555221833580609,0.587441638725104,-0.017212843908200,0.163210747908372,-0.091486815165557,0.066611336420406,-0.067146306850646,0.189104219185350,-0.055109790427490,-0.124629941915323,-0.195088004939009,0.003528610909174,1
22.831000000000003,5.696857755391762,-3.014153437615468,0.556850562808457,0.586536231998131,-0.016549481352647,0.162532987761601,-0.089593914155346,0.066061635980377,-0.068412224007569,0.189473863110170,-0.054833012351232,-0.128530868132772,-0.195053810001436,0.003310470038172,1
22.840000000000003,5.702132975957165,-3.014299714106331,0.558310573282613,0.585737564841292,-0.015957144145774,0.161912026040630,-0.087887193552646,0.065569207333033,-0.069584362545654,0.189795663339550,-0.054597744646074,-0.131926221502842,-0.195024897425287,0.003114622564458,1
22.850000000000001,5.707985988893064,-3.014456016176587,0.559926192183624,0.584868188499630,-0.015304177789383,0.161209524789498,-0.085987499018848,0.065024474364072,-0.070921963651431,0.190141119798917,-0.054351489350206,-0.135571827431854,-0.194994837045492,0.002897546827207,1
22.859999999999999,5.713830403107317,-3.014605815779544,0.561534718589998,0.584017826163717,-0.014656646712963,0.160493467458353,-0.084084413648444,0.064482125132142,-0.072295358002115,0.190473828742345,-0.054120958256625,-0.139085105523582,-0.194966944620087,0.002681031686667,1
22.869999999999997,5.719666408907398,-3.014749167151423,0.563136015173270,0.583186511104356,-0.014014527861457,0.159763502707655,-0.082178064973315,0.063942003562900,-0.073703229361295,0.190793778908644,-0.053905918011131,-0.142467463248665,-0.194941214543103,0.002465077142837,1
22.880000000000003,5.725494196927119,-3.014886124305667,0.564729941157156,0.582374275316471,-0.013377799728907,0.159019292289951,-0.080268580635454,0.063403955910093,-0.075144275539607,0.191100959536490,-0.053706136349916,-0.145720302544873,-0.194917641208574,0.002249683195718,1
22.890000000000001,5.731313958113836,-3.015016741048298,0.566316352447771,0.581581149518043,-0.012746442335220,0.158260510909673,-0.078356088381973,0.062867830744654,-0.076617208339394,0.191395360364420,-0.053521382099559,-0.148845019817097,-0.194896219010533,0.002034849845309,1
22.899999999999999,5.737125883715716,-3.015141070993078,0.567895101762455,0.580807163149071,-0.012120437203054,0.157486846083505,-0.076440716060094,0.062333478943797,-0.078120753499390,0.191676971630836,-0.053351425177029,-0.151843005937364,-0.194876942343012,0.001820577091611,1
22.909999999999997,5.742930165205967,-3.015259167572475,0.569466039068849,0.580052319215695,-0.011499765762553,0.156698122518587,-0.074530123633591,0.061801224577296,-0.079616367731597,0.190445155069530,-0.053102168587988,-0.147287950181371,-0.194859648410533,0.001638289420816,1
22.920000000000002,5.748726993582112,-3.015371084009322,0.571029015116035,0.579316519978525,-0.010884404673930,0.155894669754222,-0.072631740678920,0.061271381564258,-0.081066674274456,0.189235022498481,-0.052869114369971,-0.142781425874660,-0.194844174954267,0.001456481848883,1
22.930000000000000,5.754516558684236,-3.015476873289259,0.572583884869321,0.578599644421572,-0.010274330629763,0.155076938444950,-0.070745351996389,0.060743789082543,-0.082472157177561,0.188046246152242,-0.052652022395372,-0.138323180127116,-0.194830517173225,0.001275154375813,1
22.939999999999998,5.760299049152974,-3.015576588172853,0.574130507776406,0.577901573664486,-0.009669521918862,0.154245374417446,-0.068870745655663,0.060218288705692,-0.083833297964287,0.186878499925048,-0.052450653655811,-0.133912960584119,-0.194818670266421,0.001094307001607,1
22.951000000000001,5.766651841168728,-3.015679321331195,0.575822105541054,0.577155276063750,-0.009010289807399,0.153315203417160,-0.066822038325607,0.059642468507052,-0.085279909299668,0.185617881685749,-0.052247024491450,-0.129116888822946,-0.194807724498699,0.000895929404166,1
22.960000000000001,5.771843554882401,-3.015758004762745,0.577198472966024,0.576561381511184,-0.008475621489975,0.152542507526514,-0.065156048525475,0.059172942471987,-0.086424466683098,0.184604801703136,-0.052094135444405,-0.125235593370845,-0.194800389871566,0.000734052549782,1
22.969999999999999,5.777605941616194,-3.015839811006207,0.578719556123764,0.575919032739781,-0.007886494116233,0.151672072403991,-0.063315550072752,0.058652791639884,-0.087655445079005,0.183498205795295,-0.051938513551924,-0.120967943668884,-0.194793946781539,0.000554645472164,1
22.979999999999997,5.783361996703591,-3.015915751958155,0.580231874090672,0.575295033953476,-0.007302560716998,0.150789540095250,-0.061486018602112,0.058134122939760,-0.088843982296886,0.182411352180252,-0.051797670053210,-0.116747316108098,-0.194789295361793,0.000375718493410,1
22.990000000000002,5.789111903099373,-3.015985879486679,0.581735308009118,0.574689276464259,-0.006723807205976,0.149895332665127,-0.059667258281046,0.057616789755672,-0.089990547309322,0.181343923050647,-0.051671371536006,-0.112573461011411,-0.194786430811341,0.000197271613518,1
23.000000000000000,5.794855842681173,-3.016050245326302,0.583229743218713,0.574101653526583,-0.006150220951380,0.148989867501210,-0.057859076446824,0.057100647800203,-0.091095606594797,0.180295602258807,-0.051559385707281,-0.108446129237268,-0.194785348329193,0.000019304832489,1
23.009999999999998,5.800593996272724,-3.016108901287389,0.584715068944761,0.573532061889421,-0.005581868659164,0.148073451496082,-0.056060810683291,0.056562227116421,-0.092191318395183,0.179359779830535,-0.056109513792464,-0.110680524495154,-0.194783785086338,0.000293213475775,1
23.020000000000003,5.806326543705778,-3.016161901401139,0.586191175356689,0.572980406340776,-0.005019126559500,0.147145968219681,-0.054271836636640,0.055978761055171,-0.093308904613984,0.178437221512612,-0.060568582555656,-0.112821178413515,-0.194779486664932,0.000566340542764,1
23.030999999999999,5.812626084257025,-3.016213738782429,0.587804110664370,0.572394191348974,-0.004407121949437,0.146112698697693,-0.052314540213497,0.055286003212605,-0.094562401818461,0.177437460533121,-0.065369252257939,-0.115068809232750,-0.194771608598271,0.000865877595828,1
23.039999999999999,5.817775534774349,-3.016251171856726,0.589115281140491,0.571930535782313,-0.003912247556316,0.145256952833512,-0.050721239836784,0.054680313367645,-0.095605980379764,0.176631003814095,-0.069216447725405,-0.116825222860548,-0.194762715549517,0.001110249947848,1
23.049999999999997,5.823492333471686,-3.016287572028395,0.590563050820084,0.571432140147025,-0.003368975451370,0.144295020302875,-0.048959360719873,0.053967123902424,-0.096783634656414,0.175746900630821,-0.073406691178706,-0.118690584360965,-0.194750258487035,0.001381032285944,1
23.061000000000000,5.829775163905112,-3.016321382283160,0.592144414194148,0.570904200467534,-0.002779869629390,0.143223179707505,-0.047031428655650,0.053134761892469,-0.098100045283951,0.174788673550676,-0.077914155792324,-0.120638801322884,-0.194733432996809,0.001677990137226,1
23.070000000000000,5.834911418149714,-3.016344258728811,0.593429435055425,0.570487986081558,-0.002304861258508,0.142335372746926,-0.045461816715957,0.052417240005642,-0.099192661508627,0.174015604772077,-0.081523400165196,-0.122152885316853,-0.194717240431334,0.001920252233243,1
23.079999999999998,5.840614053886827,-3.016364700231371,0.594847808723291,0.570042054518152,-0.001784830853434,0.141337311475281,-0.043725908675139,0.051582294531020,-0.100422257606674,0.173167975239960,-0.085451298926069,-0.123751773321579,-0.194696695069642,0.002188689842446,1
23.090000000000003,5.846312316962933,-3.016379983828212,0.596256140035788,0.569613439849960,-0.001273344861430,0.140326875750321,-0.041998418134765,0.050708500756337,-0.101667407368214,0.172332068664366,-0.089293178845193,-0.125263779148531,-0.194673469239740,0.002456345875352,1
23.100000000000001,5.852006380128044,-3.016390196891571,0.597654304485137,0.569202058484530,-0.000770787476412,0.139303914363422,-0.040279228943906,0.049796715313813,-0.102927246799241,0.171507669511153,-0.093049750778466,-0.126689867729631,-0.194647570757389,0.002723220331960,1
23.110999999999997,5.858265203838528,-3.016395683457402,0.599180392370495,0.568769332084070,-0.000228639800311,0.138164060818901,-0.038401109459226,0.048776792349144,-0.104317833181237,0.169974361918420,-0.092393609511317,-0.126134052730319,-0.194618484514046,0.002565264571588,1
23.119999999999997,5.863382593196698,-3.016395776965309,0.600419628735129,0.568430589392158,0.000206616505944,0.137220098493433,-0.036876887786973,0.047947617769433,-0.105450824075798,0.168745364645179,-0.091869269576934,-0.125635126478682,-0.194595977382493,0.002436371778629,1
23.130000000000003,5.869065083314321,-3.016391328707003,0.601786536264085,0.568070235350029,0.000681508770070,0.136159318301199,-0.035196152311419,0.047031784372724,-0.106704213845893,0.167406354021094,-0.091299675969905,-0.125034823460037,-0.194572328239881,0.002293520399053,1
23.140000000000001,5.874744053706277,-3.016382177223357,0.603142773423674,0.567726622172723,0.001147270954121,0.135086035023851,-0.033528668938500,0.046121579259270,-0.107951361652615,0.166094873885326,-0.090743579625309,-0.124386852616970,-0.194550105701407,0.002151050950871,1
23.149999999999999,5.880419671123182,-3.016368413536002,0.604488215503060,0.567399618708722,0.001603958669394,0.134000313452545,-0.031874164466677,0.045216868453812,-0.109191794376643,0.164810503933139,-0.090200781235657,-0.123691925188476,-0.194529305947759,0.002008963434082,1
23.159999999999997,5.886092101017730,-3.016350128117115,0.605822738462853,0.567089096517547,0.002051626197380,0.132902223074124,-0.030232369886528,0.044317519969196,-0.110425045994688,0.163552826046583,-0.089671082487507,-0.122950749142132,-0.194509925159621,0.001867257848686,1
23.170000000000002,5.891761507571583,-3.016327410902630,0.607146218981718,0.566794929827944,0.002490326509599,0.131791838000319,-0.028603020358873,0.043423403796432,-0.111650657546778,0.162321424294493,-0.089154286061460,-0.122164029174100,-0.194491959517680,0.001725934194683,1
23.180000000000000,5.897428053721862,-3.016300351305230,0.608458534502265,0.566516995496289,0.002920111287328,0.130669236897283,-0.026985855192914,0.042534391894755,-0.112868177103544,0.161115884932487,-0.088650195632165,-0.121332466709124,-0.194475405202623,0.001584992472074,1
23.189999999999998,5.903091901187226,-3.016269038227157,0.609759563276244,0.566255172965217,0.003341030941239,0.129534502915445,-0.025380617824359,0.041650358181681,-0.114077159733511,0.159935796402969,-0.088158615868312,-0.120456759900528,-0.194460258395134,0.001444432680858,1
23.200000000000003,5.908753210493518,-3.016233560072817,0.611049184409045,0.566009344222463,0.003753134630928,0.128387723619693,-0.023787055793558,0.040771178523071,-0.115277167470379,0.158780749335125,-0.087679352432641,-0.119537603630220,-0.194446515275901,0.001304254821034,1
23.210000000000001,5.914412140952892,-3.016194004794351,0.612327278081491,0.565779375337194,0.004156457037099,0.127229062036034,-0.022210436695796,0.039892764693279,-0.116446477834550,0.156551477182708,-0.088002163234657,-0.114334741744562,-0.194433818999140,0.001235031661359,1
23.219999999999999,5.920068850184921,-3.016150460266005,0.613593727537160,0.565565062017279,0.004550979289449,0.126058966466004,-0.020655859195182,0.039011160258944,-0.117564067183902,0.154372321550478,-0.088317473874537,-0.109193343474020,-0.194421814020070,0.001165995282690,1
23.229999999999997,5.925723493651501,-3.016103014647595,0.614848421012010,0.565366186341751,0.004936669856884,0.124877951052287,-0.019122825371995,0.038126440205320,-0.118630548440088,0.152242633859157,-0.088625287662473,-0.104113066046708,-0.194410498470883,0.001097145685027,1
23.240000000000002,5.931376224660114,-3.016051756410504,0.616091251852838,0.565182535336461,0.005313497957998,0.123686523825474,-0.017610843776802,0.037238679483455,-0.119646531100882,0.150161768629945,-0.088925608129400,-0.099093567458784,-0.194399870483766,0.001028482868370,1
23.250000000000000,5.937027194412956,-3.015996774330180,0.617322118456324,0.565013900909534,0.005681433560712,0.122485186738269,-0.016119429399461,0.036347953007987,-0.120612621247858,0.148129083484528,-0.089218439026994,-0.094134506474468,-0.194389928190912,0.000960006832720,1
23.259999999999998,5.942676552055456,-3.015938157478645,0.618540924208432,0.564860079787127,0.006040447381904,0.121274435699608,-0.014648103638104,0.035454335654930,-0.121529421554072,0.146143939145068,-0.089503784327673,-0.089235542626016,-0.194380669724509,0.000891717578075,1
23.270000000000003,5.948324444724130,-3.015875995217011,0.619747577424139,0.564720873449506,0.006390510887008,0.120054760608705,-0.013196394268141,0.034557902259470,-0.122397531291747,0.144205699434212,-0.089781648224596,-0.084396336213732,-0.194372093216747,0.000823615104438,1
23.280000000000001,5.953971017593788,-3.015810377187996,0.620941991287504,0.564596088067422,0.006731596289598,0.118826645389028,-0.011763835411258,0.033658727613762,-0.123217546339944,0.142313731275087,-0.090052035131666,-0.079616548305983,-0.194364196799817,0.000755699411806,1
23.289999999999999,5.959616413924148,-3.015741393308440,0.622124083792086,0.564485534438812,0.007063676550944,0.117590568022185,-0.010349967504400,0.032756886464713,-0.123990059192251,0.140467404691303,-0.090314949683524,-0.074895840739171,-0.194356978605907,0.000687970500181,1
23.299999999999997,5.965260775105779,-3.015669133761836,0.623293777681688,0.564389027925792,0.007386725379551,0.116347000581743,-0.008954337268779,0.031852453511782,-0.124715658964459,0.138666092806948,-0.090570396735557,-0.070233876117753,-0.194350436767210,0.000620428369562,1
23.310000000000002,5.970904240772517,-3.015593688954689,0.624451000283297,0.564306415181733,0.007700731689802,0.115096366039490,-0.007568482463536,0.030949837147105,-0.125407881810018,0.138503541309297,-0.089953231453984,-0.068213269576391,-0.194344812123591,0.000504748253952,1
23.320000000000000,5.976546949577130,-3.015515149112486,0.625595682264465,0.564237652725673,0.008005742659160,0.113838910041692,-0.006184292895820,0.030053381783719,-0.126079975791431,0.138333053839723,-0.089338195867318,-0.066208093671276,-0.194340336844132,0.000390555537786,1
23.329999999999998,5.982189039937916,-3.015433603880940,0.626727756414510,0.564182723509289,0.008301819791214,0.112574833106419,-0.004801847669389,0.029163066142974,-0.126732094926693,0.138154681572561,-0.088725286316284,-0.064218290743946,-0.194336996054838,0.000277850221064,1
23.340000000000003,5.987830650098748,-3.015349142291792,0.627847157520241,0.564141609695782,0.008589024376951,0.111304334214441,-0.003421225376786,0.028278868982799,-0.127364392657671,0.137968475576691,-0.088114499143594,-0.062243803227782,-0.194334774881713,0.000166632303784,1
23.350000000000001,5.993471918121195,-3.015261852764935,0.628953822350610,0.564114292664976,0.008867417495117,0.110027610814993,-0.002042504100394,0.027400769097692,-0.127977021851026,0.137774486815541,-0.087505830693945,-0.060284573648014,-0.194333658450764,0.000056901785947,1
23.359999999999999,5.999112981876745,-3.015171823110535,0.630047689641429,0.564100753018419,0.009137060012587,0.108744858831509,-0.000665761413488,0.026528745318688,-0.128570134799132,0.137572766147083,-0.086899277314019,-0.058340544621716,-0.194333631887996,-0.000051341332446,1
23.371000000000002,6.005318080386965,-3.015069729701553,0.631236091771472,0.564101748188212,0.009423632223883,0.107327100610333,0.000846278309043,0.025576511843858,-0.129200198838330,0.137342003628827,-0.086234507143821,-0.056219600957876,-0.194334843714588,-0.000168690816322,1
23.380000000000003,6.010395047076097,-3.014983891623821,0.632196796290639,0.564114924423361,0.009650335655776,0.106162045211624,0.002081480437975,0.024802841585742,-0.129698418263155,0.137146331992875,-0.085692501159983,-0.054497859157039,-0.194336788871026,-0.000263365370903,1
23.390000000000001,6.016036323242808,-3.014886162382231,0.633251922818169,0.564142592832287,0.009894089459170,0.104862367844723,0.003451826992025,0.023948919476412,-0.130233890500641,0.136921719695804,-0.085092271089163,-0.052599088412033,-0.194339942668834,-0.000367146290967,1
23.399999999999999,6.021677944573187,-3.014786038198763,0.634294026114255,0.564183953350437,0.010129334017951,0.103557430444216,0.004819889733469,0.023100989162372,-0.130750449937853,0.136689577868787,-0.084494141494641,-0.050715289607236,-0.194344126838847,-0.000469439811587,1
23.410000000000004,6.027320047748269,-3.014683604023523,0.635323054515541,0.564238932983345,0.010356066448703,0.102247418941844,0.006170692553561,0.022240253047697,-0.131248971417405,0.133482987436561,-0.087640516442983,-0.048987822877490,-0.194347680796913,-0.000241468063029,1
23.420000000000002,6.032962767728377,-3.014578946082043,0.636338958163933,0.564307261511665,0.010574035453367,0.100932508715203,0.007489788149234,0.021348429056169,-0.131730183188350,0.130347997230707,-0.090711824522449,-0.047253393982731,-0.194348958525336,-0.000014193883022,1
23.430000000000000,6.038606236429012,-3.014472153550491,0.637341688938825,0.564388625429601,0.010782933895761,0.099612873204883,0.008777888455946,0.020426264630354,-0.132194017009488,0.127283794472753,-0.093708710598461,-0.045512278767548,-0.194347966999802,0.000212382728432,1
23.439999999999998,6.044250582666067,-3.014363318639135,0.638331200457378,0.564482718310135,0.010982462081921,0.098288686520118,0.010035697298846,0.019474500774930,-0.132640407390701,0.124289569878563,-0.096631817383610,-0.043764751603225,-0.194344713195996,0.000438261771335,1
23.450000000000003,6.049895932226227,-3.014252536518240,0.639307448081079,0.564589240724092,0.011172327695832,0.096960123411350,0.011263910427709,0.018493872078213,-0.133069291578213,0.121364517658333,-0.099481785437665,-0.042011085387737,-0.194339204089603,0.000663443245686,1
23.460000000000001,6.055542407936528,-3.014139905244606,0.640270388922008,0.564707900159563,0.011352245735368,0.095627359242940,0.012463215551886,0.017485106733685,-0.133480609539864,0.118507835516605,-0.102259253167557,-0.040251551545759,-0.194331446656310,0.000887927151485,1
23.469999999999999,6.061190129733154,-3.014025525688752,0.641219981848847,0.564838410941679,0.011521938448453,0.094290569966023,0.013634292375244,0.016448926561523,-0.133874303950375,0.115718724652244,-0.104964856827398,-0.038486420028652,-0.194321447871802,0.001111713488732,1
23.479999999999997,6.066839214729380,-3.013909501462735,0.642156187492610,0.564980494152725,0.011681135269438,0.092949932091512,0.014777812631111,0.015386047030127,-0.134250320176611,0.112996389758457,-0.107599230518470,-0.036715959314474,-0.194309214711764,0.001334802257427,1
23.490000000000002,6.072489777282773,-3.013791938848597,0.643078968252109,0.565133877552613,0.011829572755686,0.091605622663252,0.015894440117219,0.014297177277648,-0.134608606262853,0.110340039022783,-0.110163006189228,-0.034940436407973,-0.194294754151882,0.001557193457570,1
23.500000000000000,6.078141929061535,-3.013672946727457,0.643988288299144,0.565298295499701,0.011966994524384,0.090257819231325,0.016984830730645,0.013183020133519,-0.134949112916064,0.107748884127100,-0.112656813635296,-0.033160116840595,-0.194278073167841,0.001778887089162,1
23.509999999999998,6.083795779343028,-3.013552636418797,0.644884113701292,0.565473581914265,0.012093187318864,0.088906746909170,0.018077487368347,0.012055090191013,-0.135257697302264,0.110770005614049,-0.112925959412886,-0.028567582213697,-0.194260754276756,0.001684933654618,1
23.520000000000003,6.089451437621917,-3.013431120622746,0.645766413713721,0.565659944709965,0.012208087677479,0.087552817289437,0.019199983072087,0.010924564975336,-0.135520680302259,0.113716795790282,-0.113175896150687,-0.024039770199746,-0.194244373644215,0.001591235380188,1
23.530000000000001,6.095109016141598,-3.013308512390229,0.646635162032753,0.565857678570732,0.012311670605162,0.086196483156797,0.020351577479485,0.009791635741298,-0.135738707062027,0.116589844507218,-0.113406790881625,-0.019576264953170,-0.194228928718618,0.001497792265872,1
23.539999999999999,6.100768630055394,-3.013184925012592,0.647490336850370,0.566067070806339,0.012403913011052,0.084838190865228,0.021531536117851,0.008656492075934,-0.135912418574627,0.119389739851417,-0.113618810126585,-0.015176651734936,-0.194214416948364,0.001404604311668,1
23.549999999999997,6.106430397353094,-3.013060472002633,0.648331920790115,0.566288401411206,0.012484793691842,0.083478380379499,0.022739130386538,0.007519321903634,-0.136042451691256,0.122117068144574,-0.113812119894412,-0.010840516912567,-0.194200835781851,0.001311671517578,1
23.560000000000002,6.112094438788109,-3.012935267075818,0.649159900843403,0.566521943123034,0.012554293315175,0.082117485316530,0.023973637539292,0.006380311491256,-0.136129439132322,0.124772413943521,-0.113986885681912,-0.006567447960138,-0.194188182667479,0.001218993883602,1
23.570000000000000,6.117760877805171,-3.012809424131652,0.649974268306252,0.566767961481260,0.012612394403098,0.080755932986645,0.025234340666598,0.005239645453257,-0.136174009498504,0.127356360040219,-0.114143272473845,-0.002357033458283,-0.194176455053646,0.001126571409739,1
23.579999999999998,6.123429840468672,-3.012683057235211,0.650775018716421,0.567026714885336,0.012659081315561,0.079394144434714,0.026520528678041,0.004097506756799,-0.136176787281823,0.129869487461770,-0.114281444742935,0.001791136905820,-0.194165650388750,0.001034404095989,1
23.590000000000003,6.129101455391537,-3.012556280598854,0.651562151790962,0.567298454652829,0.012694340233971,0.078032534481182,0.027831496284653,0.002954076726881,-0.136138392876703,0.132312375470413,-0.114401566449864,0.005877472338440,-0.194155766121192,0.000942491942353,1
23.600000000000001,6.134775853664695,-3.012429208564089,0.652335671364178,0.567583425077354,0.012718159144795,0.076671511762996,0.029166543981261,0.001809535051456,-0.136059442591038,0.134685601563513,-0.114503801043271,0.009902380939285,-0.194146799699370,0.000850834948830,1
23.609999999999999,6.140453168784782,-3.012301955582925,0.653095585325043,0.567881862546750,0.012730528091897,0.075311478392702,0.030524696656321,0.000664140248468,-0.135940662965489,0.136933666033473,-0.114572276000801,0.013843488925318,-0.194138748074385,0.000759532441221,1
23.619999999999997,6.146133536559061,-3.012174636192723,0.653841905545526,0.568193992821726,0.012731439954912,0.073952828870212,0.031904992892481,-0.000481853063112,-0.135782773248367,0.139114407610949,-0.114623529307378,0.017724466124147,-0.194131608202682,0.000668484292540,1
23.630000000000003,6.151817095011574,-3.012047364991385,0.654574647809607,0.568520033981123,0.012720889607186,0.072595951296583,0.033306762272753,-0.001628273462309,-0.135586372743258,0.141228388394560,-0.114657719986111,0.021545713211000,-0.194125377540671,0.000577690502787,1
23.640000000000001,6.157503984313712,-3.011920256619537,0.655293831752374,0.568860197427691,0.012698873628328,0.071241227799856,0.034729339992476,-0.002774951115866,-0.135352056752458,0.143276168751487,-0.114675006557633,0.025307629768125,-0.194120053544763,0.000487151071963,1
23.649999999999999,6.163194346717755,-3.011793425743542,0.655999480800498,0.569214687944119,0.012665390288364,0.069889034575005,0.036172066842005,-0.003921717773221,-0.135080416587909,0.145258307317481,-0.114675547040090,0.029010614284808,-0.194115633671369,0.000396866000066,1
23.661000000000001,6.169457929036375,-3.011654369152457,0.656760094474465,0.569621411657160,0.012615313795836,0.068404986271975,0.037781558677688,-0.005183065018549,-0.134739203849107,0.147363508085188,-0.114656987817883,0.033016305006334,-0.194111813036365,0.000297846205541,1
23.670000000000002,6.174586069850111,-3.011541055172462,0.657370286523027,0.569967436552045,0.012564022962540,0.067193714294513,0.039115358963089,-0.006214852980392,-0.134427509099109,0.149027884962502,-0.114627019298008,0.036241375689120,-0.194109496117764,0.000217058933056,1
23.680000000000000,6.180287724896881,-3.011415744788160,0.658035508478489,0.570366071610546,0.012496143826841,0.065851310321609,0.040614633634597,-0.007360892897330,-0.134047404545319,0.150816432655855,-0.114578264597362,0.039769944090455,-0.194107773350375,0.000127536937943,1
23.689999999999998,6.185993441553408,-3.011291170488412,0.658687325985151,0.570779787783775,0.012416806999007,0.064512882865207,0.042131476201190,-0.008506364542258,-0.133632301380556,0.152541555786932,-0.114513390855439,0.043241163478765,-0.194106944531142,0.000038269301759,1
23.701000000000001,6.192274602114616,-3.011155125644704,0.659388892744020,0.571252499972343,0.012316310642970,0.063045619663301,0.043819538874694,-0.009765535149772,-0.133135947129883,0.154363505161693,-0.114422714526743,0.046992477399536,-0.194107062301570,-0.000059625788812,1
23.710000000000001,6.197417668104130,-3.011044688252662,0.659950917116505,0.571653146742226,0.012223787954192,0.061849340098327,0.045215191117227,-0.010794919021534,-0.132699443925109,0.155773153185264,-0.114327159772758,0.050000663948105,-0.194107958287189,-0.000139447848343,1
23.719999999999999,6.203136486356902,-3.010923009168756,0.660562784016488,0.572113112701783,0.012110124356175,0.060524900746651,0.046780514488658,-0.011937599144432,-0.132182944201654,0.157281378890162,-0.114206299831256,0.053289995471929,-0.194109795227071,-0.000227897809435,1
23.729999999999997,6.208859982784279,-3.010802523834051,0.661161432893844,0.572588806294363,0.011985040255789,0.059205789931872,0.048360616748514,-0.013078993972365,-0.131633829075894,0.158729020583411,-0.114070126135175,0.056523808892470,-0.194112515397005,-0.000316093858773,1
23.740000000000002,6.214588315391464,-3.010683346386763,0.661746918655477,0.573080372288613,0.011848549269138,0.057892331038550,0.049954894745217,-0.014218951127625,-0.131052651796171,0.160116615686914,-0.113918790569147,0.059702490566994,-0.194116116257874,-0.000404035996359,1
23.750000000000000,6.220321643601267,-3.010565590821348,0.662319299414533,0.573587949448509,0.011700666528518,0.056584841938066,0.051562750692842,-0.015357319748863,-0.130439961752680,0.161444699910067,-0.113752444520740,0.062826425767508,-0.194120595270560,-0.000491724222192,1
23.759999999999998,6.226060128194350,-3.010449370973426,0.662878636435474,0.574111670586923,0.011541408667275,0.055283635027141,0.053183592153997,-0.016493950486122,-0.129796304488324,0.162713807249766,-0.113571238880459,0.065895998680772,-0.194125949895945,-0.000579158536271,1
23.770000000000003,6.231803931249968,-3.010334800504837,0.663424994079510,0.574651662619024,0.011370793804721,0.053989017266256,0.054816832022698,-0.017628695495866,-0.129122221709563,0.163924469990404,-0.113375324041743,0.068911592408288,-0.194132177594913,-0.000666338938598,1
23.780000000000001,6.237553216087256,-3.010221992888864,0.663958439750436,0.575208046615508,0.011188841531089,0.052701290217970,0.056461888507238,-0.018761408436005,-0.128418251297269,0.165077218703869,-0.113164849900968,0.071873588966298,-0.194139275828345,-0.000753265429171,1
23.790999999999997,6.243883957231706,-3.010100075787494,0.664530400760942,0.575839139144814,0.010975624481980,0.051293102596997,0.058284410942921,-0.020004872801060,-0.127610000921392,0.166278982729875,-0.112916690645484,0.075070335058091,-0.194148086321989,-0.000848591300727,1
23.801000000000002,6.249645290600611,-3.009991338595916,0.665036963918025,0.576430314653095,0.010769933869777,0.050020803835105,0.059952411846427,-0.021132848620754,-0.126845000440982,0.167311260075991,-0.112675964163818,0.077920782994806,-0.194157004412453,-0.000934983544637,1
23.810000000000002,6.254835611860519,-3.009895278754703,0.665482023474289,0.576976674449297,0.010575177922640,0.048882388768126,0.061462190703884,-0.022145905710126,-0.126132347500323,0.168187603418811,-0.112445944047151,0.080439490256163,-0.194165768292773,-0.001012511148517,1
23.820000000000000,6.260608479784874,-3.009790653000726,0.665964554266373,0.577599721314682,0.010348100990687,0.047625133302817,0.063148717075340,-0.023269032666108,-0.125314163659736,0.169108433390591,-0.112177137851422,0.083188637628457,-0.194176323119011,-0.001098411794578,1
23.829999999999998,6.266387662655368,-3.009688354127039,0.666434553869030,0.578239678563701,0.010109806459801,0.046376196270825,0.064844175489425,-0.024389402526122,-0.124468746926034,0.169974098624436,-0.111894549329735,0.085886131480740,-0.194187735682573,-0.001184058613243,1
23.840000000000003,6.272173330013272,-3.009588494169486,0.666892106819646,0.578896632767204,0.009860322587613,0.045135847424660,0.066548016896313,-0.025506878200363,-0.123596611958175,0.170785118346270,-0.111598325089575,0.088532346880585,-0.194200003445184,-0.001269451604511,1
23.850999999999999,6.278545257061657,-3.009481598524717,0.667381143344910,0.579639010512055,0.009573002032240,0.043781698725952,0.068431275850622,-0.026732596831117,-0.122607013597102,0.171614742079550,-0.111256903539796,0.091384403525178,-0.194214482709529,-0.001363090724262,1
23.859999999999999,6.283764800493675,-3.009396537685561,0.667770224222469,0.580261851049987,0.009327906653121,0.042681967697987,0.069978678390676,-0.027732605945294,-0.121774227240382,0.172245289613334,-0.110965553403676,0.093672437174405,-0.194227094414461,-0.001439476104856,1
23.869999999999997,6.289570946673393,-3.009304663729739,0.668190970904727,0.580970261154976,0.009045037865563,0.041468950832713,0.071704426228722,-0.028840591134500,-0.120824988125430,0.172895471066147,-0.110629296692806,0.096167056784699,-0.194241912544577,-0.001524107613934,1
23.880000000000003,6.295384263347723,-3.009215673804464,0.668599635293979,0.581695960368859,0.008751106257120,0.040265550258208,0.073436412526533,-0.029945148365043,-0.119851052067966,0.173493066822117,-0.110279985733204,0.098611887375186,-0.194257575720648,-0.001608485295615,1
23.890000000000001,6.301204923710927,-3.009129678364377,0.668996314779697,0.582439008455466,0.008446146757688,0.039072010460614,0.075174113981971,-0.031046147815482,-0.118852915109043,0.174038587562901,-0.109917764652258,0.101007298594610,-0.194274081404398,-0.001692609149899,1
23.901000000000003,6.307616339476406,-3.009038673402750,0.669418938844158,0.583276464257880,0.008097997361956,0.037770791630164,0.077091569225877,-0.032252985067937,-0.117727599531017,0.174581041383421,-0.109505131209978,0.103586394843024,-0.194293207725204,-0.001784855697863,1
23.909999999999997,6.312868971087809,-3.008967110966891,0.669754120650112,0.583977364634127,0.007803290154971,0.036715466597836,0.078664690044407,-0.033236988584262,-0.116785965279387,0.174994450425487,-0.109160607014045,0.105659092821558,-0.194309610315380,-0.001860130035687,1
23.920000000000002,6.318712707152153,-3.008890758091912,0.670115453722319,0.584772768317406,0.007465468766070,0.035552927716761,0.080416731488432,-0.034326631240282,-0.115718049369978,0.175405385157036,-0.108765835977411,0.107916038268349,-0.194328628811218,-0.001943526779352,1
23.930000000000000,6.324564484921777,-3.008817837846641,0.670465215175659,0.585585712118652,0.007116770897385,0.034401180038501,0.082172629528187,-0.035412263777995,-0.114627804919017,0.175765854022667,-0.108358607179449,0.110124862179909,-0.194348480003916,-0.002026669407781,1
23.939999999999998,6.330424479982310,-3.008748458793296,0.670803514030581,0.586416232088967,0.006757237270608,0.033260444448495,0.083931882035673,-0.036493762333749,-0.113515711312235,0.176076362867409,-0.107939063328486,0.112285930298824,-0.194369161352322,-0.002109557920974,1
23.950000000000003,6.336292868254857,-3.008682729080713,0.671130461492482,0.587264359283438,0.006386909838938,0.032130937056592,0.085693991932735,-0.037571004468473,-0.112382244283382,0.176337415814610,-0.107507346633159,0.114399607278684,-0.194390670315285,-0.002192192318931,1
23.960000000000001,6.342169825946302,-3.008620756432097,0.671446170904131,0.588130119811545,0.006005831772864,0.031012869233522,0.087458467173837,-0.038643869162683,-0.111227875925121,0.176549515265936,-0.107063598802414,0.116466256684072,-0.194413004351650,-0.002274572601653,1
23.969999999999999,6.348055529500116,-3.008562648132924,0.671750757698460,0.589013534887406,0.005614047445993,0.029906447647244,0.089224820728858,-0.039712236811489,-0.110053074699910,0.176713161901372,-0.106607961045504,0.118486240990579,-0.194436160920267,-0.002356698769138,1
23.979999999999997,6.353950155547637,-3.008508511018970,0.672044339351718,0.589914620879842,0.005211602420926,0.028811874299202,0.090992570565864,-0.040775989219593,-0.108858305450897,0.176828854679221,-0.106140574071995,0.120459921584798,-0.194460137479982,-0.002438570821388,1
23.990000000000002,6.359853880859875,-3.008458451464503,0.672327035336986,0.590833389362275,0.004798543435194,0.027729346560457,0.092761239633898,-0.041835009596296,-0.107644029412808,0.176897090836103,-0.105661578091759,0.122387658764319,-0.194484931489644,-0.002520188758401,1
24.000000000000000,6.365766882299797,-3.008412575370600,0.672598967078054,0.591769847162450,0.004374918387230,0.026659057207720,0.094530355845757,-0.042889182550496,-0.106410704222843,0.176918365886957,-0.105171112814980,0.124269811737736,-0.194510540408100,-0.002601552580179,1
24.009999999999998,6.371689336776341,-3.008370988153952,0.672860257904148,0.592723996947450,0.003940776169228,0.025601194677227,0.096299630248163,-0.043938445057872,-0.105158711402806,0.176932637344155,-0.104680606420044,0.126122801794723,-0.194536962017229,-0.002682733981222,1
24.020000000000003,6.377621421215512,-3.008333794740560,0.673111033011778,0.593695839605592,0.003496165985980,0.024555944049965,0.098068854275997,-0.044982757069420,-0.103888398184259,0.176904383216442,-0.104179895456490,0.127932326931633,-0.194564194242437,-0.002763668595924,1
24.030000000000001,6.383563312535808,-3.008301099560676,0.673351419428508,0.594685372314882,0.003041137907623,0.023523486281145,0.099837563043508,-0.046022005192663,-0.102600214565136,0.176829668334936,-0.103667852174175,0.129696941742844,-0.194592234539861,-0.002844348424693,1
24.039999999999999,6.389515187604264,-3.008273006538172,0.673581545968972,0.595692587607979,0.002575743137315,0.022503997835233,0.101605294431887,-0.047056076806017,-0.101294607855551,0.176708990152803,-0.103144616808979,0.131417004673031,-0.194621080361644,-0.002924773467529,1
24.049999999999997,6.395477223190206,-3.008249619079284,0.673801543190144,0.596717473421196,0.002100033997430,0.021497650721502,0.103371591288091,-0.048084860687713,-0.099972021786680,0.176542844370500,-0.102610329088216,0.133092873065239,-0.194650729159926,-0.003004943724434,1
24.061000000000000,6.402047408530085,-3.008229450568701,0.674031998665505,0.597865237307431,0.001564904645184,0.020406047022507,0.105312321386036,-0.049210284590437,-0.098498091179604,0.176308158406115,-0.102010013267096,0.134885708746567,-0.194684267235021,-0.003092836729277,1
24.070000000000000,6.407432482229589,-3.008217371822503,0.674211680348316,0.598820185668760,0.001117887410690,0.019525046465971,0.106898077515477,-0.050126127337627,-0.097277668667196,0.176076124043680,-0.101509152946409,0.136313450099768,-0.194712425494547,-0.003164519880447,1
24.079999999999998,6.413426058324235,-3.008208716149478,0.674402089713380,0.599897965439262,0.000611560079142,0.018559111387786,0.108657377251669,-0.051138394615616,-0.095906771283390,0.175776532136539,-0.100942541437164,0.137858867920043,-0.194744467935169,-0.003243925779555,1
24.090000000000003,6.419430500129828,-3.008205174268259,0.674582908528314,0.600993322500461,0.000095138580937,0.017606961839924,0.110413463150652,-0.052144943171321,-0.094520633895945,0.175433437903984,-0.100365431395945,0.139361509558251,-0.194777303160852,-0.003323076892730,1
24.100000000000001,6.425445983251343,-3.008206846832830,0.674754275403308,0.602106222546988,-0.000431319374062,0.016668748089482,0.112165902625315,-0.053145668705767,-0.093119682506593,0.175047328282933,-0.099777960007237,0.140821726849299,-0.194810928623737,-0.003401973219974,1
24.109999999999999,6.431472682931998,-3.008213833915698,0.674916330431126,0.603236628103127,-0.000967755363218,0.015744616619709,0.113914606663663,-0.054140565113191,-0.091704202287356,0.174686173204382,-0.099199554933387,0.142267229241390,-0.194845342385335,-0.003480736461701,1
24.119999999999997,6.437510774041401,-3.008226235006437,0.675069215157406,0.604384501913349,-0.001514111220124,0.014834711519951,0.115659480794177,-0.055129624706978,-0.090274479085170,0.174281429498218,-0.098610620605414,0.143670382574822,-0.194880542500215,-0.003559243876590,1
24.130000000000003,6.443560431063359,-3.008244149010134,0.675213072550953,0.605549803507416,-0.002070328052512,0.013939173108494,0.117400091611041,-0.056112742893487,-0.088830934618426,0.173833592955671,-0.098011296716241,0.145031541100876,-0.194916526410110,-0.003637495464640,1
24.140000000000001,6.449621828055371,-3.008267674237749,0.675348046962729,0.606732488105787,-0.002636345929151,0.013058137504134,0.119136010657331,-0.057089816473391,-0.087373987068621,0.173343157564958,-0.097401722435843,0.146351057948809,-0.194953291556752,-0.003715491225853,1
24.149999999999999,6.455695138605823,-3.008296908395790,0.675474284084033,0.607932506669027,-0.003212103893770,0.012191736661489,0.120866814406996,-0.058060743636448,-0.085904051091562,0.172810615511275,-0.096782036411247,0.147629285125856,-0.194990835381871,-0.003793231160227,1
24.159999999999997,6.461780535791596,-3.008331948576137,0.675591930905038,0.609149805947017,-0.003797539978916,0.011340098406200,0.122592084246820,-0.059025423956273,-0.084421537828598,0.172236457176805,-0.096152376766533,0.148866573517230,-0.195029155327200,-0.003870715267763,1
24.170000000000002,6.467878192136231,-3.008372891245997,0.675701135673672,0.610384328527995,-0.004392591219773,0.010503346470021,0.124311406458394,-0.059983758385107,-0.082926854917834,0.171621171140709,-0.095512881102835,0.150063272886120,-0.195068248834470,-0.003947943548462,1
24.180000000000000,6.473988279568536,-3.008419832237998,0.675802047854859,0.611636012887412,-0.004997193667915,0.009681600525796,0.126024372200084,-0.060935649248586,-0.081420406505355,0.170965244179137,-0.094863686498339,0.151219731873692,-0.195108113345413,-0.004024916002322,1
24.189999999999998,6.480110969381723,-3.008472866740424,0.675894818090100,0.612904793436615,-0.005611282405021,0.008874976222317,0.127730577489002,-0.061881000240513,-0.079902593256443,0.170269161265218,-0.094204929508282,0.152336297999089,-0.195148746301761,-0.004101632629344,1
24.200000000000003,6.486246432192997,-3.008532089287584,0.675979598157412,0.614190600571340,-0.006234791556526,0.008083585219085,0.129429623182981,-0.062819716417632,-0.078373812366798,0.169533405569063,-0.093536746164954,0.153413317659433,-0.195190145145244,-0.004178093429528,1
24.210000000000001,6.492394837903802,-3.008597593750363,0.676056540931669,0.615493360794866,-0.006867654326606,0.007307535251204,0.131121139865474,-0.063751711309795,-0.076834447504202,0.168763973147235,-0.092860847664943,0.154453366007062,-0.195232307362246,-0.004254308312434,1
24.219999999999999,6.498556355662903,-3.008669473327579,0.676125800346243,0.616812997092026,-0.007509803104845,0.006546930295678,0.132804773441972,-0.064676902804419,-0.075284874636566,0.167956306432182,-0.092175929757839,0.155454750419407,-0.195275230458971,-0.004330268378861,1
24.229999999999997,6.504731153830436,-3.008747820537619,0.676187531355190,0.618149428700036,-0.008161169400546,0.005801870493769,0.134480138077283,-0.065595199699386,-0.073725481065782,0.167110264606718,-0.091481950163531,0.156417563803998,-0.195318911876749,-0.004405972522972,1
24.240000000000002,6.510919399939695,-3.008832727209424,0.676241889894669,0.619502571018694,-0.008821683816869,0.005072452129669,0.136146852408198,-0.066506512049849,-0.072156650788978,0.166226324948399,-0.090779043199537,0.157342148603409,-0.195363349056356,-0.004481420744766,1
24.250000000000000,6.517121260658965,-3.008924284473491,0.676289032844535,0.620872335657994,-0.009491276064232,0.004358767664703,0.137804539835242,-0.067410751251513,-0.070578764384477,0.165304962926963,-0.090067342659060,0.158228846136252,-0.195408539438570,-0.004556613044244,1
24.259999999999998,6.523336901753891,-3.009022582753013,0.676329117990286,0.622258630485681,-0.010169874973692,0.003660905771459,0.139452828504600,-0.068307830035396,-0.068992199023035,0.164346652204329,-0.089346981810981,0.159077996597176,-0.195454480464167,-0.004631549421406,1
24.270000000000003,6.529566488050290,-3.009127711755150,0.676362303985343,0.623661359674617,-0.010857408510270,0.002978951367808,0.141091351290040,-0.069197662462581,-0.067397328479079,0.163351864634602,-0.088618093399862,0.159889939056863,-0.195501169573923,-0.004706229876252,1
24.280000000000001,6.535810183397407,-3.009239760462442,0.676388750313674,0.625080423749959,-0.011553803786228,0.002312985650813,0.142719745774824,-0.070080163918976,-0.065794523141954,0.162321070264068,-0.087880809645947,0.160665011462035,-0.195548604208617,-0.004780654408781,1
24.289999999999999,6.542068150631716,-3.009358817124340,0.676408617252754,0.626515719636174,-0.012258987074286,0.001663086130521,0.144337654233647,-0.070955251110069,-0.064184150027153,0.161254737331199,-0.087135262245163,0.161403550635448,-0.195596781809025,-0.004854823018994,1
24.299999999999997,6.548340551541124,-3.009484969248880,0.676422065836865,0.627967140703854,-0.012972883820798,0.001029326663647,0.145944723614543,-0.071822842055686,-0.062566572787564,0.160153332266648,-0.086381582369116,0.162105892275895,-0.195645699815923,-0.004928735706891,1
24.310000000000002,6.554627546825660,-3.009618303593338,0.676429257819102,0.629434575215990,-0.013695418201349,0.000411776838033,0.147540126350015,-0.072682719099028,-0.060942346075235,0.158921862127188,-0.085592611181833,0.162733653597644,-0.195695354796612,-0.005002218031831,1
24.320000000000000,6.560929296018868,-3.009758906143657,0.676430355617600,0.630917901648541,-0.014426511782779,-0.000189499910698,0.149123054538065,-0.073534670183447,-0.059312015106651,0.157658496223431,-0.084796411215049,0.163326797570796,-0.195745743328577,-0.005075445962135,1
24.329999999999998,6.567245957410935,-3.009906862094346,0.676425522262582,0.632416993668581,-0.015166084946119,-0.000774444265451,0.150693191421396,-0.074378623639220,-0.057675924435802,0.156363674335867,-0.083993105999109,0.163885647912784,-0.195796862867872,-0.005148419497806,1
24.341000000000001,6.574211695885692,-3.010078207518642,0.676413550370131,0.634084049518756,-0.015989313448748,-0.001398952540173,0.152405195355269,-0.075297651149667,-0.055869979513726,0.154903561360159,-0.083101410518138,0.164461159165464,-0.195853935638363,-0.005228396561241,1
24.350000000000001,6.579924643525657,-3.010225170969075,0.676398717058761,0.635461953455171,-0.016670348002323,-0.001895115639245,0.153793846173185,-0.076042257144875,-0.054387826055616,0.153681413082380,-0.082365671431093,0.164901757111432,-0.195901284792667,-0.005293603385244,1
24.359999999999999,6.586286978308687,-3.010395690255323,0.676377074014185,0.637007553002852,-0.017434875153766,-0.002430741042016,0.155323752403634,-0.076861799999193,-0.052736491339387,0.152294844628540,-0.081541786629662,0.165359657941391,-0.195954582090274,-0.005365813737012,1
24.369999999999997,6.592664845350164,-3.010573895652636,0.676350157357256,0.638568381787379,-0.018207556428739,-0.002949830754073,0.156839644018749,-0.077673070823697,-0.051080742928950,0.150878562015055,-0.080711285680361,0.165784549086788,-0.196008600219425,-0.005437769694146,1
24.380000000000003,6.599058396236802,-3.010759868287551,0.676318132660076,0.640144298184083,-0.018988308778154,-0.003452342283650,0.158341226034034,-0.078476004062431,-0.049420909328958,0.149432996373517,-0.079874289603489,0.166176748803492,-0.196063336636175,-0.005509471256645,1
24.390000000000001,6.605467781124366,-3.010953688452856,0.676281165903293,0.641735157639978,-0.019777048503407,-0.003938236408131,0.159828207767658,-0.079270535367126,-0.047757315866975,0.147958577105736,-0.079030918917334,0.166536574255058,-0.196118788796576,-0.005580918424510,1
24.399999999999999,6.611893148708651,-3.011155435601155,0.676239423443570,0.643340812716701,-0.020573691268431,-0.004407477142338,0.161300302823160,-0.080056601592190,-0.046090284704383,0.146455731883741,-0.078181293638174,0.166864341512732,-0.196174954156683,-0.005652111197740,1
24.410000000000004,6.618334646194779,-3.011365188337972,0.676193071980535,0.644961112320226,-0.021378151879051,-0.004860032038351,0.162756985640733,-0.080834071135796,-0.044420234078905,0.144876394217575,-0.077311657970282,0.167140598258366,-0.196231829718778,-0.005722958955515,1
24.420000000000002,6.624792419246748,-3.011583024409194,0.676142278515820,0.646595899343020,-0.022190343608094,-0.005295873132516,0.164197742646904,-0.081602815802151,-0.042747575930643,0.143270638312847,-0.076436337452861,0.167385897539783,-0.196289412490479,-0.005793553119053,1
24.430000000000000,6.631266611938083,-3.011809020688820,0.676087210312673,0.648245013212923,-0.023010178924470,-0.005714975892337,0.165622311717756,-0.082362779319884,-0.041072618291933,0.141638875581834,-0.075555447428545,0.167600547638588,-0.196347699935845,-0.005863893688354,1
24.439999999999998,6.637757366723536,-3.012043253172742,0.676028034864317,0.649908290757075,-0.023837569740134,-0.006117318850244,0.167030434835053,-0.083113906568595,-0.039395666117674,0.139981515748272,-0.074669102749758,0.167784855760884,-0.196406689518932,-0.005933980663417,1
24.450000000000003,6.644264824413312,-3.012285796973234,0.675964919863453,0.651585566242895,-0.024672427421571,-0.006502883572873,0.168421858069352,-0.083856143573960,-0.037717021296081,0.138298966847352,-0.073777417778714,0.167939128037272,-0.196466378703799,-0.006003814044244,1
24.460000000000001,6.650789124147638,-3.012536726313559,0.675898033172073,0.653276671418877,-0.025514662801232,-0.006871654630454,0.169796331563119,-0.084589437502823,-0.036036982659445,0.136591635225728,-0.072880506387419,0.168063669522848,-0.196526764954503,-0.006073393830834,1
24.469999999999999,6.657330403371826,-3.012796114522676,0.675827542791576,0.654981435555231,-0.026364186188924,-0.007223619566306,0.171153609513845,-0.085313736658301,-0.034355845994876,0.134859925541511,-0.071978481957668,0.168158784197210,-0.196587845735101,-0.006142720023188,1
24.479999999999997,6.663888797811650,-3.013064034030081,0.675753616833190,0.656699685484348,-0.027220907383143,-0.007558768866436,0.172493450157159,-0.086028990474874,-0.032673904055072,0.133104240764266,-0.071071457381045,0.168224774964452,-0.196649618509652,-0.006211792621304,1
24.490000000000002,6.670464441449201,-3.013340556360743,0.675676423488692,0.658431245641095,-0.028084735682370,-0.007877095929255,0.173815615749945,-0.086735149513491,-0.030991446569062,0.131324982175020,-0.070159545058925,0.168261943653164,-0.196712080742213,-0.006280611625183,1
24.500000000000000,6.677057466499082,-3.013625752130164,0.675596131001444,0.660175938102941,-0.028955579896304,-0.008178597035384,0.175119872553449,-0.087432165456660,-0.029308760252973,0.129522549366260,-0.069242856902474,0.168270591016436,-0.196775229896842,-0.006349177034825,1
24.509999999999998,6.683668003384888,-3.013919691039494,0.675512907637640,0.661933582560661,-0.029833348337235,-0.008463271345877,0.176405970080549,-0.088119985168404,-0.027626137289095,0.127693209833730,-0.068320322101272,0.168249329913544,-0.196839063398474,-0.006417481037448,1
24.520000000000003,6.690296180714329,-3.014222441870274,0.675426921657171,0.663703996153700,-0.030717948772670,-0.008731120955730,0.177673662483614,-0.088798556815960,-0.025943866595148,0.125841590291974,-0.067393262466096,0.168200186641048,-0.196903578672509,-0.006485531515604,1
24.530000000000001,6.696942125254796,-3.014534072479295,0.675338341284795,0.665486993723381,-0.031609288497561,-0.008982150776794,0.178922728931729,-0.089467835702208,-0.024262225506287,0.123968084296099,-0.066461788159344,0.168123458328676,-0.196968773183704,-0.006553328469292,1
24.539999999999999,6.703605961911130,-3.014854649794083,0.675247334682334,0.667282387922371,-0.032507274365394,-0.009216368479432,0.180152952521110,-0.090127778229206,-0.022581488391736,0.122073083716340,-0.065526008854248,0.168019441032153,-0.197034644396814,-0.006620871898514,1
24.549999999999997,6.710287813703918,-3.015184239808536,0.675154069921237,0.669089989253863,-0.033411812799148,-0.009433784462917,0.181364120258248,-0.090778341893300,-0.020901926665534,0.120156978738067,-0.064586033734887,0.167888429733205,-0.197101189776593,-0.006688161803268,1
24.560000000000002,6.716987801748192,-3.015522907578676,0.675058714955440,0.670909606110598,-0.034322809802216,-0.009634411825928,0.182556023043066,-0.091419485280228,-0.019223808797268,0.118220157861782,-0.063641971496178,0.167730718339555,-0.197168406787797,-0.006755198183556,1
24.570000000000000,6.723706045232512,-3.015870717218505,0.674961437594517,0.672741044813709,-0.035240170969276,-0.009818266337166,0.183728455652063,-0.092051168060232,-0.017547400322826,0.116263007903123,-0.062693930343885,0.167546599684924,-0.197236292895182,-0.006821981039377,1
24.579999999999998,6.730442661398466,-3.016227731895973,0.674862405477128,0.674584109651413,-0.036163801497111,-0.009985366406064,0.184881216721476,-0.092673350983169,-0.015872963855122,0.114285913992860,-0.061742017994610,0.167336365529034,-0.197304845563503,-0.006888510370730,1
24.590000000000003,6.737197765520521,-3.016594013829057,0.674761786044754,0.676438602917513,-0.037093606195379,-0.010135733053616,0.186014108730422,-0.093285995873614,-0.014200759094844,0.112289259576891,-0.060786341675797,0.167100306557601,-0.197374062257516,-0.006954786177617,1
24.600000000000001,6.743971470886252,-3.016969624281934,0.674659746515732,0.678304324949748,-0.038029489497338,-0.010269389883304,0.187126937984053,-0.093889065625969,-0.012531042841196,0.110273426416257,-0.059827008125734,0.166838712382346,-0.197443940441974,-0.007020808460037,1
24.609999999999999,6.750763888778589,-3.017354623561732,0.674556453860216,0.680181074799165,-0.038971355651147,-0.010386362794663,0.188219703566681,-0.094482578276931,-0.010863991917075,0.108276433209487,-0.058874894601677,0.166567225272092,-0.197514477939095,-0.007086648602472,1
24.619999999999997,6.757575128474055,-3.017749071019860,0.674452074781825,0.682068652130671,-0.039919109263493,-0.010486679194640,0.189292402155359,-0.095066551149107,-0.009199782794340,0.106260092080570,-0.057919070392226,0.166270400550091,-0.197585672566789,-0.007152234574658,1
24.630000000000003,6.764405297240918,-3.018153025053300,0.674346775699373,0.683966855313370,-0.040872654752857,-0.010570368763291,0.190344842201632,-0.095640947675520,-0.007538667397569,0.104224788896081,-0.056959643389542,0.165948528342702,-0.197657521783354,-0.007217566376598,1
24.640000000000001,6.771254500321611,-3.018566543101407,0.674240722722323,0.685875480820142,-0.041831896177431,-0.010637463685428,0.191376836007109,-0.096205732365619,-0.005880894755522,0.102170907802498,-0.055996720986547,0.165601897687913,-0.197730023047087,-0.007282644008290,1
24.649999999999999,6.778122840913984,-3.018989681642365,0.674134081625889,0.687794323266066,-0.042796737245866,-0.010687998621716,0.192388199706264,-0.096760870800284,-0.004226711012017,0.100098831226196,-0.055030410076920,0.165230796535336,-0.197803173816286,-0.007347467469734,1
24.660000000000004,6.785010420152913,-3.019422496189740,0.674027017826417,0.689723175446659,-0.043767081327958,-0.010722010679881,0.193378753249236,-0.097306329626839,-0.002576359436816,0.098008939873446,-0.054060817055099,0.164835511746211,-0.197876971549248,-0.007412036760931,1
24.670000000000002,6.791917337092277,-3.019865041289143,0.673919696357063,0.691661828375940,-0.044742831465288,-0.010739539386019,0.194348320384623,-0.097842076554052,-0.000930080436517,0.095901612730426,-0.053088047816282,0.164416329093401,-0.197951413704270,-0.007476351881881,1
24.680000000000000,6.798843688687350,-3.020317370515010,0.673812281843747,0.693610071324340,-0.045723890381809,-0.010740626656024,0.195296728642288,-0.098368080347150,0.000711888434575,0.093777227063204,-0.052112207756427,0.163973533261396,-0.198026497739651,-0.007540412832583,1
24.689999999999998,6.805789569777557,-3.020779536467466,0.673704938481399,0.695567691856422,-0.046710160494389,-0.010725316767116,0.196223809316151,-0.098884310822821,0.002349312463555,0.091636158417754,-0.051133401772248,0.163507407846311,-0.198102221113688,-0.007604219613037,1
24.700000000000003,6.812755073069596,-3.021251590769317,0.673597830010489,0.697534475868439,-0.047701543923302,-0.010693656329481,0.197129397446993,-0.099390738844227,0.003981959768038,0.089478780619942,-0.050151734261220,0.163018235355889,-0.198178581284678,-0.007667772223245,1
24.710000000000001,6.819740289124201,-3.021733584064068,0.673491119695173,0.699510208935228,-0.048697942877151,-0.010645693725887,0.198013723839300,-0.099887448428210,0.005609760592551,0.087383544151261,-0.049189637638393,0.162538025202474,-0.198255576448060,-0.007731217866230,1
24.719999999999999,6.826745306375853,-3.022225566023351,0.673384970314925,0.701494680210372,-0.049699260767973,-0.010581477513789,0.198877009905633,-0.100374520880566,0.007232642665273,0.085270780307245,-0.048224326069421,0.162034532967537,-0.198333204790265,-0.007794407987973,1
24.729999999999997,6.833770211151713,-3.022727585354150,0.673279544156025,0.703487678420722,-0.050705401065515,-0.010501058040018,0.199719082315705,-0.100851924594974,0.008850374602618,0.083140877481501,-0.047255908095796,0.161508045910381,-0.198411463756082,-0.007857342588474,1
24.740000000000002,6.840815087657616,-3.023239689796582,0.673175002989762,0.705488990579219,-0.051716266928881,-0.010404487950894,0.200539771614178,-0.101319629047925,0.010462727887997,0.080994222270213,-0.046284491737651,0.160958850170512,-0.198490350790297,-0.007920021667731,1
24.750000000000000,6.847880017961102,-3.023761926120844,0.673071508049583,0.707498402023547,-0.052731761217330,-0.010291822163617,0.201338912202687,-0.101777604793500,0.012069476860610,0.078831199472143,-0.045310184493772,0.160387230767642,-0.198569863337699,-0.007982445225746,1
24.759999999999998,6.854965081974886,-3.024294340124277,0.672969220008531,0.709515696454617,-0.053751786501029,-0.010163117837760,0.202116342321869,-0.102225823458163,0.013670398704263,0.076652192088626,-0.044333093341586,0.159793471601687,-0.198649998843074,-0.008044613262518,1
24.770000000000003,6.862070357440667,-3.024836976628518,0.672868298956954,0.711540655974870,-0.054776245071752,-0.010018434346884,0.202871904033387,-0.102664257735549,0.015265273436159,0.074457581323573,-0.043353324737168,0.159177855452769,-0.198730754751212,-0.008106525778047,1
24.780000000000001,6.869195919913325,-3.025389879476777,0.672768904380519,0.713573061126388,-0.055805038953518,-0.009857833250257,0.203605443201957,-0.103092881381240,0.016853883895701,0.072247746583475,-0.042370984615243,0.158540663981214,-0.198812128506898,-0.008168182772334,1
24.789999999999999,6.876341842745528,-3.025953091531209,0.672671195138483,0.715612690928846,-0.056838069913194,-0.009681378264688,0.204316809477370,-0.103511669207564,0.018436015733300,0.070023065477397,-0.041386178389178,0.157882177727553,-0.198894117554921,-0.008229584245378,1
24.799999999999997,6.883508197072679,-3.026526654670394,0.672575329442267,0.717659322917264,-0.057875239471034,-0.009489135236473,0.205005856276523,-0.103920597078374,0.020011457399171,0.067783913816978,-0.040399010950989,0.157202676112522,-0.198976719340068,-0.008290730197179,1
24.810000000000002,6.890695051802157,-3.027110609788038,0.672481464835868,0.719712734729700,-0.058916449354030,-0.009281171486958,0.205672904804298,-0.104319774480584,0.021580187680248,0.065623076760268,-0.039435988703652,0.156539786756073,-0.199059932169869,-0.008351792908579,1
24.820000000000000,6.897902473641367,-3.027704996802757,0.672389758192100,0.721772708715711,-0.059961602812317,-0.009057553937240,0.206318264172256,-0.104709307421127,0.023142181745187,0.063446147798750,-0.038470137042007,0.155855480629093,-0.199143754341151,-0.008412598493297,1
24.829999999999998,6.905130527124923,-3.028309854667617,0.672300365708597,0.723839027185694,-0.061010603261650,-0.008818351015550,0.206941775436547,-0.105089168157677,0.024697226856671,0.061253521656271,-0.037501566237840,0.155150043615912,-0.199228183282646,-0.008473146951332,1
24.841000000000001,6.913105289855022,-3.028987337458064,0.672204892403151,0.726119043649764,-0.062168831424894,-0.008537310950490,0.207602218384799,-0.105495811807305,0.026399500026032,0.058823971440690,-0.036433128681257,0.154349996512857,-0.199321752869081,-0.008539453273852,1
24.850000000000001,6.919648776224148,-3.029551133921288,0.672129144517577,0.727989819009760,-0.063119757447839,-0.008293473306191,0.208122637548609,-0.105819767543860,0.027785633523653,0.056822747250737,-0.035556705543471,0.153676914672886,-0.199398851191211,-0.008593472487355,1
24.859999999999999,6.926939089923535,-3.030187628369621,0.672047624647299,0.730073849292901,-0.064179716700441,-0.008007945826700,0.208679690121721,-0.106170456186736,0.029318583823392,0.054585378962296,-0.034580633451233,0.152909788716318,-0.199485085015746,-0.008653249565342,1
24.869999999999997,6.934250271404893,-3.030834739782137,0.671969036570640,0.732163337996128,-0.065243133997359,-0.007707127534995,0.209214298003959,-0.106511372601123,0.030843762634976,0.052333873442118,-0.033602277812397,0.152122663820104,-0.199571915325429,-0.008712769516646,1
24.880000000000003,6.941582374127854,-3.031492502250291,0.671893532803825,0.734258059972102,-0.066309911503925,-0.007391097141232,0.209726321750838,-0.106842494489644,0.032360971370421,0.050068615940964,-0.032621746153140,0.151315820073188,-0.199659339548990,-0.008772032341268,1
24.890000000000001,6.948935449293653,-3.032160948886097,0.671821265066098,0.736357788698265,-0.067379951167864,-0.007059935327460,0.210215625760906,-0.107163800627436,0.033870014236833,0.047789989814983,-0.031639145450518,0.150489536405440,-0.199747355115165,-0.008831038039208,1
24.899999999999999,6.956309545831597,-3.032840111819997,0.671752384260135,0.738462296315183,-0.068453154729994,-0.006713724719731,0.210682078256803,-0.107475270856664,0.035370698224824,0.045498376525703,-0.030654582132466,0.149644090587652,-0.199835959452686,-0.008889786610464,1
24.909999999999997,6.963704710379155,-3.033530022196941,0.671687040450033,0.740571350982409,-0.069529422968254,-0.006352550946629,0.211124748327123,-0.107776656596823,0.036862507911983,0.043034265192575,-0.029622464555031,0.148715004681023,-0.199925148476818,-0.008947975836887,1
24.920000000000002,6.971120987195868,-3.034230710153508,0.671625382812589,0.742684709008930,-0.070608653448289,-0.005976505814093,0.211542736669672,-0.108067718275409,0.038344941904298,0.040562086507312,-0.028589785254401,0.147768994494094,-0.200014918121840,-0.009005910788215,1
24.930999999999997,6.979303326177399,-3.035013949717543,0.671561993839263,0.745014078143604,-0.071799105114771,-0.005545792701792,0.211973922251094,-0.108375955705799,0.039964589986491,0.037833768776485,-0.027453299462401,0.146709142093179,-0.200114332313717,-0.009069345546939,1
24.939999999999998,6.986017042353391,-3.035664534197106,0.671513718069334,0.746923345505934,-0.072775588018102,-0.005180181533008,0.212304355445166,-0.108618849749209,0.041281013532607,0.035594854783058,-0.026523110465759,0.145827227023412,-0.200196189103545,-0.009121017865581,1
24.951000000000001,6.994246051311539,-3.036471642926363,0.671459265862690,0.749260791605126,-0.073971977081338,-0.004717289834766,0.212680813344153,-0.108904349594784,0.042879104717269,0.032850645414557,-0.025385904764761,0.144731576288584,-0.200296866396544,-0.009183893219094,1
24.960000000000001,7.000998015931945,-3.037141804402375,0.671418564415257,0.751176219001449,-0.074953131793950,-0.004325528515444,0.212966342177223,-0.109128635062926,0.044177600117334,0.030599319576704,-0.024455290744047,0.143820828787636,-0.200379752055794,-0.009235107842564,1
24.969999999999999,7.008520431434549,-3.037896796184862,0.671377541937657,0.753307370622589,-0.076045623674173,-0.003876578521484,0.213259802767719,-0.109368017458538,0.045610687329753,0.028091755095736,-0.023421178407000,0.142794026065794,-0.200472386663995,-0.009291771418411,1
24.979999999999997,7.016064172708210,-3.038662724682916,0.671341080442579,0.755441331368414,-0.077140457672111,-0.003413349253254,0.213528156949351,-0.109597058581180,0.047033429304281,0.025578091621527,-0.022387051087761,0.141751822996999,-0.200565586636578,-0.009348180719163,1
24.990000000000002,7.023629266587854,-3.039439612800655,0.671309322202947,0.757577849875263,-0.078237530375779,-0.002935944928974,0.213771345343850,-0.109815758728335,0.048445673289266,0.023058651200343,-0.021352998164421,0.140694469763499,-0.200659349430794,-0.009404335744818,1
25.000000000000000,7.031215737391844,-3.040227482408101,0.671282408441908,0.759716674201758,-0.079336738380624,-0.002444471281894,0.213989311784819,-0.110024119088775,0.049847269029438,0.020533754160302,-0.020319108516384,0.139622215459931,-0.200753672503891,-0.009460236495378,1
25.009999999999998,7.038823606913434,-3.041026354340463,0.671260479316600,0.761857550681853,-0.080437977961022,-0.001939036016335,0.214181650377567,-0.110222040741401,0.051237924784423,0.017933445119151,-0.019265360176068,0.138506640676838,-0.200848552627186,-0.009515746002245,1
25.020000000000003,7.046452894383250,-3.041836248389123,0.671243673890234,0.764000220481734,-0.081541144084689,-0.001419750200457,0.214347970796341,-0.110409429192490,0.052617356343401,0.015330168765199,-0.018212481877932,0.137377415986171,-0.200943986580708,-0.009571002540592,1
25.030000000000001,7.054103616433085,-3.042657183293000,0.671232130104839,0.766144423276227,-0.082646131464476,-0.000886726754747,0.214488244847271,-0.110586293551739,0.053985428397365,0.012724220676625,-0.017160555397673,0.136234779226011,-0.201039971834770,-0.009626006110417,1
25.039999999999999,7.061775787090139,-3.043489176738615,0.671225984766513,0.768289898472973,-0.083752834908411,-0.000340079940908,0.214602447284076,-0.110752643744223,0.055342008010417,0.010115894794138,-0.016109662035384,0.135078967179744,-0.201136505859688,-0.009680756711723,1
25.049999999999997,7.069469417774471,-3.044332245361073,0.671225373532128,0.770436385241820,-0.084861149327833,0.000220074661819,0.214690555791700,-0.110908490505641,0.056686964609219,0.007505483420989,-0.015059882615569,0.133910215576062,-0.201233586125776,-0.009735254344507,1
25.060000000000002,7.077184517296774,-3.045186404745153,0.671230430896276,0.772583622544054,-0.085970969745470,0.000793620180231,0.214752550969928,-0.111053845377558,0.058020169972445,0.004893277222964,-0.014011297487129,0.132728759088962,-0.201331210103349,-0.009789499008771,1
25.070000000000000,7.084921091856422,-3.046051669426438,0.671241290178444,0.774731349161462,-0.087082191303473,0.001380438470624,0.214788416317019,-0.111188720702652,0.059341498220235,0.002279565228391,-0.012963986523376,0.131534831337746,-0.201429375262723,-0.009843490704514,1
25.079999999999998,7.092679145039837,-3.046928052892572,0.671258083510428,0.776879303725239,-0.088194709271409,0.001980410142163,0.214798138213326,-0.111313129619953,0.060650825803651,-0.000335365171870,-0.011918029122020,0.130328664887022,-0.201528079074211,-0.009897229431737,1
25.090000000000003,7.100458677819125,-3.047815567584567,0.671280941823976,0.779027224744730,-0.089308419054195,0.002593414580131,0.214781705904923,-0.111427086060094,0.061948031494128,-0.002951228224419,-0.010873504205177,0.129110491246702,-0.201627319008129,-0.009950715190439,1
25.100000000000001,7.108259688550978,-3.048714224898184,0.671309994838665,0.781174850635993,-0.090423216199992,0.003219329969084,0.214739111487231,-0.111530604740546,0.063232996372922,-0.005567739813317,-0.009830490219367,0.127880540872007,-0.201727092534792,-0.010003947980620,1
25.109999999999999,7.116082172976862,-3.049624035185692,0.671345371050396,0.783321920126076,-0.091538996515639,0.003858033469460,0.214670462392244,-0.111623733364849,0.064505649786215,-0.008162217434414,-0.008795477107201,0.126648195151543,-0.201827397345677,-0.010056971963874,1
25.119999999999997,7.123926124232748,-3.050545007760346,0.671387197723926,0.785468173388700,-0.092655656391450,0.004509401692980,0.214575864851586,-0.111706519264022,0.065765921727709,-0.010757381198086,-0.007761958378293,0.125404284922604,-0.201928231129417,-0.010109742551672,1
25.130000000000003,7.131791532858838,-3.051477150900867,0.671435600885495,0.787613350909868,-0.093773092476211,0.005173310250538,0.214455313433537,-0.111778977776643,0.067013697702860,-0.013352945440850,-0.006730012901521,0.124149040115662,-0.202029591352059,-0.010162259744013,1
25.140000000000001,7.139678386799963,-3.052420471853236,0.671490705311765,0.789757193135520,-0.094891201576024,0.005849633619560,0.214308805554687,-0.111841125027565,0.068248865511097,-0.015948626163730,-0.005699719062422,0.122882689595444,-0.202131475479646,-0.010214523540899,1
25.149999999999999,7.147586671405341,-3.053374976832322,0.671552634518601,0.791899440499939,-0.096009880662157,0.006538245166893,0.214136341463295,-0.111892977923078,0.069471315235172,-0.018544141032277,-0.004671154763192,0.121605461160924,-0.202233880978225,-0.010266533942329,1
25.159999999999997,7.155516369428585,-3.054340671023561,0.671621510750079,0.794039833453977,-0.097129026878824,0.007239017171583,0.213937924222641,-0.111934554146078,0.070680939230496,-0.021139209376555,-0.003644397422688,0.120317581545332,-0.202336805313841,-0.010318290948303,1
25.170000000000002,7.163467461028031,-3.055317558584729,0.671697454967720,0.796178112493125,-0.098248537550934,0.007951820847549,0.213713559694381,-0.111965872151233,0.071877632114485,-0.023733552191147,-0.002619523976425,0.119019276416145,-0.202440245952540,-0.010369794558822,1
25.180000000000000,7.171439923767283,-3.056305642647787,0.671780586839952,0.798314018185411,-0.099368310191777,0.008676526366149,0.213463256521905,-0.111986951160148,0.073061290755898,-0.026326892135148,-0.001596610876579,0.117710770375098,-0.202544200360366,-0.010421044773884,1
25.189999999999998,7.179433732616126,-3.057304925320802,0.671871024731800,0.800447291199138,-0.100488242510678,0.009413002878642,0.213187026113686,-0.111997811156536,0.074231814264186,-0.028918953532175,-0.000575734091983,0.116392286958171,-0.202648666003366,-0.010472041593490,1
25.201000000000001,7.188251544061151,-3.058417071921526,0.671979084527054,0.802790541416930,-0.101720230655490,0.010236565153032,0.212853248912751,-0.111997980465280,0.075504103487047,-0.031757967107951,0.000541799013167,0.114934949994852,-0.202764165673164,-0.010527865715643,1
25.210000000000001,7.195485275563948,-3.059337089822814,0.672074285458860,0.804704904262946,-0.102728178541134,0.010920741228854,0.212557361427055,-0.111989106140620,0.076533274475280,-0.033994924419878,0.001430082051867,0.113768287367854,-0.202859121870875,-0.010573477077268,1
25.219999999999999,7.203542946705245,-3.060369970784100,0.672187338441957,0.806828736696910,-0.103847981665584,0.011691740660709,0.212204981702931,-0.111969876083279,0.077664434848241,-0.036481117123380,0.002415680347675,0.112462062679633,-0.202965109037868,-0.010623913758239,1
25.229999999999997,7.211621838137506,-3.061414048650925,0.672308157759258,0.808948921015573,-0.104967543234797,0.012473986213570,0.211827737649368,-0.111940797652959,0.078782481623908,-0.038967740452755,0.003399742873353,0.111145606464638,-0.203071599294777,-0.010674095060552,1
25.240000000000002,7.219721912136309,-3.062469320515576,0.672436855214597,0.811065208559090,-0.106086764843209,0.013267346243739,0.211425626452759,-0.111901886619719,0.079887313641816,-0.041454496176970,0.004382187244223,0.109819149496869,-0.203178590087817,-0.010724020984210,1
25.250000000000000,7.227843128490528,-3.063535782487087,0.672573541290353,0.813177350654356,-0.107205548247063,0.014071688107432,0.210998648272825,-0.111853159574859,0.080978832043642,-0.043941087862058,0.005362931596863,0.108482921430632,-0.203286078863199,-0.010773691529210,1
25.259999999999998,7.235985444502373,-3.064613429692903,0.672718325137560,0.815285098644659,-0.108323795372601,0.014886878183747,0.210546806224638,-0.111794633925708,0.082056940262007,-0.046427220871136,0.006341894589112,0.107137150800531,-0.203394063067139,-0.010823106695553,1
25.270000000000003,7.244148814987695,-3.065702256280607,0.672871314566256,0.817388203919139,-0.109441408324201,0.015712781897517,0.210070106360655,-0.111726327890406,0.083121544009281,-0.048912602364397,0.007318995400071,0.105782065021473,-0.203502540145848,-0.010872266483240,1
25.280000000000001,7.252333192276573,-3.066802255419755,0.673032616036048,0.819486417942070,-0.110558289392446,0.016549263742048,0.209568557652745,-0.111648260492700,0.084172551266382,-0.051396941299103,0.008294153730095,0.104417890388667,-0.203611507545541,-0.010921170892270,1
25.289999999999999,7.260538526214241,-3.067913419303771,0.673202334646913,0.821579492281971,-0.111674341062171,0.017396187301755,0.209042171974220,-0.111560451556726,0.085209872271584,-0.053879948429597,0.009267289800804,0.103044852077622,-0.203720962712431,-0.010969819922643,1
25.301000000000002,7.269588535576977,-3.069148584347707,0.673398870679146,0.823875641385422,-0.112900923807612,0.018339699503808,0.208434487197660,-0.111452637303603,0.086335016794852,-0.056592436794757,0.010330470648918,0.101531379728079,-0.203841923735260,-0.011023071050802,1
25.310000000000002,7.277011851007003,-3.070169205213449,0.673567436842829,0.825749231688598,-0.113903567966343,0.019120810628497,0.207915791814784,-0.111355932351947,0.087243446993777,-0.058673561645705,0.011159400156027,0.100340621194827,-0.203941327735983,-0.011066671980138,1
25.320000000000000,7.285279729238133,-3.071313806791478,0.673763023789498,0.827825417359682,-0.115016553979902,0.019998239960375,0.207317484518423,-0.111239736763100,0.088240198306835,-0.060988286209096,0.012079556649562,0.099007980291484,-0.204052235670419,-0.011114871811136,1
25.329999999999998,7.293568339024728,-3.072469532266544,0.673967434644532,0.829895504184108,-0.116128332046230,0.020885570008232,0.206696018875793,-0.111114344592496,0.089223573779763,-0.063305175282963,0.012998701100417,0.097665493394552,-0.204163624310290,-0.011162813067352,1
25.340000000000003,7.301877618220062,-3.073636369099521,0.674180767744667,0.831959260475742,-0.117238810251650,0.021782666525386,0.206051374906911,-0.110979766421793,0.090193476157375,-0.065623896180320,0.013916741360418,0.096313401251706,-0.204275491069850,-0.011210495748786,1
25.350000000000001,7.310207502359590,-3.074814303832684,0.674403120079351,0.834016454365249,-0.118347896792898,0.022689394304617,0.205383535948531,-0.110836013751193,0.091149810585895,-0.067944118241695,0.014833585868475,0.094951943397872,-0.204387833363350,-0.011257919855438,1
25.359999999999999,7.318557924659304,-3.076003322090872,0.674634587281255,0.836066853833160,-0.119455499986282,0.023605617202127,0.204692488633862,-0.110683098993575,0.092092484600837,-0.070265512835146,0.015749143650590,0.093581358155215,-0.204500648605043,-0.011305085387309,1
25.369999999999997,7.326928816014395,-3.077203408582718,0.674875263617031,0.838110226742740,-0.120561528276778,0.024531198161368,0.203978222872295,-0.110521035468623,0.093021408114869,-0.072587753356250,0.016663324319851,0.092201882633146,-0.204613934209180,-0.011351992344399,1
25.380000000000003,7.335320104998235,-3.078414547101990,0.675125241978300,0.840146340872642,-0.121665890247067,0.025465999236753,0.203240731829126,-0.110349837396952,0.093936493405693,-0.074910515228103,0.017576038076436,0.090813752728321,-0.204727687590015,-0.011398640726707,1
25.390000000000001,7.343731717861677,-3.079636720529006,0.675384613872877,0.842174963949364,-0.122768494626515,0.026409881617246,0.202480011905287,-0.110169519894244,0.094837655103908,-0.077233475901324,0.018487195707606,0.089417203124642,-0.204841906161798,-0.011445030534233,1
25.399999999999999,7.352163578532730,-3.080869910832150,0.675653469416242,0.844195863679511,-0.123869250300099,0.027362705649834,0.201696062717060,-0.109980098965369,0.095724810180894,-0.079556314854052,0.019396708587716,0.088012467293254,-0.204956587338783,-0.011491161766977,1
25.410000000000004,7.360615608612083,-3.082114099068205,0.675931897321447,0.846208806014842,-0.124968065812667,0.028324330150598,0.200888358238307,-0.109781440479676,0.096597664764106,-0.081983976533094,0.020334548360989,0.086557346364519,-0.205071727526693,-0.011536833059600,1
25.420000000000002,7.369087727325101,-3.083369265370266,0.676219984871595,0.848213549983908,-0.126064847892730,0.029294610331751,0.200056395742425,-0.109573416930934,0.097455935409714,-0.084407871466579,0.021269708316790,0.085095715856314,-0.205187323144869,-0.011582247820253,1
25.430000000000000,7.377579851475868,-3.084635388936201,0.676517817893216,0.850209853199551,-0.127159503024936,0.030273400032043,0.199200214298149,-0.109356055502838,0.098299558102522,-0.086827719710726,0.022202111441530,0.083627791696544,-0.205303371627991,-0.011627406048936,1
25.439999999999998,7.386091895446588,-3.085912448030107,0.676825480748065,0.852197473679264,-0.128251937969608,0.031260552460848,0.198319855764284,-0.109129384146503,0.099128470980858,-0.089243243195248,0.023131681264722,0.082153788662448,-0.205419870410741,-0.011672307745649,1
25.450000000000003,7.394623771201785,-3.087200419985083,0.677143056326931,0.854176169873000,-0.129342059770398,0.032255920219643,0.197415364770973,-0.108893431575033,0.099942614325073,-0.091654165723349,0.024058341858979,0.080673920380597,-0.205536816927798,-0.011716952910392,1
25.460000000000001,7.403175388292744,-3.088499281206118,0.677470626043670,0.856145700690791,-0.130429775761874,0.033259355323370,0.196486788700958,-0.108648227258094,0.100741930546026,-0.094060212971719,0.024982017840019,0.079188399326901,-0.205654208613842,-0.011761341543165,1
25.470999999999997,7.412604857438808,-3.089940576359188,0.677842591314788,0.858301311437329,-0.131623374411844,0.034372274409681,0.195437596655632,-0.108367852834235,0.101603986921046,-0.096700908883885,0.025994524884149,0.077548049398693,-0.205783850576963,-0.011809872744789,1
25.479999999999997,7.420337472649729,-3.091129572443499,0.678156066127162,0.860056304303480,-0.132597621154927,0.035289832820088,0.194557584512375,-0.108130185016663,0.102295861845112,-0.098856593703506,0.026820117140819,0.076201243054259,-0.205890317231615,-0.011849349212800,1
25.490000000000002,7.428947746996249,-3.092460950656145,0.678514091886174,0.861996897464800,-0.133677566747808,0.036316576500947,0.193557064753679,-0.107857409765410,0.103050372293969,-0.101246387907770,0.027734392407523,0.074700027033790,-0.206009029032704,-0.011892968249662,1
25.500000000000000,7.437577376850332,-3.093803114533713,0.678882422557110,0.863927366036944,-0.134754738928788,0.037350790144388,0.192532676600554,-0.107575508104304,0.103789846337999,-0.103630228273995,0.028645386954894,0.073193996638433,-0.206128175741502,-0.011936330754554,1
25.509999999999998,7.446226259769102,-3.095156035885006,0.679261132085125,0.865847469607318,-0.135829046018325,0.038392322324335,0.191483805467603,-0.107284320061272,0.104513962545294,-0.106157296278653,0.029595761901241,0.071622663428916,-0.206247753460422,-0.011979141124444,1
25.520000000000003,7.454894290856903,-3.096519685588905,0.679650292877777,0.867756957539410,-0.136900393570893,0.039441016749103,0.190409559915556,-0.106983606467668,0.105222288033540,-0.108689913966698,0.030546151725566,0.070042041713898,-0.206367757703643,-0.012021665327425,1
25.530000000000001,7.463581362690114,-3.097894033574455,0.680049975767417,0.869655576575966,-0.137968686548774,0.040496715359172,0.189310045532821,-0.106673413221042,0.105914795831748,-0.111211028343209,0.031491683281327,0.068459155616622,-0.206488185923127,-0.012063936377217,1
25.539999999999999,7.472287365318271,-3.099279048822735,0.680460250004644,0.871543074607247,-0.139033830399272,0.041559259867438,0.188185378372005,-0.106353789180023,0.106591464200202,-0.113720435779725,0.032432301458263,0.066874185783450,-0.206609035587343,-0.012105954273821,1
25.549999999999997,7.481012186275643,-3.100674699371755,0.680881183256129,0.873419200694191,-0.140095731061024,0.042628491778416,0.187035676513901,-0.106024783751990,0.107252273200409,-0.116217934267854,0.033367951616753,0.065287311812999,-0.206730304164759,-0.012147719017237,1
25.560000000000002,7.489755710593049,-3.102080952321389,0.681312841602621,0.875283705088622,-0.141154294969467,0.043704252406196,0.185861060051283,-0.105686446888365,0.107897204684624,-0.118703323419280,0.034298579587813,0.063698712256136,-0.206851989123844,-0.012189230607465,1
25.570000000000000,7.498517820809849,-3.103497773838369,0.681755289537131,0.877136339253278,-0.142209429062249,0.044786382892300,0.184661651072712,-0.105338829079905,0.108526242285371,-0.121176404465754,0.035224131673095,0.062108564615989,-0.206974087933064,-0.012230489044504,1
25.579999999999998,7.507298396986183,-3.104925129161342,0.682208589963299,0.878976855881698,-0.143261040784607,0.045874724223437,0.183437573646326,-0.104981981352000,0.109139371404967,-0.123636980259106,0.036144554644891,0.060517045347934,-0.207096598060890,-0.012271494328356,1
25.590000000000003,7.516097316715370,-3.106362982605964,0.682672804193929,0.880805008917934,-0.144309038094684,0.046969117249140,0.182188953803647,-0.104615955259962,0.109736579205045,-0.126084855271238,0.037059795746131,0.058924329859599,-0.207219516975788,-0.012312246459019,1
25.600000000000001,7.524914455136475,-3.107811297570058,0.683147991949708,0.882620553576099,-0.145353329468803,0.048069402699314,0.180915919523378,-0.104240802884320,0.110317854596074,-0.128519835594122,0.037969802690381,0.057330592510872,-0.207342842146226,-0.012352745436493,1
25.609999999999999,7.533749684950756,-3.109270036539855,0.683634211359561,0.884423247795631,-0.146393824317455,0.049175421786179,0.179619030416118,-0.103856699748275,0.110883363148518,-0.130856212185790,0.038850060357918,0.055770818572208,-0.207466571899861,-0.012393162799279,1
25.619999999999997,7.542602876473826,-3.110739161106463,0.684131518975675,0.886212856483547,-0.147430434198528,0.050287017940698,0.178298831120062,-0.103463817060013,0.111433265286336,-0.133181836716463,0.039725703187193,0.054209340242208,-0.207590704552387,-0.012433325214602,1
25.630000000000003,7.551473897686668,-3.112218631982003,0.684639969788130,0.887989147079217,-0.148463071548236,0.051404035016567,0.176955430251993,-0.103062201265470,0.111967544883466,-0.135496490244198,0.040596671752040,0.052646340906721,-0.207715237554328,-0.012473232682461,1
25.640000000000001,7.560362614250103,-3.113708409005284,0.685159617224765,0.889751888119098,-0.149491649270211,0.052526316715371,0.175588938609329,-0.102651899402297,0.112486187642182,-0.137799955584998,0.041462907136371,0.051082002847723,-0.207840168356211,-0.012512885202858,1
25.651000000000003,7.570160477441557,-3.115359018336681,0.685744223359194,0.891674978643496,-0.150618292524007,0.053766720518049,0.174059262840163,-0.102190591800471,0.113038619286967,-0.140320588045438,0.042410229543293,0.049359900960295,-0.207978048654417,-0.012556208510974,1
25.660000000000004,7.578192584538129,-3.116718716512076,0.686232707862348,0.893235801292886,-0.151536279817913,0.054786048136836,0.172787136987538,-0.101805428548611,0.113476514528934,-0.142372461759568,0.043180945249546,0.047950034167724,-0.208091213161902,-0.012591425401261,1
25.670000000000002,7.587133558084487,-3.118239162349310,0.686786250095821,0.894956516179720,-0.152552160840790,0.055923184665621,0.171352059348173,-0.101369356546047,0.113948179103866,-0.144641077015100,0.044032632696615,0.046382762591308,-0.208217322066761,-0.012630313079268,1
25.680000000000000,7.596091666648228,-3.119769745051430,0.687351187016570,0.896662767059182,-0.153563638641761,0.057064959465494,0.169894355578576,-0.100924792440549,0.114404167712101,-0.146897652927223,0.044879356399623,0.044814870380550,-0.208343818573663,-0.012668945809812,1
25.689999999999998,7.605066764459989,-3.121310420162442,0.687927564223413,0.898354328275416,-0.154570628548927,0.058211215748706,0.168414147115617,-0.100471786151811,0.114844475032027,-0.149141981101694,0.045721059992881,0.043246534298058,-0.208470700133132,-0.012707323592892,1
25.701000000000001,7.614958817905891,-3.123016765425964,0.688574845185223,0.900197811235442,-0.155673033489142,0.059477086595316,0.166760086328447,-0.099963792767529,0.115310702632755,-0.151568423807953,0.046633094052459,0.041532321404963,-0.208610711568248,-0.012749298241776,1
25.710999999999999,7.623969108680130,-3.124578486146920,0.689175388447656,0.901857801270802,-0.156670327208069,0.060632245952380,0.165234681885565,-0.099493696762652,0.115718738831890,-0.153511733607849,0.047385645755386,0.040074356074924,-0.208738396641779,-0.012787673025250,1
25.719999999999999,7.632092502191466,-3.125992542808634,0.689725770099266,0.903338672610865,-0.157563842241391,0.061675319869903,0.163845220462906,-0.099064187183560,0.116073492605795,-0.155256840216901,0.048060543108738,0.038759387828435,-0.208853640272422,-0.012821987487544,1
25.729999999999997,7.641134055221793,-3.127573126399150,0.690348333371530,0.904969329712401,-0.158552068621499,0.062837968377910,0.162282975791391,-0.098579843596234,0.116453769005616,-0.157191267042239,0.048807686813748,0.037295397309131,-0.208982049762379,-0.012859867064724,1
25.740000000000002,7.650191836388712,-3.129163567911886,0.690982541898575,0.906584267729837,-0.159535414257647,0.064004346401790,0.160701412162923,-0.098088043335609,0.116819391008114,-0.159120581683418,0.049551864043104,0.035828543587346,-0.209110836744934,-0.012897486007013,1
25.750999999999998,7.660173950353463,-3.130924380757820,0.691693665140513,0.908342313762127,-0.160611368390449,0.065291494743964,0.158939441662146,-0.097538486510709,0.117204616530968,-0.161236567114356,0.050366934834945,0.034211948916728,-0.209252935319016,-0.012938565810230,1
25.759999999999998,7.668355448581993,-3.132373827242262,0.692286039496705,0.909766215337534,-0.161487165934747,0.066347703997434,0.157480541471475,-0.097082193913252,0.117506563611639,-0.162962682958158,0.051030991610384,0.032887088006651,-0.209369532762439,-0.012971941986915,1
25.770000000000003,7.677460957522249,-3.133993544475484,0.692955397284644,0.911332840722588,-0.162455424064296,0.067524389427121,0.155841348536875,-0.096568207347044,0.117828065346017,-0.164874879461382,0.051765779834641,0.031412903638433,-0.209499436584692,-0.013008779024529,1
25.780000000000001,7.686582050438259,-3.135622918468344,0.693636537756182,0.912882978672133,-0.163418505643282,0.068704216130270,0.154183064857311,-0.096046889285641,0.118134814923815,-0.166780783519767,0.052497277355907,0.029936691049120,-0.209629707474146,-0.013045355427251,1
25.789999999999999,7.695718561502201,-3.137261897089313,0.694329491586116,0.914416438598176,-0.164376337522619,0.069887036487336,0.152505754806438,-0.095518273033802,0.118426793091409,-0.168680105665373,0.053225404735913,0.028458655739591,-0.209760342824454,-0.013081671195081,1
25.799999999999997,7.704870322983632,-3.138910427477051,0.695034287972120,0.915933030570896,-0.165328846890222,0.071072702696488,0.150809485641393,-0.094982392687435,0.118703982643694,-0.170572558669149,0.053950083183819,0.026979001912942,-0.209891340029265,-0.013117726328020,1
25.810000000000002,7.714037165271179,-3.140568456048075,0.695750954638966,0.917432571320648,-0.166275962980305,0.072261069167689,0.149096114793296,-0.094439792217698,0.118967078651083,-0.172102260942241,0.054569947935812,0.025639238980625,-0.210022709489802,-0.013156119799566,1
25.820000000000000,7.723218917042565,-3.142235928546683,0.696479517901793,0.918914901813564,-0.167217622079222,0.073451999515829,0.147367428126189,-0.093890995180576,0.119216748639712,-0.173635652220252,0.055189377158549,0.024293840917638,-0.210154461505660,-0.013194237392308,1
25.831000000000003,7.733335858080054,-3.144080990514154,0.697294707816631,0.920525404493078,-0.168247070337104,0.074764823589745,0.145448141627724,-0.093280167333766,0.119475812924197,-0.175326142188393,0.055870107139043,0.022807699670414,-0.210299827281887,-0.013235848104304,1
25.841000000000001,7.742548355246916,-3.145768115888443,0.698048333588003,0.921971093950241,-0.169177068199762,0.075960699518040,0.143687183502716,-0.092718374967702,0.119697112059228,-0.176865916611403,0.056488243245772,0.021451298446492,-0.210432373684066,-0.013273386351556,1
25.850000000000001,7.750851892892051,-3.147294457716221,0.698736830185865,0.923257096802142,-0.170009238297087,0.077038825780801,0.142089146237068,-0.092207479854649,0.119884664513737,-0.178253774223038,0.057043889932994,0.020226385660860,-0.210551985297284,-0.013306934897705,1
25.859999999999999,7.760091538544111,-3.148999150940170,0.699513215991127,0.924669049850514,-0.170928450621686,0.078238661007379,0.140298890132655,-0.091633957512658,0.120080105133855,-0.179797750264257,0.057660419528846,0.018860988947527,-0.210685239946547,-0.013343948975228,1
25.869999999999997,7.769345213956449,-3.150713007508531,0.700301609692936,0.926063023110378,-0.171841896912749,0.079440382296419,0.138493185838838,-0.091054274831085,0.120261869719401,-0.181343344286457,0.058275939048882,0.017491220195821,-0.210818863357192,-0.013380687173947,1
25.880000000000003,7.778612738558520,-3.152435969453130,0.701102029467394,0.927438862025711,-0.172749515619263,0.080643852673113,0.136672019205453,-0.090468442473308,0.120429915790858,-0.182890150847431,0.058890336108810,0.016117327317879,-0.210952852770430,-0.013417149493861,1
25.890000000000001,7.787893930233566,-3.154167978190826,0.701914492118776,0.928796411919209,-0.173651245302448,0.081848934750223,0.134835380122156,-0.089876472222344,0.120584203339990,-0.184437767425826,0.059503499166014,0.014739556657065,-0.211087205427473,-0.013453335934971,1
25.899999999999999,7.797188605317638,-3.155908974524702,0.702739013075523,0.930135518032546,-0.174547024646923,0.083055490752724,0.132983262489206,-0.089278376972427,0.120724694814146,-0.185985794421153,0.060115317519552,0.013358152987968,-0.211221918569534,-0.013489246497276,1
25.909999999999997,7.806496578625286,-3.157658898652826,0.703575606396766,0.931456036083489,-0.175436795457393,0.084263386645739,0.131118810810329,-0.088675063987553,0.120852582812721,-0.186907916942399,0.060547994868532,0.012217572994629,-0.211356995101898,-0.013526011956918,1
25.920000000000002,7.815817663736340,-3.159417690251116,0.704424284880778,0.932757863176701,-0.176320511433373,0.085472504203804,0.129245037735042,-0.088067403073440,0.120969009373643,-0.187849964200026,0.060984872743130,0.011065922812723,-0.211492437848296,-0.013562489303881,1
25.930000000000000,7.825151673271847,-3.161185288553136,0.705285060169305,0.934040905112912,-0.177198128888600,0.086682728264758,0.127361747293975,-0.087455353141520,0.121073865512198,-0.188811281305692,0.061425768009340,0.009903545528112,-0.211628243927601,-0.013598678538164,1
25.939999999999998,7.834498418901191,-3.162961632353567,0.706157942747082,0.935305065765834,-0.178069603735065,0.087893942593715,0.125468750045340,-0.086838874928458,0.121167045664078,-0.189791217630218,0.061870498754743,0.008730782135766,-0.211764410458684,-0.013634579659768,1
25.950000000000003,7.843857711323127,-3.164746660004277,0.707042941931273,0.936550247147222,-0.178934891501198,0.089106029917160,0.123565863032347,-0.086217930983933,0.121248447664467,-0.190789126803589,0.062318884288505,0.007547971539768,-0.211900934560420,-0.013670192668692,1
25.960999999999999,7.854167197391426,-3.166720146143701,0.708030445393251,0.937897906461997,-0.179879508442667,0.090440193087333,0.121461054161490,-0.085529692230848,0.121324268298857,-0.191906819302489,0.062816115496099,0.006235677288116,-0.212051520627809,-0.013709034208363,1
25.969999999999999,7.862613174377486,-3.168342518027639,0.708849321488736,0.938983271220017,-0.180646726096696,0.091532349463444,0.119729720055568,-0.084962505091003,0.121375525423539,-0.192836299512607,0.063225903065701,0.005153553898713,-0.212175043951343,-0.013740554348500,1
25.979999999999997,7.872008961392836,-3.170153222857152,0.709770714568223,0.940170909204749,-0.181493182227144,0.092746342250081,0.117796130219857,-0.084327957197097,0.121421013661888,-0.193884291604034,0.063684181035400,0.003942614207383,-0.212312623478277,-0.013775303019384,1
25.991000000000000,7.882357924985356,-3.172154735547700,0.710798271104646,0.941454913122818,-0.182416926646196,0.094082184915281,0.115656981506039,-0.083624643116638,0.121457010419386,-0.195054880406620,0.064191680668272,0.002600530277235,-0.212464360530278,-0.013813193787212,1
26.000000000000000,7.890835679582655,-3.173799866873604,0.711649930060248,0.942487913163992,-0.183166943039358,0.095175388427326,0.113897126597591,-0.083045039900120,0.121475444955696,-0.196025940593898,0.064609395114562,0.001494925785774,-0.212588817789453,-0.013843936023115,1
26.011000000000003,7.901209893887317,-3.175819713120963,0.712704208867163,0.943728911874377,-0.184076523244966,0.096511686751265,0.111738446841676,-0.082332704274513,0.121486022898716,-0.196392397067107,0.064886409037405,0.000454130940434,-0.212741324295847,-0.013884784233788,1
26.020000000000003,7.909707955631777,-3.177479728414497,0.713577734261600,0.944726600501516,-0.184814886791618,0.097605068037818,0.109969735234995,-0.081747759380217,0.121486333896081,-0.196660206288435,0.065102732441917,-0.000387489581728,-0.212866437998168,-0.013918218419065,1
26.030999999999999,7.920106557760653,-3.179517623451611,0.714658739789469,0.945924362386451,-0.185710167933813,0.098941373231622,0.107804470488278,-0.081030124941983,0.121476324525180,-0.197032428018330,0.065378272413218,-0.001435990347575,-0.213019761604408,-0.013958737697690,1
26.039999999999999,7.928624219153696,-3.181192288732570,0.715554131738814,0.946886618319498,-0.186436788101551,0.100034590247243,0.106029670651632,-0.080440671961025,0.121459479494652,-0.197372848222542,0.065612591178643,-0.002309693199874,-0.213145538349470,-0.013991607786527,1
26.049999999999997,7.938098353908130,-3.183060667700643,0.716560550189396,0.947937039624178,-0.187237909740015,0.101249053177100,0.104053898292609,-0.079783206620264,0.121431461364432,-0.197788027111614,0.065882053541442,-0.003296752904647,-0.213285635811508,-0.014027832389890,1
26.060000000000002,7.947582894016209,-3.184937024966531,0.717579111703161,0.948967681810036,-0.188032443095437,0.102463186292578,0.102073783664047,-0.079122999814599,0.121393488800758,-0.198241139815866,0.066160838643283,-0.004300503445148,-0.213426093952645,-0.014063743606342,1
26.070000000000000,7.957077641463337,-3.186821294508787,0.718609812481476,0.949978499573889,-0.188820360291573,0.103676889222431,0.100088952286748,-0.078459959679134,0.121345397183861,-0.198731215592544,0.066448674284393,-0.005320487581415,-0.213566909639011,-0.014099341435883,1
26.079999999999998,7.966582397763346,-3.188713410022657,0.719652647713850,0.950969443916196,-0.189601632547114,0.104890059972035,0.098099039357511,-0.077793997061997,0.121287026452046,-0.199257289984393,0.066745290059528,-0.006356250938367,-0.213708079736739,-0.014134625878512,1
26.090000000000003,7.976096963921982,-3.190613304911159,0.720707611561912,0.951940462237505,-0.190376230202721,0.106102594968815,0.096103689686280,-0.077125025506398,0.121218221073044,-0.199818404819656,0.067050417357974,-0.007407342005799,-0.213849601111959,-0.014169596934229,1
26.100000000000001,7.985621140401395,-3.192520912276436,0.721774697143865,0.952891498434262,-0.191144122747887,0.107314389107403,0.094102557633292,-0.076452961232680,0.121138830015365,-0.200413608212073,0.067363789363548,-0.008473312138379,-0.213991470630801,-0.014204254603035,1
26.109999999999999,7.995154727129821,-3.194436164923846,0.722853896535942,0.953822510659572,-0.191905283822970,0.108525342406960,0.092100591108409,-0.075779211330175,0.121050684615561,-0.199991375934317,0.067389254780752,-0.009160469688797,-0.214133705174723,-0.014242597035966,1
26.119999999999997,8.004697523949636,-3.196358995489507,0.723945200938049,0.954733523169439,-0.192659705821108,0.109735379427121,0.090102498974339,-0.075105115550066,0.120955527650671,-0.199638486043164,0.067432896384849,-0.009875518646330,-0.214276321428610,-0.014280596595893,1
26.130000000000003,8.014249331045919,-3.198289336562341,0.725048600832191,0.955624571265015,-0.193407384381555,0.110944428668300,0.088107595112078,-0.074430494181109,0.120853083395313,-0.199353479098546,0.067494304486492,-0.010617821931916,-0.214419315963731,-0.014318253282817,1
26.140000000000001,8.023809948922672,-3.200227120678747,0.726164085971697,0.956495683459079,-0.194148313366892,0.112152415905443,0.086115207951054,-0.073755171595887,0.120743082475130,-0.199134904854539,0.067573072010040,-0.011386746420000,-0.214562685351356,-0.014355567096737,1
26.149999999999999,8.033379178335712,-3.202172280305038,0.727291645354284,0.957346881621064,-0.194882484903738,0.113359264251346,0.084124680377180,-0.073078976224666,0.120625261827251,-0.198981322259359,0.067668794493558,-0.012181662938530,-0.214706426162756,-0.014392538037653,1
26.159999999999997,8.042956820226923,-3.204124747820281,0.728431267195747,0.958178181121162,-0.195609889423193,0.114564894219567,0.082135369640918,-0.072401740529267,0.120499364660759,-0.198891299455364,0.067781070088820,-0.013001946268957,-0.214850534969199,-0.014429166105567,1
26.170000000000002,8.052542675660002,-3.206084455499544,0.729582938904281,0.958989590973509,-0.196330515701025,0.115769223786950,0.080146647265335,-0.071723300976922,0.120365140417155,-0.198863413779054,0.067909499561303,-0.013846975146239,-0.214995008341957,-0.014465451300477,1
26.180000000000000,8.062136545757580,-3.208051335497539,0.730746647055426,0.959781113978451,-0.197044350897591,0.116972168455751,0.078157898954164,-0.071043498014143,0.120222344730823,-0.198896251761070,0.068053686290192,-0.014716132258835,-0.215139842852299,-0.014501393622383,1
26.189999999999998,8.071738231639831,-3.210025319832676,0.731922377367627,0.960552746863893,-0.197751380597501,0.118173641315370,0.076168524499859,-0.070362176040578,0.120070739389493,-0.198988409126194,0.068213236268381,-0.015608804248711,-0.215285035071495,-0.014536993071286,1
26.200000000000003,8.081347534364422,-3.212006340371495,0.733110114678417,0.961304480425724,-0.198451588849022,0.119373553103688,0.074177937691654,-0.069679183382879,0.119910092294712,-0.199138490793350,0.068387758102465,-0.016524381711334,-0.215430581570815,-0.014572249647185,1
26.210000000000001,8.090964254923781,-3.213994328829173,0.734309842941726,0.962036321976102,-0.199144964462599,0.120571820462376,0.072192238202377,-0.068996244291213,0.119742628148126,-0.198018964599170,0.068204773102276,-0.016975144088215,-0.215576501332415,-0.014611639755121,1
26.219999999999999,8.100588194795881,-3.215989216925356,0.735521545428620,0.962748360760924,-0.199831519365686,0.121768389975454,0.070217210760250,-0.068314994648412,0.119570456932437,-0.197003730678865,0.068049769955499,-0.017465650801815,-0.215722813107563,-0.014650652356996,1
26.231000000000002,8.111182631260938,-3.218191481608096,0.736868227824894,0.963508852112990,-0.200578870261891,0.123082596778327,0.068055775214165,-0.067567241081253,0.119375163010573,-0.196004928101775,0.067910883459930,-0.018050079932929,-0.215884204330342,-0.014693130199557,1
26.240000000000002,8.119856943397073,-3.219999419665458,0.737980803681631,0.964113425977779,-0.201184226321876,0.124156235403037,0.066295063225987,-0.066956462079245,0.119210429479944,-0.195277763499532,0.067821359647313,-0.018562440233273,-0.216016597598266,-0.014727545042561,1
26.250999999999998,8.130466158660299,-3.222216481980910,0.739353730348026,0.964830873711654,-0.201916645996303,0.125466413871838,0.064151411163145,-0.066210899213519,0.119002614641022,-0.194496699839754,0.067740750260128,-0.019229476291726,-0.216178830072762,-0.014769192371787,1
26.259999999999998,8.139152211042001,-3.224036405107284,0.740487745325080,0.965400367017098,-0.202509801237084,0.126536650899292,0.062403485769113,-0.065601440831446,0.118826968266743,-0.193943971151893,0.067697866026720,-0.019807891055896,-0.216311904842438,-0.014802927703881,1
26.270000000000003,8.148809302585505,-3.226064771910023,0.741759049853429,0.966014713813106,-0.203162431252864,0.127723919061002,0.060466748317763,-0.064924602047005,0.118625536795013,-0.193419006102667,0.067674022988893,-0.020484245156699,-0.216460120059423,-0.014840052775448,1
26.280000000000001,8.158472440843733,-3.228099631173925,0.743042216877641,0.966609717942599,-0.203808293662106,0.128909138509588,0.058534799284461,-0.064247878676126,0.118417167920348,-0.192985950280061,0.067674688740218,-0.021195232419053,-0.216608704639593,-0.014876800340954,1
26.289999999999999,8.168141432614206,-3.230140915224636,0.744337225557980,0.967185422727966,-0.204447388402948,0.130092238153263,0.056606729672449,-0.063571028461807,0.118201519478675,-0.192642786818898,0.067699297736148,-0.021940020252127,-0.216757654807888,-0.014913170400399,1
26.301000000000002,8.178783854253835,-3.232393667523799,0.745775386455679,0.967796447990571,-0.205142572967138,0.131391110415710,0.054489357484119,-0.062826087954146,0.117955530378937,-0.192198944054320,0.067706438799366,-0.022736761851405,-0.216921917859031,-0.014952975939718,1
26.310000000000002,8.187496205803162,-3.234242486921643,0.746962680880347,0.968279090559369,-0.205705270474694,0.132451786859074,0.052766991075173,-0.062218326567835,0.117750052377159,-0.190569319872206,0.067357125969542,-0.022932445422524,-0.217056648495770,-0.014987111020009,1
26.320999999999998,8.198150426032036,-3.236508994185595,0.748426769311286,0.968848035797923,-0.206385604922672,0.133745644320563,0.050680950947835,-0.061479547500507,0.117496210526854,-0.188740238709363,0.066974357436566,-0.023231479001112,-0.217221734184565,-0.015028387290481,1
26.329999999999998,8.206872088043346,-3.238368946422912,0.749635235875573,0.969296539210276,-0.206936212244909,0.134802165534100,0.048988522960068,-0.060878051840502,0.117285842412019,-0.187374242517925,0.066696599587078,-0.023524103694877,-0.217357140251184,-0.015061795198235,1
26.340000000000003,8.216567471691933,-3.240441341343666,0.750989117887387,0.969777079361049,-0.207541662626036,0.135973841723834,0.047121811771364,-0.060212477727616,0.117048771072796,-0.185991447613738,0.066424580257872,-0.023898761582522,-0.217507942220381,-0.015098531310235,1
26.350000000000001,8.226267567631096,-3.242519757533278,0.752354704742946,0.970239019206609,-0.208140470234681,0.137143127612349,0.045268229826378,-0.059549434452816,0.116807697155704,-0.184747907784551,0.066190295870544,-0.024324427126394,-0.217659109530773,-0.015134863437493,1
26.359999999999999,8.235972190491156,-3.244604128684311,0.753731972330660,0.970682483125158,-0.208732658506066,0.138309980642665,0.043426399121539,-0.058888548740493,0.116562116335605,-0.183640716846618,0.065992932580473,-0.024799951326101,-0.217810638142515,-0.015170791580009,1
26.369999999999997,8.245681156077801,-3.246694388705153,0.755120896088337,0.971107581859846,-0.209318247183255,0.139474353271874,0.041594970617532,-0.058229455425963,0.116311535738832,-0.182666988133382,0.065831682047031,-0.025324192887789,-0.217962524015758,-0.015206315737782,1
26.380000000000003,8.255394281237184,-3.248790471683495,0.756521450953907,0.971514412807436,-0.209897252397993,0.140636193085267,0.039772624044121,-0.057571797400430,0.116055473866123,-0.181823854495471,0.065705741433576,-0.025896018224141,-0.218114763110655,-0.015241435910813,1
26.390000000000001,8.265111383723871,-3.250892311850624,0.757933611317262,0.971903060305023,-0.210469686750984,0.141795442909691,0.037958067704980,-0.056915225555945,0.115793460515559,-0.181108468300699,0.065614313407457,-0.026514301454377,-0.218267351387358,-0.015276152099102,1
26.399999999999999,8.274832282071708,-3.252999843546514,0.759357350973244,0.972273595914793,-0.211035559391631,0.142952040926141,0.036150038282516,-0.056259398730364,0.115525036705493,-0.180518001434068,0.065556606140012,-0.027177924404254,-0.218420284806021,-0.015310464302648,1
26.410000000000004,8.284556795553648,-3.255113001209722,0.760792643106371,0.972626113110773,-0.211594885683900,0.144105933008895,0.034357586596725,-0.055606849842594,0.115253410273241,-0.178006521890732,0.064962515116178,-0.027159640917906,-0.218573587111889,-0.015349921747614,1
26.420000000000002,8.294284744995030,-3.257231719605096,0.762239460578994,0.972960827962614,-0.212147715262323,0.145257108520245,0.032589231063407,-0.054959963494425,0.114981600962347,-0.175698077679954,0.064423904442050,-0.027214235229226,-0.218727281738506,-0.015388928452513,1
26.430000000000000,8.304015953543557,-3.259355934039427,0.763697776204175,0.973277971349283,-0.212694101997625,0.146405562013962,0.030842962079806,-0.054318190682430,0.114708887923868,-0.173588523410119,0.063939615430337,-0.027340123338387,-0.218881364178472,-0.015427484417344,1
26.439999999999998,8.313750246555925,-3.261485580330956,0.765167562704736,0.973577754260516,-0.213234094328297,0.147551280914344,0.029116811355406,-0.053680993950250,0.114434566094657,-0.171673742024799,0.063508497354834,-0.027535732085760,-0.219035829924386,-0.015465589642109,1
26.450000000000003,8.323487451401013,-3.263620594755628,0.766648792642749,0.973860368208523,-0.213767735375668,0.148694245673537,0.027408851628580,-0.053047847308981,0.114157946088961,-0.169949644802754,0.063129407450419,-0.027799499151920,-0.219190674468848,-0.015503244126808,1
26.460000000000001,8.333227397267107,-3.265760913994486,0.768141438350598,0.974125985636863,-0.214295063058186,0.149834429927762,0.025717196383241,-0.052418236157569,0.113878354090024,-0.168412171357931,0.062801210913053,-0.028129873057642,-0.219345893304456,-0.015540447871439,1
26.469999999999999,8.342969914973310,-3.267906475082225,0.769645471863595,0.974374760326482,-0.214816110204895,0.150971800652467,0.024039999565482,-0.051791657203191,0.113595131741678,-0.167057289639462,0.062522780899780,-0.028525313163901,-0.219501481923809,-0.015577200876003,1
26.479999999999997,8.352714836784893,-3.270057215356846,0.771160864854150,0.974606827798915,-0.215330904668121,0.152106318316390,0.022375455300232,-0.051167618381651,0.113307636039945,-0.165880995931666,0.062292998528728,-0.028984289671878,-0.219657435819509,-0.015613503140500,1
26.490000000000002,8.362461996232717,-3.272213072410462,0.772687588567460,0.974822305716662,-0.215839469435357,0.153237937034539,0.020721797607896,-0.050545638777763,0.113015239224635,-0.164879314854048,0.062110752879105,-0.029505283622951,-0.219813750484153,-0.015649354664931,1
26.500000000000000,8.372211227936617,-3.274373984041195,0.774225613758738,0.975021294280721,-0.216341822740361,0.154366604720085,0.019077300121016,-0.049925248545747,0.112717328670941,-0.164048299361300,0.061974940991206,-0.030086786898701,-0.219970421410340,-0.015684755449295,1
26.509999999999998,8.381962367539337,-3.276539888235798,0.775774910669287,0.975203919153421,-0.216837989987470,0.155492278138115,0.017452988292201,-0.049309520273466,0.112417761561774,-0.160859878834502,0.061183275554924,-0.029842774917218,-0.220127475139545,-0.015725906137990,1
26.520000000000003,8.391715252695196,-3.278710723445278,0.777335449372313,0.975370455771720,-0.217328038285641,0.156614966480613,0.015859195934934,-0.048701334481046,0.112120153955524,-0.157943442496319,0.060466176583334,-0.029694528568511,-0.220284937848028,-0.015766551305062,1
26.530000000000001,8.401469724002522,-3.280886428844903,0.778907200099163,0.975521195827208,-0.217812039358144,0.157734684590036,0.014293232015420,-0.048099953537713,0.111823558902722,-0.155293235585531,0.059822039221503,-0.029639909035198,-0.220442804480574,-0.015806690950510,1
26.539999999999999,8.411225624842984,-3.283066944290570,0.780490133182618,0.975656404388189,-0.218290057631995,0.158851437946034,0.012752462841778,-0.047504655803653,0.111527050765441,-0.152903544480042,0.059249270132363,-0.029676792826538,-0.220601069981966,-0.015846325074333,1
26.551000000000002,8.421958583030699,-3.285470995844599,0.782244239797102,0.975787479431734,-0.218809035767437,0.160076437698451,0.011083643006172,-0.046856012544401,0.111199913332951,-0.150569011138196,0.058699766931710,-0.029820535700438,-0.220775616693615,-0.015889338733064,1
26.560000000000002,8.430741100992021,-3.287442167715283,0.783689427704362,0.975881157607482,-0.219228367965359,0.161076026774869,0.009736258205815,-0.046329502667825,0.110930698323832,-0.148883060892236,0.058311521013200,-0.030016653053409,-0.220918777370425,-0.015924076757109,1
26.570000000000000,8.440500374638592,-3.289636758167646,0.785305729492855,0.975971104407666,-0.219688753825861,0.162183828296435,0.008255838366797,-0.045748282904621,0.110629107921953,-0.147241046861382,0.057943411898358,-0.030315459140658,-0.221078209147059,-0.015962194316062,1
26.579999999999998,8.450260473995851,-3.291835923476244,0.786933094163751,0.976046325119241,-0.220143344802592,0.163288597579071,0.006790643697465,-0.045170417397461,0.110324111933961,-0.145837105538752,0.057640412886569,-0.030697427855997,-0.221238019571674,-0.015999806353390,1
26.590000000000003,8.460021252524735,-3.294039605849168,0.788571491210609,0.976106960182240,-0.220592171208254,0.164390296442964,0.005338321044653,-0.044595262733651,0.110014888980634,-0.144665728997902,0.057400988230082,-0.031160512341886,-0.221398203589055,-0.016036912869094,1
26.600000000000001,8.469782564973807,-3.296247747765713,0.790220889704456,0.976153126779872,-0.221035256998014,0.165488878596593,0.003896572128763,-0.044022190800388,0.109700638074694,-0.143721450451520,0.057223613699009,-0.031702681067426,-0.221558756143984,-0.016073513863175,1
26.609999999999999,8.479544267236779,-3.298460291937762,0.791881258243899,0.976184958102907,-0.221472630646833,0.166584303236195,0.002476014796408,-0.043454151384310,0.109385028597973,-0.140160324658602,0.056320499161521,-0.031339791040054,-0.221719700461623,-0.016115885115236,1
26.619999999999997,8.489306217409757,-3.300677181603503,0.793552565320504,0.976202770443173,-0.221904371435798,0.167676592873971,0.001092325243729,-0.042895495546963,0.109073481511108,-0.136636999407978,0.055426979159306,-0.030990210351488,-0.221881072295421,-0.016158386589870,1
26.630000000000003,8.499068277094104,-3.302898360889206,0.795234779769275,0.976206916146034,-0.222330568720544,0.168765782473571,-0.000257900180884,-0.042345289278936,0.108764817533241,-0.133466172898924,0.054630216371980,-0.030762687702494,-0.222042866292332,-0.016200317737985,1
26.640000000000001,8.508830311238215,-3.305123774766267,0.796927870713760,0.976197712360197,-0.222751302195726,0.169851894811244,-0.001578146780548,-0.041802576047923,0.108457830493667,-0.130639918280873,0.053928005623388,-0.030654344800075,-0.222205076749092,-0.016241678559583,1
26.649999999999999,8.518592187789054,-3.307353368955578,0.798631807445446,0.976175441776682,-0.223166642100656,0.170934940745086,-0.002871820890139,-0.041266421289599,0.108151342895258,-0.128150368755746,0.053318158494186,-0.030662325221358,-0.222367697962435,-0.016282469054664,1
26.660000000000004,8.528353777351480,-3.309587089834058,0.800346559305996,0.976140353415497,-0.223576649438144,0.172014919500675,-0.004142250476815,-0.040735912240045,0.107844205695766,-0.125989717577951,0.052798503321854,-0.030783794413598,-0.222530724229097,-0.016322689223227,1
26.670000000000002,8.538114952855443,-3.311824884343373,0.802072095572350,0.976092663406315,-0.223981376191664,0.173091818954531,-0.005392685740540,-0.040210157768186,0.107535298089121,-0.124150218054395,0.052366885200685,-0.031015939694175,-0.222694149845812,-0.016362339065272,1
26.680000000000000,8.547875589230971,-3.314066699900831,0.803808385344641,0.976032555763144,-0.224380865540847,0.174165615915383,-0.006626299714609,-0.039688288208219,0.107223527286727,-0.122624183544472,0.052021165981795,-0.031355970250596,-0.222857969109314,-0.016401418580800,1
26.691000000000003,8.558611519330709,-3.316537279040583,0.805730687161931,0.975952276279837,-0.224814295654519,0.175343168322667,-0.007967539860230,-0.039117706869535,0.106876002171745,-0.121298497133202,0.051737556691693,-0.031851307276092,-0.223038618154360,-0.016443747320752,1
26.700000000000003,8.567394752421066,-3.318562185687901,0.807313100270629,0.975875667658517,-0.225164262006712,0.176303755926334,-0.009055373696771,-0.038652831481702,0.106587163715476,-0.120482063265554,0.051578955439390,-0.032348633291622,-0.223186765763622,-0.016477866632302,1
26.710000000000001,8.577153036439164,-3.320815752402614,0.809081461825865,0.975779165639903,-0.225548231090729,0.177368021687123,-0.010237645422041,-0.038142902753965,0.106267076344484,-0.116051116635310,0.050428444956871,-0.031695826377908,-0.223351751791962,-0.016519235490621,1
26.719999999999999,8.586910297042364,-3.323073133498093,0.810860450136429,0.975671054613854,-0.225927156260266,0.178429116532375,-0.011377954342965,-0.037643834587534,0.105952714026651,-0.112087666959772,0.049406333792555,-0.031202968883214,-0.223517148402531,-0.016559983078025,1
26.729999999999997,8.596666420161272,-3.325334279056951,0.812650033752922,0.975551731016746,-0.226301139751808,0.179487089780399,-0.012480920511399,-0.037154358230351,0.105642496829135,-0.108580745241124,0.048509577766312,-0.030866153733176,-0.223682949382620,-0.016600109394513,1
26.740000000000002,8.606421295461690,-3.327599140121232,0.814450181640784,0.975421545631432,-0.226670271266123,0.180541975145010,-0.013551054725436,-0.036673235250814,0.105334883733977,-0.105519469724919,0.047735156967153,-0.030681505025323,-0.223849148519518,-0.016639614440087,1
26.750000000000000,8.616174815893503,-3.329867668568566,0.816260863026183,0.975280804675417,-0.227034628270256,0.181593791123116,-0.014592759401842,-0.036199257295087,0.105028372326386,-0.102893045900091,0.047080075753237,-0.030645178029079,-0.224015739600518,-0.016678498214745,1
26.759999999999998,8.625926877250446,-3.332139816991338,0.818082047245777,0.975129770880312,-0.227394276297087,0.182642541379198,-0.015610329448489,-0.035731245844404,0.104721498483016,-0.100690766498939,0.046541362751860,-0.030753359185758,-0.224182716412910,-0.016716760718488,1
26.770000000000003,8.635677377740629,-3.334415538578830,0.819913703600302,0.974968664562557,-0.227749269242478,0.183688215126660,-0.016607953136792,-0.035268051972383,0.104412836060248,-0.098902011497136,0.046116070859465,-0.031002266108570,-0.224350072743985,-0.016754401951316,1
26.780000000000001,8.645426217567644,-3.336694787002322,0.821755801211940,0.974797664685425,-0.228099649659974,0.184730787506069,-0.017589712974133,-0.034808556102329,0.104100996582471,-0.097516248113731,0.045801277241635,-0.031388147582614,-0.224517802381033,-0.016791421913228,1
26.790999999999997,8.656147906136409,-3.339205978920431,0.823794130992440,0.974598302077390,-0.228479777926343,0.185873988625771,-0.018656070223442,-0.034306081224505,0.103752692204464,-0.096444899565255,0.045579171055623,-0.031966383869501,-0.224702728735318,-0.016831426303425,1
26.799999999999997,8.664918523585174,-3.341263680783610,0.825471194973224,0.974426499651234,-0.228786688165174,0.186806460606431,-0.019521447539951,-0.033896325353654,0.103462419029180,-0.095912001295160,0.045491614837723,-0.032555985184271,-0.224854356722215,-0.016863598024308,1
26.810000000000002,8.674661796740670,-3.343553234956593,0.827344427311982,0.974226575736341,-0.229123399495488,0.187839471918742,-0.020454976430931,-0.033448135878362,0.103141248554485,-0.090896341554495,0.044174442646718,-0.031712822835235,-0.225023212597414,-0.016907458604965,1
26.820000000000000,8.684403024790994,-3.345846134045926,0.829227973837232,0.974017557122715,-0.229455691991039,0.188869310235411,-0.021341400209503,-0.033012280299472,0.102827477226773,-0.086488437628477,0.043024132015894,-0.031075265699279,-0.225192503526104,-0.016950608722532,1
26.829999999999998,8.694142119043768,-3.348142334452325,0.831121803154930,0.973799884727272,-0.229783680717920,0.189896039356468,-0.022186720412064,-0.032587111048333,0.102519075621453,-0.082673106547748,0.042036479484775,-0.030637995779730,-0.225362222403654,-0.016993048377010,1
26.840000000000003,8.703878994918215,-3.350441793645484,0.833025884408446,0.973573940208577,-0.230107464476114,0.190919703052848,-0.022996787386732,-0.032171022412997,0.102214067268552,-0.079435293625303,0.041207317173588,-0.030395740150398,-0.225532362125434,-0.017034777568399,1
26.850000000000001,8.713613571360133,-3.352744470003503,0.834940187080911,0.973340047472308,-0.230427126216290,0.191940325593677,-0.023777301576162,-0.031762450182411,0.101910528202004,-0.076760072456494,0.040532512783267,-0.030343270955572,-0.225702915586812,-0.017075796296699,1
26.859999999999999,8.723345770271838,-3.355050322656468,0.836864680802819,0.973098474163900,-0.230742733453026,0.192957912269065,-0.024533814800379,-0.031359871290610,0.101606586508951,-0.074632644919016,0.040007969595449,-0.030475405410027,-0.225873875683157,-0.017116104561910,1
26.869999999999997,8.733075515956973,-3.357359311334136,0.838799335164832,0.972849433148355,-0.231054338674484,0.193972449908382,-0.025271731539593,-0.030961803460906,0.101300421879030,-0.073038341172923,0.039629626472475,-0.030787005799016,-0.226045235309840,-0.017155702364032,1
26.880000000000003,8.742802734580049,-3.359671396217712,0.840744119535746,0.972593083977228,-0.231361979748521,0.194983907394028,-0.025996310217030,-0.030566804850087,0.100990265153677,-0.071962619660614,0.039393457857389,-0.031272979478275,-0.226216987362228,-0.017194589703065,1
26.890000000000001,8.752527353640577,-3.361986537795651,0.842699002885564,0.972329534342780,-0.231665680325250,0.195992236170696,-0.026712664481747,-0.030173473692606,0.100674397875417,-0.071391067106845,0.039295473773943,-0.031928278874023,-0.226389124735691,-0.017232766579009,1
26.899999999999999,8.762249301461715,-3.364304696723489,0.844663953613660,0.972058841519309,-0.231965450236031,0.196997370750136,-0.027425764491465,-0.029780447944775,0.100351151837161,-0.071309398518722,0.039331719826589,-0.032747901482960,-0.226561640325598,-0.017270232991863,1
26.909999999999997,8.771968506947612,-3.366625833757591,0.846638939467321,0.971781115266095,-0.232261313797996,0.197999263269072,-0.028110135063400,-0.029394739367109,0.100029079214215,-0.065698389791152,0.037846670193802,-0.031711420105476,-0.226734576453407,-0.017316856283287,1
26.920000000000002,8.781684901854385,-3.368949910380274,0.848623928304151,0.971496812578988,-0.232553390883740,0.198997982436793,-0.028742370263453,-0.029022790856896,0.099716039749500,-0.060878780273386,0.036578727521330,-0.030940046595271,-0.226907974725528,-0.017362661854002,1
26.930999999999997,8.792369614634429,-3.371509745512486,0.850818932103503,0.971177056963427,-0.232870453051644,0.200092999663597,-0.029386925172174,-0.028626985882878,0.099379011414190,-0.056466017810267,0.035427772900372,-0.030389017077321,-0.227099236842042,-0.017412103514369,1
26.939999999999998,8.801109011210668,-3.373606734702892,0.852623790266846,0.970910329427765,-0.233126671872026,0.200986183730845,-0.029881455800201,-0.028311665067387,0.099106675062625,-0.053529278467148,0.034670829845511,-0.030163463547036,-0.227256124993872,-0.017451819833304,1
26.950000000000003,8.810816611626757,-3.375939411256005,0.854638602414485,0.970608884261856,-0.233408066660459,0.201975743635604,-0.030403291861319,-0.027968378277273,0.098805338398648,-0.050957623021082,0.034019340185483,-0.030143839338081,-0.227430860635682,-0.017495172241891,1
26.960000000000001,8.820521171898237,-3.378274884693087,0.856663295087675,0.970302337434783,-0.233686057897914,0.202962287187468,-0.030902967815736,-0.027630631477385,0.098503010688118,-0.049093840469645,0.033561888172416,-0.030360493654557,-0.227606025712974,-0.017537706929769,1
26.969999999999999,8.830222641999375,-3.380613121223526,0.858697838034249,0.969990875494840,-0.233960691376556,0.203945792779692,-0.031387460210704,-0.027296512512130,0.098197364411784,-0.047917526276520,0.033292838427208,-0.030806384304912,-0.227781612048542,-0.017579423896937,1
26.979999999999997,8.839920973424498,-3.382954087419958,0.860742200670769,0.969674616241894,-0.234231994047880,0.204926215881344,-0.031863542502195,-0.026964165315810,0.097886142142027,-0.047408466722381,0.033206608350453,-0.031474535155156,-0.227957611465177,-0.017620323143397,1
26.990000000000002,8.849616118510610,-3.385297750032661,0.862796351856776,0.969353610748757,-0.234499974580975,0.205903489734925,-0.032337786963072,-0.026631789384823,0.097567155882276,-0.047546638904894,0.033297668122437,-0.032358036128865,-0.228134015785674,-0.017660404669147,1
27.000000000000000,8.859308029780141,-3.387644075809492,0.864860259675981,0.969027845363478,-0.234764623915507,0.206877526047369,-0.032816566591262,-0.026297639249863,0.097238286406440,-0.048312210738716,0.033560540703145,-0.033450043207177,-0.228310816832825,-0.017699668474187,1
27.009999999999998,8.868996659628509,-3.389993031410512,0.866933891332480,0.968697373244408,-0.235025951369829,0.207848258801479,-0.033267381552425,-0.025970639893743,0.096910357427561,-0.042026305891981,0.031887434719641,-0.032194064774045,-0.228488037430249,-0.017744299679754,1
27.020000000000003,8.878681963218964,-3.392344584203004,0.869017214114910,0.968362689843862,-0.235284087710007,0.208815769276209,-0.033660553079824,-0.025658942282100,0.096593255944023,-0.036778521878932,0.030498813400437,-0.031282839707762,-0.228665699799800,-0.017788022899242,1
27.030000000000001,8.888363901149077,-3.394698702993838,0.871110196284816,0.968024320189144,-0.235539171866762,0.209780148678874,-0.034006312799442,-0.025359742787853,0.096283585390799,-0.032538990314306,0.029386446098975,-0.030706190709472,-0.228843794861614,-0.017830838132651,1
27.039999999999999,8.898042438760102,-3.397055357840387,0.873212806847682,0.967682688479910,-0.235791315144748,0.210741454758365,-0.034314595095962,-0.025070319692411,0.095978050482966,-0.029278131322442,0.028542181763446,-0.030454039057275,-0.229022313535832,-0.017872745379981,1
27.049999999999997,8.907717545143472,-3.399414519778338,0.875325015223394,0.967338121046155,-0.236040602037662,0.211699712813015,-0.034595039997857,-0.024788032389731,0.095673456229936,-0.026966653537296,0.027957948936790,-0.030516404606229,-0.229201246742593,-0.017913744641232,1
27.060000000000002,8.917389192176802,-3.401776160557624,0.877446790926731,0.966990849277346,-0.236287091035385,0.212654916688615,-0.034856996062486,-0.024510320590364,0.095366706949684,-0.025575554102440,0.027625755756698,-0.030883405788350,-0.229380585402037,-0.017953835916404,1
27.070000000000000,8.927057353588976,-3.404140252386392,0.879578103257784,0.966641012522713,-0.236530815423170,0.213607029766572,-0.035109523261194,-0.024234703525511,0.095054805282981,-0.025076118671065,0.027537689955613,-0.031545259612610,-0.229560320434301,-0.017993019205497,1
27.079999999999998,8.936722004054158,-3.406506767682919,0.881718921002222,0.966288660962683,-0.236771784072871,0.214555985942207,-0.035361395864405,-0.023958779151075,0.094734851207625,-0.025439921405974,0.027685918860727,-0.032492281664941,-0.229740442759526,-0.018031294508512,1
27.090000000000003,8.946383118314341,-3.408875678835402,0.883869212141275,0.965933758451458,-0.237009982226205,0.215501690593197,-0.035621105326719,-0.023680223351713,0.094404041052666,-0.026638824979586,0.028062689393983,-0.033714886108233,-0.229920943297851,-0.018068661825448,1
27.100999999999999,8.957006228562282,-3.411484215035430,0.886245434616867,0.965540274275621,-0.237268754764012,0.216538063632253,-0.035925117161999,-0.023368233552557,0.094024550860435,-0.027865367839175,0.028451504923106,-0.035028499773161,-0.230119920543116,-0.018110024464754,1
27.109999999999999,8.965694632882112,-3.413620576839560,0.888198080972837,0.965215909676361,-0.237477940659946,0.217382885652258,-0.036146330846669,-0.023120079974217,0.093715726007253,-0.021482142307883,0.026745443793204,-0.033661522700648,-0.230283107833310,-0.018153673612026,1
27.119999999999997,8.975344981339939,-3.415996507861288,0.890376590056314,0.964853474308384,-0.237707831358066,0.218318379824375,-0.036331105784056,-0.022860621309506,0.093384920164080,-0.015699248670758,0.025208251460606,-0.032574233103277,-0.230464882881442,-0.018201158003806,1
27.130000000000003,8.984991697112918,-3.418374725057873,0.892564437703909,0.964489457873550,-0.237935198181918,0.219250612903845,-0.036464772640108,-0.022614695289350,0.093062773602393,-0.011253415903133,0.024036959914496,-0.031927271363050,-0.230647127433173,-0.018247574331647,1
27.140000000000001,8.994634766724696,-3.420755203806704,0.894761591664867,0.964124305308788,-0.238160158357894,0.220179649705967,-0.036560489462498,-0.022378701350402,0.092744954643878,-0.008102206111681,0.023219900702664,-0.031706342524149,-0.230829830807862,-0.018292922595547,1
27.149999999999999,9.004274180497477,-3.423137920479352,0.896968020122382,0.963758332085009,-0.238382793688129,0.221105512441495,-0.036630992149297,-0.022149155000299,0.092427273806918,-0.006203627269145,0.022745528080468,-0.031897302202099,-0.231012982324871,-0.018337202795507,1
27.159999999999997,9.013909931278334,-3.425522852093103,0.899183691274631,0.963391728406316,-0.238603151705077,0.222028182131076,-0.036688598907633,-0.021922686590586,0.092105682300887,-0.005516133214355,0.022602419010834,-0.032486156583769,-0.231196571303559,-0.018380414931526,1
27.170999999999999,9.024505019397143,-3.428148808065017,0.901631566412443,0.962987815132556,-0.238842931458588,0.223039359526129,-0.036751267911178,-0.021673243647330,0.091742752823589,-0.006109652785275,0.022814125155468,-0.033576947370005,-0.231399011701014,-0.018426714667296,1
27.180000000000000,9.033170420527266,-3.430299269431142,0.903642632115531,0.962656789049653,-0.239037061422075,0.223863668885687,-0.036812335764682,-0.021466071855597,0.091435266539765,-0.007610444153744,0.023264912918801,-0.034802327062472,-0.231565018923418,-0.018463635011743,1
27.189999999999998,9.042795146433420,-3.432690709442490,0.905885834700875,0.962288244614447,-0.239250547058005,0.224776254560625,-0.036901053950889,-0.021229749409275,0.091079034606939,-0.010311386155992,0.024048283360102,-0.036502408389967,-0.231749856203310,-0.018503642955942,1
27.200000000000003,9.052416181964940,-3.435084272351428,0.908138145033551,0.961918660296156,-0.239461625475662,0.225685187132911,-0.037022061300941,-0.020984150207096,0.090704073638146,-0.014061686962124,0.025118452281361,-0.038545914882106,-0.231935088222324,-0.018542582836199,1
27.210000000000001,9.062033515496619,-3.437479933728127,0.910399525773645,0.961547885165340,-0.239670250955642,0.226590335812868,-0.037118903104546,-0.020744718544589,0.090328925990544,-0.005623570507203,0.022854507448463,-0.036587378456061,-0.232120780557283,-0.018595672489488,1
27.219999999999999,9.071647137762561,-3.439877669743853,0.912669939543815,0.961176532097317,-0.239876586726138,0.227491820655042,-0.037140764813100,-0.020525356552043,0.089970286080878,0.000944891724554,0.021101620926184,-0.035240846367268,-0.232306997438790,-0.018647492145724,1
27.229999999999997,9.081257046423415,-3.442277458420545,0.914949350429946,0.960805258463342,-0.240080808219861,0.228389776487701,-0.037106027359472,-0.020321040242969,0.089622139098945,0.005706703512285,0.019842505818146,-0.034485311447673,-0.232493726166874,-0.018698041804908,1
27.240000000000002,9.090863244804991,-3.444679279286138,0.917237723568962,0.960434540963719,-0.240283041490758,0.229284279037425,-0.037032445181548,-0.020126917527037,0.089278679122253,0.008724160073221,0.019060069788331,-0.034300003322553,-0.232680954041565,-0.018747321467039,1
27.250000000000000,9.100465740122701,-3.447083112889342,0.919535024568200,0.960064681857327,-0.240483364923246,0.230175347006138,-0.036937153307850,-0.019938306264478,0.088934306748094,0.010058848062680,0.018737415061077,-0.034664388410505,-0.232868668362891,-0.018795331132118,1
27.259999999999998,9.110064541768052,-3.449488940331413,0.921841218945465,0.959695815120283,-0.240681810921991,0.231062944124472,-0.036836674443159,-0.019750692320476,0.088583626725604,0.009771645574077,0.018857838421082,-0.035558169923453,-0.233056856430884,-0.018842070800144,1
27.270000000000003,9.119659659656298,-3.451896742814727,0.924156271589478,0.959327912533750,-0.240878367582231,0.231946981181442,-0.036746926054128,-0.019559727619566,0.088221445587834,0.007922722138911,0.019404831213400,-0.036961287866648,-0.233245505545571,-0.018887540471117,1
27.280999999999999,9.130210045083432,-3.454547583865499,0.926713017473437,0.958924108690563,-0.241092331368349,0.232915141337061,-0.036678862453007,-0.019340807615171,0.087803808040450,0.004156064192447,0.020479745912579,-0.039069349255514,-0.233453536923244,-0.018936090262592,1
27.289999999999999,9.138838876950102,-3.456718195627611,0.928812804990948,0.958594111992975,-0.241265553606722,0.233703765571590,-0.036660306892761,-0.019151172268304,0.087442800810636,-0.000223152254636,0.021713463276992,-0.041216477031394,-0.233624136115148,-0.018974669821906,1
27.299999999999997,9.148422984776982,-3.459131805035953,0.931154207805602,0.958227400424596,-0.241455952374804,0.234576087710318,-0.036692308633683,-0.018925698253346,0.087016937845481,-0.006403306959559,0.023443058040168,-0.044029612230068,-0.233814092170097,-0.019016329501722,1
27.310000000000002,9.158003423564951,-3.461547307063069,0.933504312310333,0.957860341503634,-0.241644086851846,0.235444102487997,-0.036702147600775,-0.018705860197389,0.086590345964865,0.003995074239599,0.020644792699162,-0.041432116631812,-0.234004510945958,-0.019067183360175,1
27.320000000000000,9.167580192895505,-3.463964679879588,0.935863076030587,0.957493660468450,-0.241830150947263,0.236307967018645,-0.036621055871716,-0.018510441439584,0.086185481344575,0.011798799761038,0.018554825931213,-0.039678884370119,-0.234195430991095,-0.019116583356920,1
27.329999999999998,9.177153300665593,-3.466383903885701,0.938230458410864,0.957128138485119,-0.242014353875025,0.237167856887671,-0.036474502920074,-0.018332489636580,0.085794058982305,0.017103092096184,0.017147082458297,-0.038738453511320,-0.234386837766891,-0.019164529491957,1
27.340000000000003,9.186722761326156,-3.468804961230455,0.940606420242495,0.956764306766686,-0.242196836624115,0.238023866397132,-0.036287011819028,-0.018165311601870,0.085408106566740,0.020002008830598,0.016395806189411,-0.038579747790776,-0.234578716734728,-0.019211021765286,1
27.350000000000001,9.196288593429726,-3.471227835142399,0.942990922866375,0.956402455978930,-0.242377674534133,0.238876011673352,-0.036082170890432,-0.018002470113923,0.085019960620866,0.020588442643969,0.016275560220570,-0.039172076612885,-0.234771053355991,-0.019256060176907,1
27.359999999999999,9.205850817271530,-3.473652509285852,0.945383927406590,0.956042645529631,-0.242556879838990,0.239724233735992,-0.035882645353872,-0.017837780724314,0.084622262645281,0.018954121310132,0.016761226834808,-0.040485135051073,-0.234963833092061,-0.019299644726820,1
27.369999999999997,9.215409452622852,-3.476078967142417,0.947785394034535,0.955684712741346,-0.242734404178679,0.240568401528534,-0.035710188975726,-0.017665308565849,0.084207955261502,0.015189607697056,0.017828007502178,-0.042489003847801,-0.235157041404321,-0.019341775415025,1
27.380000000000003,9.224964516555548,-3.478507191417479,0.950195281263139,0.955328281907697,-0.242910141079129,0.241408314910213,-0.035585655718221,-0.017479365160701,0.083770278355277,0.009384299766838,0.019451422879753,-0.045154149414565,-0.235350663754156,-0.019382452241523,1
27.390999999999998,9.235470976365528,-3.481180256033359,0.952855830621723,0.954937244889133,-0.243101192061261,0.242326986088565,-0.035527823314808,-0.017252776361353,0.083254132605730,0.000746615002054,0.021851267263035,-0.048814807672898,-0.235564109200531,-0.019425517540397,1
27.399999999999999,9.244063972531263,-3.483368862774566,0.955040139254796,0.954617411656403,-0.243255550751382,0.243074250138250,-0.035559345287640,-0.017045523494649,0.082799238699491,-0.007996931725906,0.024271836328896,-0.052352064849324,-0.235739092412076,-0.019459444309393,1
27.411000000000001,9.254562610894782,-3.486045699686586,0.957718953683343,0.954225776009473,-0.243441582459993,0.243981857641884,-0.035641816911173,-0.016779795904716,0.082220479164721,-0.006214353222557,0.023828443805530,-0.052621758209242,-0.235953449040772,-0.019515643931707,1
27.420000000000002,9.263149198654695,-3.488237350620919,0.959918113924903,0.953904757311318,-0.243591637648126,0.244719704463796,-0.035695484314889,-0.016565800500127,0.081744505255401,-0.006088050490976,0.023828681126236,-0.053271945832900,-0.236129296994745,-0.019561450954858,1
27.430999999999997,9.273639989953930,-3.490917855549321,0.962614964318653,0.953511697610749,-0.243772407774501,0.245615640762498,-0.035775133900132,-0.016299995063923,0.081149767899520,-0.008931649978796,0.024646216629879,-0.055036004566188,-0.236344772527722,-0.019615577758372,1
27.441000000000003,9.283173316494873,-3.493356390465758,0.965075168948639,0.953153421607443,-0.243934153488448,0.246424348603992,-0.035888939560428,-0.016046664988208,0.080587652803438,-0.014253372432154,0.026135323730371,-0.057523918871914,-0.236541166869823,-0.019663008910637,1
27.450000000000003,9.291750241863383,-3.495552444508225,0.967296244813785,0.952829757163299,-0.244077490886197,0.247147270407052,-0.036046870793773,-0.015803209359490,0.080057246894710,-0.021170845795824,0.028055410384380,-0.060450036680041,-0.236718320568942,-0.019704251563868,1
27.460000000000001,9.301276733177783,-3.497994004795060,0.969771710148766,0.952468073875112,-0.244234077040052,0.247944757173844,-0.036306363388450,-0.015509439463698,0.079433472750700,-0.031114867237679,0.030804057926359,-0.064429638423545,-0.236915585589278,-0.019748470752115,1
27.469999999999999,9.310799592931488,-3.500437115770717,0.972255118468542,0.952103260215058,-0.244387577643443,0.248735794890408,-0.036676722287067,-0.015185070307585,0.078766219541847,-0.043325187717858,0.034170088389155,-0.069139633422482,-0.237113284348960,-0.019790999432984,1
27.479999999999997,9.320318783904462,-3.502881744948122,0.974746402988473,0.951734096090221,-0.244537656350163,0.249519912865812,-0.037180045637825,-0.014824082538344,0.078048368925498,-0.057689111179722,0.038122681030893,-0.074542993384875,-0.237311399942913,-0.019831837606475,1
27.491000000000000,9.330785595804505,-3.505572547302301,0.977495827061439,0.951321271382525,-0.244698317521271,0.250373803830147,-0.037912281148880,-0.014377891593152,0.077192247057651,-0.075844334966019,0.043111774809183,-0.081243990922890,-0.237529788363640,-0.019874807061294,1
27.500000000000000,9.339345942094397,-3.507775409091947,0.979752307531746,0.950976770311134,-0.244825912426391,0.251065163773533,-0.038668400685581,-0.013969699133343,0.076434234679788,-0.092435154230062,0.047666506025094,-0.087284385675800,-0.237708814013340,-0.019908442431324,1
27.509999999999998,9.348853760842045,-3.510224358719954,0.982266766261114,0.950585410039615,-0.244963210644096,0.251825111956296,-0.039610440367451,-0.013488035725984,0.075551977137285,-0.096504613271026,0.048811007278953,-0.089338379868521,-0.237908117856273,-0.019952017963242,1
27.520000000000003,9.358357618075093,-3.512674657020363,0.984788779974709,0.950184373360292,-0.245095620695711,0.252576117949189,-0.040608871669521,-0.012990652808196,0.074644126286904,-0.103687764437147,0.050803383332969,-0.092394637807826,-0.238107848208765,-0.019993744343212,1
27.530000000000001,9.367857413697328,-3.515126254185974,0.987318257806017,0.949772943234168,-0.245222943692254,0.253317876543752,-0.041694063926537,-0.012469281328820,0.073700910519850,-0.113831473275639,0.053601799468098,-0.096403079223349,-0.238307986579297,-0.020033621571235,1
27.539999999999999,9.377353038949122,-3.517579098014195,0.989855105356176,0.949350106547339,-0.245344900135501,0.254049987306907,-0.042894866614155,-0.011916067444406,0.072713055266122,-0.126784902420077,0.057165048861445,-0.101314376626280,-0.238508514476350,-0.020071649647310,1
27.551000000000002,9.387793265948366,-3.520278599907157,0.992654031543988,0.948870259079997,-0.245472426801079,0.254843577645910,-0.044381880829584,-0.011261880735821,0.071564385333575,-0.144101687147380,0.061919593393143,-0.107701650982968,-0.238729522996611,-0.020111344760493,1
27.560000000000002,9.396331282824603,-3.522488300199380,0.994950508839693,0.948464770934099,-0.245571216984316,0.255483217004785,-0.045751239713505,-0.010684735451444,0.070568768045729,-0.160529057592859,0.066424359611930,-0.113651993346883,-0.238910664883939,-0.020142158343618,1
27.570000000000000,9.405813615391770,-3.524944535309081,0.997508850209900,0.947998900010417,-0.245674652119427,0.256183102968596,-0.047457116518835,-0.009992929183892,0.069396204382703,-0.181029594320099,0.072041146803990,-0.120983421594688,-0.239112250411436,-0.020174638963850,1
27.579999999999998,9.415291200444456,-3.527401769217948,1.000074130559372,0.947514907550413,-0.245770878087745,0.256870884648278,-0.049379262483687,-0.009241891635371,0.068146722784652,-0.203759472751102,0.078264218924122,-0.129027923690174,-0.239314151499376,-0.020205270432134,1
27.590000000000003,9.424763845588124,-3.529859926773295,1.002646224882435,0.947010521727509,-0.245859272899285,0.257545757973320,-0.051539272351189,-0.008425750816556,0.066813420958320,-0.228579340951222,0.085055508630154,-0.137739936052296,-0.239516349656239,-0.020234052748471,1
27.600000000000001,9.434231334653351,-3.532318926315252,1.005224999795151,0.946483261697009,-0.245939157737073,0.258206852115908,-0.053957358830549,-0.007539012272067,0.065389848482358,-0.255352144072092,0.092377576476037,-0.147074647881534,-0.239718826390506,-0.020260985912860,1
27.609999999999999,9.443693427944844,-3.534778679745470,1.007810313622405,0.945931355149497,-0.246010046797570,0.258853525445013,-0.056383384337520,-0.006649792777322,0.063956743627022,-0.231006824162991,0.085780301775535,-0.139917085247355,-0.239921733355108,-0.020319992053471,1
27.619999999999997,9.453149884641428,-3.537239098627120,1.010402023628837,0.945356291600213,-0.246072342503514,0.259486188973002,-0.058600023347918,-0.005817276406518,0.062584269646314,-0.213420089619688,0.081022023852528,-0.134930718817284,-0.240125217932492,-0.020376508469017,1
27.630000000000003,9.462600482529618,-3.539700099559033,1.012999992390537,0.944759832438477,-0.246126521423117,0.260105342217118,-0.060673227817905,-0.005023518638650,0.061251244358602,-0.202266036606569,0.078013892181816,-0.132009876884682,-0.240329255225405,-0.020430535159500,1
27.640000000000001,9.472045013766323,-3.542161603023242,1.015604086437196,0.944143095741672,-0.246172885098027,0.260711278127929,-0.062665716935207,-0.004251456293096,0.059937533768060,-0.197224015273208,0.076668489212526,-0.131050593995177,-0.240533820336598,-0.020482072124918,1
27.649999999999999,9.481483278606502,-3.544623531678552,1.018214174238576,0.943506588340230,-0.246211568785078,0.261304093485887,-0.064637029658974,-0.003484893199870,0.058624035002146,-0.197978629754320,0.076899830368095,-0.131950610946660,-0.240738888368820,-0.020531119365271,1
27.660000000000004,9.490915079448817,-3.547085808740798,1.020830124294067,0.942850237357219,-0.246242550054751,0.261883699127238,-0.066643577259632,-0.002708485869878,0.057292659249073,-0.204219738169800,0.078623364046284,-0.134609374789287,-0.240944434424820,-0.020577676880561,1
27.670000000000002,9.500340215194047,-3.549548356448377,1.023451803323666,0.942173421222530,-0.246265657246335,0.262449829999318,-0.068738695858726,-0.001907729165181,0.055926314695298,-0.215642452624691,0.081755971619172,-0.138928038825475,-0.241150433607348,-0.020621744670787,1
27.680000000000000,9.509758475911086,-3.552011094611613,1.026079074558662,0.941475000161667,-0.246280577779785,0.263002055045229,-0.070972698968781,-0.001068941969244,0.054508889462987,-0.231947139209215,0.086215967433155,-0.144809462609912,-0.241356861019152,-0.020663322735948,1
27.691000000000003,9.520110354412571,-3.554720226185137,1.028975362404438,0.940679826422785,-0.246286999510042,0.263592735938563,-0.073646931065685,-0.000087012599322,0.052872671498961,-0.255169786587683,0.092559357430652,-0.152970166482920,-0.241584396062083,-0.020706182975176,1
27.700000000000003,9.528573458482830,-3.556936801277596,1.031349819554725,0.940006372396444,-0.246283952823551,0.264062291523395,-0.076043814965866,0.000773414233906,0.051461146754864,-0.278030163053880,0.098798546041600,-0.160880558903601,-0.241770900941590,-0.020739009691078,1
27.710000000000001,9.537969672866302,-3.559399585447075,1.033992988427327,0.939231704167838,-0.246271189013898,0.264568743062021,-0.078924688243664,0.001788865376567,0.049816931627158,-0.298939380846383,0.104507716321830,-0.168216456479916,-0.241978478829139,-0.020776140476244,1
27.719999999999999,9.547357992842858,-3.561862190201079,1.036641138319263,0.938427103569005,-0.246247963988576,0.265058360680482,-0.082037975766096,0.002867746264410,0.048091907712619,-0.324460749463858,0.111470251220805,-0.177025391383034,-0.242186415204262,-0.020810707205730,1
27.729999999999997,9.556738106712409,-3.564324507550618,1.039294096609600,0.937590021051731,-0.246213582199613,0.265530264323591,-0.085428240957610,0.004022165897815,0.046271849207965,-0.354283631316317,0.119601488567659,-0.187206767278646,-0.242394684426401,-0.020842709879536,1
27.741000000000000,9.567046347946295,-3.567032586537825,1.042217686757531,0.936628145248806,-0.246161903248967,0.266027680670492,-0.089526865550116,0.005392701324095,0.044144259913130,-0.391693490310723,0.129796616395694,-0.199873720037981,-0.242624134407054,-0.020874951336410,1
27.750000000000000,9.575472326820384,-3.569247809218737,1.044613699102879,0.935806091543840,-0.246107990026924,0.266416733032126,-0.093202631791930,0.006601880362373,0.042294688322709,-0.425620759472997,0.139039431649525,-0.211293986593835,-0.242812118849502,-0.020899023060104,1
27.759999999999998,9.584825655003291,-3.571708535398474,1.047279945393533,0.934852115772911,-0.246034837193179,0.266828890972810,-0.097660734280520,0.008047264212204,0.040114040263770,-0.466543105703948,0.150184822770782,-0.225008167228497,-0.243021232769350,-0.020923333566867,1
27.770000000000003,9.594169213569520,-3.574168455886894,1.049950201903130,0.933851459712915,-0.245946658827214,0.267218539854936,-0.102543885630193,0.009608396883864,0.037791228138504,-0.510583165023427,0.162176287112426,-0.239711463285851,-0.243230576973988,-0.020945080017949,1
27.780000000000001,9.603502513955894,-3.576627414503434,1.052624236271845,0.932799721701777,-0.245842256421366,0.267584210107787,-0.107881851763560,0.011293354512384,0.035316817713254,-0.557459674948117,0.174937172231557,-0.255312808315280,-0.243440125822857,-0.020964262413351,1
27.789999999999999,9.612825022140981,-3.579085242691358,1.055301800987536,0.931692216383400,-0.245720354512543,0.267924342339863,-0.113701615353517,0.013109454718101,0.032682275888981,-0.606897248016136,0.188392427630898,-0.271723041842939,-0.243649853675402,-0.020980880753071,1
27.799999999999997,9.622136155946290,-3.581541758785862,1.057982632532269,0.930524002246413,-0.245579608187277,0.268237296254932,-0.120027434573443,0.015063272626102,0.029879951641501,-0.658626371786922,0.202468604758758,-0.288854909371717,-0.243859734891066,-0.020994935037111,1
27.810000000000002,9.631435281197216,-3.583996766971942,1.060666450162314,0.929289346625822,-0.245418457495882,0.268521178495991,-0.127047909982632,0.017206106994814,0.026849300037384,-0.745157167646901,0.226013009124807,-0.317172349014834,-0.244069681347813,-0.020993983956246,1
27.820000000000000,9.640721694524968,-3.586450052606835,1.063352950388618,0.927980191229068,-0.245234709865885,0.268773348774227,-0.134924201847788,0.019581787928559,0.023538613439822,-0.829775237096970,0.249033976026062,-0.344857186847059,-0.244279607123073,-0.020990798739935,1
27.829999999999998,9.649994608463347,-3.588901378167046,1.066041802196410,0.926588074958354,-0.245026063394366,0.268991038837946,-0.143636754986701,0.022184964127852,0.019954357914621,-0.912395482355459,0.271508253230014,-0.371881572200719,-0.244489489875493,-0.020985379388180,1
27.840000000000003,9.659253151926979,-3.591350483381459,1.068732647216310,0.925104736474009,-0.244790270840734,0.269171546472758,-0.153165177814600,0.025010055752952,0.016103273268096,-0.992935720692197,0.293413384918509,-0.398218607641898,-0.244699307263718,-0.020977725900979,1
27.850000000000001,9.668496372250246,-3.593797085789248,1.071425100398220,0.923522122412765,-0.244525141872317,0.269312238191321,-0.163488271494651,0.028051262388002,0.011992363514739,-1.071316684428333,0.314727711687702,-0.423842348970389,-0.244909036946395,-0.020967838278332,1
27.859999999999999,9.677723237306937,-3.596240881319863,1.074118750711658,0.921832395314520,-0.244228545230295,0.269410551827760,-0.174584059088509,0.031302571005185,0.007628887344868,-1.147462020936684,0.335430370548151,-0.448727805219800,-0.245118656582167,-0.020955716520241,1
27.869999999999997,9.686932637707681,-3.598681544894259,1.076813161871545,0.920027941257603,-0.243898410816004,0.269463999036764,-0.186429814706807,0.034757763928860,0.003020348592299,-1.221298292641503,0.355501294924751,-0.472850938657481,-0.245328143829681,-0.020941360626704,1
27.880000000000003,9.696123389072321,-3.601118731046603,1.079507873088506,0.918101377202529,-0.243532731697591,0.269470167697360,-0.199002092659689,0.038410426799709,-0.001825513298000,-1.292754977018584,0.374921214656767,-0.496188664784558,-0.245537476347583,-0.020924770597722,1
27.890000000000001,9.705294234374197,-3.603552074565632,1.082202399842731,0.916045558044260,-0.243129566037032,0.269426724221364,-0.212276756607286,0.042253956538869,-0.006900732802227,-1.361764466595069,0.393671655997780,-0.518718852335869,-0.245746631794517,-0.020905946433295,1
27.899999999999999,9.714443846353580,-3.605981191154910,1.084896234680460,0.913853583372939,-0.242687038937502,0.269331415766502,-0.226229008710285,0.046281569312096,-0.012197127850110,-1.428262068949739,0.411734941615764,-0.540420323280063,-0.245955587829131,-0.020884888133423,1
27.909999999999997,9.723570852951081,-3.608405684346888,1.087588855372116,0.911527922737467,-0.242205821463144,0.269184988293804,-0.238129046194176,0.049751626272949,-0.016841523672638,-0.963749001362032,0.285536420261451,-0.392292207784493,-0.246165183026419,-0.021032989284463,1
27.923999999999999,9.736308532021557,-3.611791577412978,1.091355636230814,0.908118180428119,-0.241486345647376,0.268916664279748,-0.247732063394509,0.052692383423052,-0.021093604404362,-0.430019211853471,0.140521628882192,-0.222143778778878,-0.246461030217337,-0.021228617534243,1
27.930000000000000,9.741752768213672,-3.613239542445416,1.092968749097711,0.906625219103517,-0.241167980253371,0.268786477393345,-0.249732172422782,0.053377911751423,-0.022241621291862,-0.240465818885424,0.089014905091668,-0.161736087455419,-0.246588642149550,-0.021308274869263,1
27.939999999999998,9.750806505589061,-3.615648541742309,1.095655478616765,0.904120571891927,-0.240631026998135,0.268557471152108,-0.250752601282658,0.053891898086733,-0.023417966788763,0.026400532501606,0.016492471810438,-0.076719143770867,-0.246802366630611,-0.021435459303023,1
27.950000000000003,9.759835187486143,-3.618052157225680,1.098339872639454,0.901618081952233,-0.240092293389609,0.268320638868333,-0.249397279390724,0.053760205010729,-0.023837657055836,0.235328551900989,-0.040295986846945,-0.010199041105468,-0.247017328094814,-0.021555671497689,1
27.960000000000001,9.768838944769069,-3.620450400797183,1.101021887706557,0.899138673916578,-0.239557466920681,0.268082642730499,-0.246226415783881,0.053134963364109,-0.023679529214345,0.390137862932618,-0.082388113515265,0.039045606066240,-0.247233456819768,-0.021668911453261,1
27.969999999999999,9.777818090170676,-3.622843333798765,1.103701538241239,0.896697859784610,-0.239030765244116,0.267848417137923,-0.241762480252086,0.052158051715420,-0.023110352698099,0.494556691365213,-0.110796719990201,0.072206949709856,-0.247450683083082,-0.021775179169739,1
27.979999999999997,9.786773066037853,-3.625231052822737,1.106378879869654,0.894306111746072,-0.238515037453736,0.267621287915956,-0.236491117316869,0.050961344669446,-0.022285121589050,0.552221865115695,-0.126509787228156,0.090447908230912,-0.247668937162366,-0.021874474647123,1
27.991000000000000,9.796596249648756,-3.627851663573396,1.109321386349853,0.891738647026450,-0.237962261135905,0.267381788672205,-0.230295746908081,0.049536567192075,-0.021252569299325,0.565881828782900,-0.130279592145874,0.094632098394292,-0.247910120563349,-0.021975646736093,1
28.000000000000000,9.804612638785585,-3.629991333397333,1.111726973064525,0.889688676615676,-0.237521647417593,0.267194273843111,-0.225290044851241,0.048387512836344,-0.020429349174683,0.541381570979798,-0.123677073622584,0.086674175727389,-0.248108249879277,-0.022052148884611,1
28.009999999999998,9.813498331409114,-3.632364145714591,1.114397902428367,0.887454922533206,-0.237041805433669,0.266991781102767,-0.222240293033558,0.047792491149452,-0.020318415360589,0.073655159340475,0.003290929584531,-0.062860019416039,-0.248328549662901,-0.022007306390519,1
28.020000000000003,9.822361762289834,-3.634732168545375,1.117066787893828,0.885228784899117,-0.236561702528755,0.266783082653959,-0.223716568263878,0.048426062527068,-0.021654432039667,-0.363958979623589,0.122078194269610,-0.202758878463253,-0.248548385978093,-0.021959455198166,1
28.030000000000001,9.831202786275853,-3.637095339205130,1.119733496651465,0.882966495574031,-0.236069458152162,0.266554186472893,-0.229421789420094,0.050207515822089,-0.024342330562908,-0.772267904298127,0.232903626896224,-0.333278948331847,-0.248767728737870,-0.021908595307551,1
28.039999999999999,9.840020835253766,-3.639453480202955,1.122397760682377,0.880627217003118,-0.235553987953464,0.266292038434465,-0.239066908087640,0.053058318717254,-0.028289595886275,-1.152071097804738,0.335984086969638,-0.454674403097425,-0.248986547855250,-0.021854726718675,1
28.051000000000002,9.849692993578858,-3.642041283553748,1.125325153708689,0.877919833724393,-0.234947862704209,0.265950805254253,-0.253891873152632,0.057338212271676,-0.033978834003354,-1.537875407162474,0.440683467449709,-0.577970926867745,-0.249226608168585,-0.021791996224421,1
28.060000000000002,9.857583793561117,-3.644153436122046,1.127717261698314,0.875568515894939,-0.234412883778366,0.265620307511399,-0.269060353320264,0.061664615370696,-0.039604792411526,-1.829320347473511,0.519767292684649,-0.671096299409983,-0.249422494814887,-0.021737963446141,1
28.070000000000000,9.866325708034426,-3.646494391633250,1.130371368600962,0.872781355423624,-0.233768867952359,0.265189078299765,-0.288870064820026,0.067273754417401,-0.046800247994353,-2.128327493551989,0.600893522543548,-0.766619224896256,-0.249639562483178,-0.021675068762482,1
28.079999999999998,9.875038711650143,-3.648828613298216,1.133020787860092,0.869781573729393,-0.233064820256612,0.264681254928380,-0.311542292195208,0.073659492701943,-0.054910071682350,-2.401951088295651,0.675121748283983,-0.854010503158255,-0.249855986161142,-0.021609165380562,1
28.090000000000003,9.883720539269012,-3.651155463109321,1.135664709160849,0.866541802106044,-0.232293316146679,0.264088096250168,-0.336827014279179,0.080753885012502,-0.063854160529969,-2.650952738499942,0.742658594618190,-0.933512444059899,-0.250071735761795,-0.021540253300380,1
28.100000000000001,9.892368664439141,-3.653474232176396,1.138302238741769,0.863037134104967,-0.231447600233111,0.263401650071564,-0.364481788096878,0.088491042149573,-0.073554822826070,-2.876086475694585,0.803708639299666,-1.005364984622615,-0.250286781198156,-0.021468332521938,1
28.109999999999999,9.900980323640985,-3.655784147315844,1.140932407164153,0.859245050140267,-0.230521565825942,0.262614729161476,-0.394271670655529,0.096807109788180,-0.083936753576369,-3.078098277655951,0.858474282976072,-1.069805535323622,-0.250501230997275,-0.021421030443654,1
28.119999999999997,9.909552539782219,-3.658084377436214,1.143554176842760,0.855145342865487,-0.229509734687678,0.261720887502040,-0.425969146155064,0.105640248814241,-0.094927011726827,-3.257727578636002,0.907156159966648,-1.127069465217719,-0.250715189869862,-0.021370147215337,1
28.130000000000003,9.918082144949949,-3.660374039722297,1.146166449340101,0.850720043256350,-0.228407236976989,0.260714396760125,-0.459354052403384,0.114930615444645,-0.106454997131609,-3.415705679648273,0.949952705865116,-1.177389591282983,-0.250928622004415,-0.021315682836987,1
28.140000000000001,9.926565802427573,-3.662652205619667,1.148768072426653,0.845953347471712,-0.227209791402715,0.259590223002758,-0.494213502342714,0.124620340017565,-0.118452425950616,-3.552756306557928,0.987060309338374,-1.220996357692696,-0.251141491589435,-0.021257637308603,1
28.149999999999999,9.935000027984126,-3.664917906621822,1.151357846909455,0.840831544480958,-0.225913685584994,0.258344003652701,-0.530341808298261,0.134653506523229,-0.130853306921481,-3.669595610082436,1.018673312126688,-1.258117835815553,-0.251353762813420,-0.021196010630187,1
28.159999999999997,9.943381210443690,-3.667170139861965,1.153934533231418,0.835342944448937,-0.224515756621089,0.256972024681323,-0.567540406226645,0.144976132134626,-0.143593917631491,-3.766932165791106,1.044984009043557,-1.288979724215522,-0.251565399864872,-0.021130802801738,1
28.170000000000002,9.951705631542408,-3.669407873511441,1.156496857843776,0.829477807878406,-0.223013371855909,0.255471198038732,-0.605617779964464,0.155536146738257,-0.156612780789561,-3.845466974105255,1.066182647975766,-1.313805348651890,-0.251776366932288,-0.021062013823255,1
28.180000000000000,9.959969485080734,-3.671630051986930,1.159043519353997,0.823228275509996,-0.221404409857222,0.253839039321214,-0.644389385476707,0.166283372464832,-0.169850640498148,-3.905893460297998,1.082457429883324,-1.332815662079204,-0.251986628204170,-0.020989643694739,1
28.189999999999998,9.968168895378483,-3.673835600968401,1.161573194451588,0.816588298979667,-0.219687241595552,0.252073645675924,-0.683677575105437,0.177169503220051,-0.183250438525255,-3.948897474494586,1.093994508799558,-1.346229244647370,-0.252196147869016,-0.020913692416190,1
28.200000000000003,9.976299935040233,-3.676023432229897,1.164084543614108,0.809553572233702,-0.217860711828780,0.250173673942874,-0.723311521818231,0.188148084215314,-0.196757290576364,-3.975157291672175,1.100977991831052,-1.354262303701587,-0.252404890115327,-0.020834159987609,1
28.210000000000001,9.984358642038615,-3.678192448285170,1.166576216595788,0.802121463701228,-0.215924120691438,0.248138319034209,-0.763127143456610,0.199174491498429,-0.210318462566357,-3.985343611659836,1.103589939157644,-1.357128673782348,-0.252612819131602,-0.020751046408994,1
28.219999999999999,9.992341036123216,-3.680341546850268,1.169046857701151,0.794290949224204,-0.213877205488680,0.245967292550736,-0.802967026984732,0.210205911484393,-0.223883346891525,-3.980119559138660,1.102010364032460,-1.355039816625468,-0.252819899106340,-0.020664351680346,1
28.231000000000002,10.001028775108145,-3.682681234464376,1.171738652721218,0.785217885780083,-0.211498373293147,0.243422724248858,-0.846639112954718,0.222297354275441,-0.238751179017765,-3.957356293461829,1.095643964698321,-1.347268263134149,-0.253046663694552,-0.020564851250544,1
28.240000000000002,10.008060967226328,-3.684575583895715,1.173919624407915,0.777438245751275,-0.209453430157429,0.241219528066207,-0.882122818670624,0.232121464245051,-0.250832312171149,-3.926054959553821,1.086986464805580,-1.336830403518553,-0.253231368685207,-0.020480218772950,1
28.250000000000000,10.015790591016957,-3.686658331460433,1.176319055869402,0.768421452478889,-0.207078069503927,0.238644607580966,-0.921156564606056,0.242928837462134,-0.264125596772644,-3.878502786112107,1.073891932576477,-1.321120907016678,-0.253435686666334,-0.020382780594203,1
28.259999999999998,10.023428103655529,-3.688716787380012,1.178692076254781,0.759016915871613,-0.204595348755804,0.235937609446604,-0.959650096483651,0.253587663328324,-0.277240953547318,-3.818116987405412,1.057305461640771,-1.301278302173475,-0.253639012359924,-0.020281761265422,1
28.270000000000003,10.030969656832195,-3.690749886055764,1.181037374364457,0.749230669298903,-0.202006925145329,0.233100516260290,-0.997478210608112,0.264063873055432,-0.290138051377665,-3.745522812374543,1.037396830617914,-1.277502186701269,-0.253841309954476,-0.020177160786609,1
28.280000000000001,10.038411468727077,-3.692756580136547,1.183353660808193,0.739069967030994,-0.199314788137845,0.230135703990033,-1.034521917897733,0.274325085406807,-0.302778543259254,-3.661337934812425,1.014333771200672,-1.249989785507749,-0.254042543638489,-0.020068979157762,1
28.289999999999999,10.045749835909836,-3.694735843757074,1.185639671840016,0.728543222471479,-0.196521242658585,0.227045922252184,-1.070668368133074,0.284340586228116,-0.315126042572733,-3.566172453363793,0.988281968155040,-1.218935950695858,-0.254242677600464,-0.019957216378882,1
28.299999999999997,10.052981144625312,-3.696686675609479,1.187894172997067,0.717659947147475,-0.193628892524204,0.223834274826229,-1.105810774205379,0.294081307978043,-0.327146099355745,-3.460628891525390,0.959405059320292,-1.184533161563865,-0.254441676028900,-0.019841872449969,1
28.310000000000002,10.060101881472869,-3.698608101850262,1.190115962544799,0.706430690457255,-0.190640624078994,0.220504200406859,-1.139848336365138,0.303519809259039,-0.338806176574903,-3.345302197645828,0.927864635608953,-1.146971524605316,-0.254639503112297,-0.019722947371023,1
28.320000000000000,10.067108643486979,-3.700499178844580,1.192303874730879,0.694866980175446,-0.187559590035796,0.217059453593326,-1.172686166470521,0.312630254348026,-0.350075626397708,-3.220779744925938,0.893820241006884,-1.106438773509146,-0.254836123039154,-0.019600441142044,1
28.329999999999998,10.073998147626719,-3.702358995750003,1.194456782850167,0.682981263715660,-0.184389193521594,0.213504086116064,-1.204235212236035,0.321388392727171,-0.360925666464548,-3.087641331418255,0.857429372573149,-1.063120269159520,-0.255031499997971,-0.019474353763032,1
28.341000000000001,10.081437408835161,-3.704367644991984,1.196783258717441,0.669550967159681,-0.180802892026738,0.209470591131990,-1.237351377461595,0.330588401400682,-0.372344193018689,-2.931920363862970,0.814874708678236,-1.012470694841485,-0.255244936283558,-0.019331521417831,1
28.350000000000001,10.087412902601319,-3.705981384281357,1.198653292390214,0.658297852990376,-0.177795083365301,0.206079070768779,-1.263139466377851,0.337758550495099,-0.381261572887918,-2.797797938509690,0.778227967813342,-0.968855580213157,-0.255418381765484,-0.019211435554909,1
28.359999999999999,10.093932264257427,-3.707742319231154,1.200694860624066,0.645529133716506,-0.174379287324028,0.202218846377171,-1.290345067701106,0.345329810650914,-0.390698988337107,-2.642214679473947,0.735722190971819,-0.918268253361367,-0.255609814951179,-0.019074604725797,1
28.369999999999997,10.100322604643623,-3.709468724816054,1.202697363262803,0.632496246075866,-0.170889933537428,0.198266812392886,-1.315962519075477,0.352467204692427,-0.399620044759574,-2.480258900380491,0.691479459267670,-0.865612888745951,-0.255799861922833,-0.018934192746653,1
28.380000000000003,10.106581362523148,-3.711159887435243,1.204659908365868,0.619215381130337,-0.167331445051482,0.194228232906576,-1.339930811224588,0.359154101088915,-0.408004931239330,-2.312472523541613,0.645647035126296,-0.811062983227593,-0.255988486868945,-0.018790199617475,1
28.390999999999998,10.113311163390389,-3.712978664142183,1.206771558113471,0.604340051981455,-0.163342730182445,0.189692349479927,-1.364324920462682,0.365971301108361,-0.416587493112880,-2.121810685940406,0.593568527428401,-0.749074058176919,-0.256194289129143,-0.018627670947091,1
28.399999999999999,10.118694715733957,-3.714433856078186,1.208461828024878,0.591977345752006,-0.160025536575461,0.185913424047426,-1.382702711726819,0.371117166302723,-0.423095542501568,-1.961537790137676,0.549791924600124,-0.696961672901688,-0.256361327438544,-0.018491469909020,1
28.410000000000004,10.124545034670261,-3.716015466012347,1.210299693778856,0.578055260076118,-0.156287699727346,0.181648602012864,-1.401410905258185,0.376367302129632,-0.429770166062802,-1.779435402456999,0.500053528432475,-0.637745397792049,-0.256545471439030,-0.018336733329743,1
28.420000000000002,10.130255227852654,-3.717559443405241,1.212094587503739,0.563955262012338,-0.152499866034805,0.177320015639883,-1.418278958417729,0.381114833392135,-0.435846369782700,-1.593594354800419,0.449294020262104,-0.577304841175523,-0.256728050167972,-0.018178415600433,1
28.430000000000000,10.135823608766291,-3.719065313583102,1.213845901674415,0.549695931465033,-0.148667110306753,0.172933707637201,-1.433272011151191,0.385350235814939,-0.441312720987723,-1.404518693740021,0.397650427880758,-0.515801635889332,-0.256909027813871,-0.018016516721090,1
28.439999999999998,10.141248678354680,-3.720532653073716,1.215553089737657,0.535296171863047,-0.144794595777588,0.168495826998181,-1.446360205994275,0.389065345166032,-0.446159391468673,-1.212704890699986,0.345257732153491,-0.453395041966045,-0.257088368565227,-0.017851036691714,1
28.450000000000003,10.146529128006069,-3.721961090423012,1.217215667095138,0.520775160512540,-0.140887560609098,0.164012613074817,-1.457518612321198,0.392253336787421,-0.450378133752659,-1.018641841956303,0.292248867018587,-0.390241946633495,-0.257266036610539,-0.017681975512305,1
28.460000000000001,10.151663842047109,-3.723350306877696,1.218833211928369,0.506152299707395,-0.136951304597075,0.159490379889030,-1.466727150593171,0.394908705125855,-0.453962257375036,-0.822810868637347,0.238754719487714,-0.326496864314951,-0.257441996138306,-0.017509333182862,1
28.470999999999997,10.157142609831368,-3.724832829567853,1.220560072871886,0.489972888531535,-0.132594057287143,0.154478463992780,-1.474586320153010,0.397209447697191,-0.457165698874578,-0.605920034905649,0.179504365602481,-0.255875039018804,-0.257633535540061,-0.017315290392188,1
28.479999999999997,10.161492576870938,-3.726010068768463,1.221931834509512,0.476679475811945,-0.129012559068057,0.150354392696023,-1.479238105743434,0.398606022449027,-0.459207529449411,-0.427732557045366,0.130823890650660,-0.197836932389026,-0.257788646395207,-0.017153305073878,1
28.490000000000002,10.166185346696357,-3.727280244511129,1.223412387778610,0.461869012846401,-0.125020860537781,0.145753502205620,-1.482523937215965,0.399643371627617,-0.460862868460987,-0.229409985288193,0.076638748733975,-0.133219247604502,-0.257959265501340,-0.016969919294336,1
28.500000000000000,10.170729880656502,-3.728510460432671,1.224846860147168,0.447035608199111,-0.121021497983478,0.141139289769949,-1.483826578319072,0.400138856972421,-0.461871922474013,-0.031169021987710,0.022471403200386,-0.068603905479794,-0.258128032843927,-0.016782952364762,1
28.509999999999998,10.175126048461905,-3.729700666978021,1.226235150703622,0.432199082271018,-0.117019887134262,0.136518215734466,-1.483149068676884,0.400093261414931,-0.462235430144426,0.166546887468318,-0.031557493572204,-0.004133556414575,-0.258294912611469,-0.016592404285154,1
28.520000000000003,10.179373917801534,-3.730850868690234,1.227577223079249,0.417379203020804,-0.113021429891430,0.131896725965094,-1.480498844491667,0.399508564175786,-0.461955544768131,0.363301872840183,-0.085329336132624,0.060051521996171,-0.258459868992464,-0.016398275055513,1
28.530000000000001,10.183473753599785,-3.731961124012733,1.228873105233043,0.402595642377902,-0.109031502467921,0.127281237820474,-1.475887662792350,0.398387920295504,-0.461035810552964,0.558667639035806,-0.138727565956319,0.123813424962022,-0.258622866175412,-0.016200564675839,1
28.539999999999999,10.187426016841464,-3.733031544973977,1.230122889097486,0.387867933412921,-0.105055443732453,0.122678126361467,-1.469331525683036,0.396735640165212,-0.459481138890637,0.752223466111537,-0.191637671445574,0.187016620497379,-0.258783868348814,-0.015999273146132,1
28.549999999999997,10.191231362972140,-3.734062296756593,1.231326730087611,0.373215428265696,-0.101098543758367,0.118093710797965,-1.460850604591525,0.394557169057381,-0.457297784628700,0.943556209271663,-0.243947187929371,0.249527949421294,-0.258942839701168,-0.015794400466391,1
28.560000000000002,10.194890639881695,-3.735053597153021,1.232484846475715,0.358657256830785,-0.097166032577163,0.113534241172972,-1.450469164517826,0.391859066656558,-0.454493322342481,1.132260298868627,-0.295545697663458,0.311216625357557,-0.259099744420975,-0.015585946636618,1
28.570000000000000,10.198404885478404,-3.736005715909711,1.233597518634093,0.344212286200547,-0.093263069136729,0.109005885283975,-1.438215488282711,0.388648986590106,-0.451076622607057,1.317937740402503,-0.346324829830203,0.371954234734514,-0.259254546696733,-0.015373911656811,1
28.579999999999998,10.201775324861325,-3.736918973961936,1.234665088148185,0.329899080865632,-0.089394730464245,0.104514715841568,-1.424121800776179,0.384935655958919,-0.447057828269191,1.500198114521822,-0.396178260538813,0.431614736785339,-0.259407210716944,-0.015158295526972,1
28.590000000000003,10.205003367098417,-3.737793742561248,1.235687956802488,0.315735863673072,-0.085566001033807,0.100066697865387,-1.408224193206011,0.380728854868171,-0.442448330719288,1.678658577023147,-0.445001712825227,0.490074463547899,-0.259557700670106,-0.014939098247099,1
28.600000000000001,10.208090601618052,-3.738630442297644,1.236666585441611,0.301740477541896,-0.081781762338731,0.095667676317322,-1.390562547346308,0.376039395958049,-0.437260746163363,1.852943858850689,-0.492692956652004,0.547212119864621,-0.259705980744719,-0.014716319817193,1
28.609999999999999,10.211038794221484,-3.739429542018467,1.237601492708855,0.287930347936161,-0.078046782668536,0.091323363971981,-1.371180459785958,0.370879103934470,-0.431508891894972,2.022686266097102,-0.539151808908545,0.602908783382758,-0.259852015129283,-0.014489960237254,1
28.619999999999997,10.213849882723805,-3.740191557646106,1.238493253664683,0.274322446095601,-0.074365707090649,0.087039329524470,-1.350125166177193,0.365260795099830,-0.425207762567177,2.187525680002927,-0.584280133410938,0.657047904554209,-0.259995768012298,-0.014260019507283,1
28.630000000000003,10.216525972231024,-3.740917050896545,1.239342498287449,0.260933253023734,-0.070743047636772,0.082820985935431,-1.327447465484080,0.359198256883723,-0.418373506464497,2.347109556956869,-0.627981840902042,0.709515306635604,-0.260137203582262,-0.014026497627277,1
28.640000000000001,10.219069330060785,-3.741606627900776,1.240149909858766,0.247778724233537,-0.067183173693974,0.078673579013377,-1.303201644231117,0.352706227373697,-0.411023401774871,2.501092928495353,-0.670162889051345,0.760199185688158,-0.260276286027676,-0.013789394597239,1
28.649999999999999,10.221482380314365,-3.742260937731174,1.240916223235893,0.234874255250545,-0.063690302600439,0.074602176234286,-1.277445400751635,0.345800374845954,-0.403175832861591,2.649138401303150,-0.710731282455162,0.808990110577882,-0.260412979537040,-0.013548710417168,1
28.660000000000004,10.223767698107459,-3.742880670834833,1.241642223013487,0.222234647873543,-0.060268490445933,0.070611655798490,-1.250239769436387,0.338497277296102,-0.394850266535263,2.790916157213081,-0.749597072636536,0.855781022975483,-0.260547248298853,-0.013304445087064,1
28.670000000000002,10.225928003467379,-3.743466557375940,1.242328741577123,0.209874077192783,-0.056921623076968,0.066706695924855,-1.221649044982107,0.330814401969900,-0.386067228325780,2.926103953205710,-0.786672358045153,0.900467237356260,-0.260679056501615,-0.013056598606926,1
28.680000000000000,10.227966154904214,-3.744019365489218,1.242976657050944,0.197806059365621,-0.053653407306626,0.062891764382212,-1.191740706639930,0.322770084893959,-0.376848278754242,3.054387121409929,-0.821871284057516,0.942946441000299,-0.260808368333825,-0.012805170976756,1
28.689999999999998,10.229885142663532,-3.744539899446496,1.243586891141796,0.186043420149774,-0.050467362329111,0.059171108258091,-1.160585342463976,0.314383510406499,-0.367215989604929,3.175458569102567,-0.855110042976833,0.983118693992358,-0.260935147983983,-0.012550162196552,1
28.700000000000003,10.231688081668207,-3.745028997738447,1.244160406882259,0.174598264194021,-0.047366811338973,0.055548743964729,-1.128256573559840,0.305674690688067,-0.357193920197245,3.289018778708596,-0.886306874033056,1.020886429221897,-0.261059359640589,-0.012291572266315,1
28.710000000000001,10.233378204156944,-3.745487531073537,1.244698206274903,0.163481945086487,-0.044354873355040,0.052028447482371,-1.094830978333190,0.296664445292293,-0.346806593657695,3.394775807800764,-0.915382063382809,1.056154452383005,-0.261180967492142,-0.012029401186045,1
28.719999999999999,10.234958852027072,-3.745916400296245,1.245201327840179,0.152705036160345,-0.041434455249021,0.048613744839815,-1.060388016738162,0.287374380676593,-0.336079473191799,3.492445289100115,-0.942257944109509,1.088829941974532,-0.261299935727143,-0.011763648955742,1
28.729999999999997,10.236433468889166,-3.746316534226581,1.245670844070294,0.142277302057123,-0.038608243978821,0.045307902832282,-1.025009954525963,0.277826869732919,-0.325038938356073,3.581750430475645,-0.966858896223282,1.118822449300001,-0.261416228534090,-0.011494315575406,1
28.740000000000002,10.237805591841122,-3.746688887422977,1.246107858791455,0.132207671047479,-0.035878699026542,0.042113919976538,-0.988781787493343,0.268045031318481,-0.313712261329966,3.662422014944450,-0.989111346661003,1.146043898467646,-0.261529810101484,-0.011221401045037,1
28.750000000000000,10.239078842969194,-3.747034437870558,1.246513504436843,0.122504208109523,-0.033248045041179,0.039034517703309,-0.951791165731222,0.258052709786508,-0.302127583187846,3.734198400671509,-1.008943769286219,1.170408586390333,-0.261640644617824,-0.010944905364635,1
28.759999999999998,10.240256920583619,-3.747354184596895,1.246888939232712,0.113174088764600,-0.030718264686000,0.036072131786969,-0.914128317873040,0.247874454516938,-0.290313890170901,3.796825520969976,-1.026286684889269,1.191833182785676,-0.261748696271610,-0.010664828534200,1
28.770000000000003,10.241343590196390,-3.747649145217223,1.247235344299957,0.104223573670635,-0.028291091690627,0.033228904012508,-0.875885975343383,0.237535499447172,-0.278300989959123,3.850056884301060,-1.041072661187211,1.210236730175990,-0.261853929251342,-0.010381170553731,1
28.780000000000001,10.242342675248739,-3.747920353411221,1.247553920673543,0.095657983973007,-0.025968004107817,0.030506674079797,-0.837159296606552,0.227061742602831,-0.266119487943282,3.893653574273894,-1.053236312823796,1.225540643888225,-0.261956307745518,-0.010093931423230,1
28.789999999999999,10.243258047595935,-3.748168856333387,1.247845886242168,0.087481677412861,-0.023750217774911,0.027906971745107,-0.798045791414939,0.216479725628440,-0.253800763496830,3.927384249645756,-1.062714301369548,1.237668712054077,-0.262055795942639,-0.009803111142695,1
28.799999999999997,10.244093617756910,-3.748395711959035,1.248112472610519,0.079698025193018,-0.021638679980000,0.025431009199928,-0.758645245057653,0.205816613318193,-0.241376946247884,3.951025144321923,-1.069445335321700,1.246547095609913,-0.262152358031205,-0.009508709712127,1
28.810000000000002,10.244853324936402,-3.748601986367993,1.248354921886510,0.072309389601348,-0.019634063332774,0.023079673687063,-0.719059642608979,0.195100173146671,-0.228880892351169,3.964360067355729,-1.073370170104227,1.252104328296796,-0.262245958199715,-0.009210727131526,1
28.820000000000000,10.245541126827044,-3.748788750968022,1.248574483395863,0.065317102391700,-0.017736759840067,0.020853520354005,-0.679393093177013,0.184358754799605,-0.216346160760000,3.967180402948523,-1.074431608067814,1.254271316660481,-0.262336560636669,-0.008909163400893,1
28.829999999999998,10.246160989199103,-3.748957079660019,1.248772410326410,0.058721443922290,-0.015946875186084,0.018752765343582,-0.639751754152012,0.173621269704560,-0.203806989498185,3.959285110449720,-1.072574498489907,1.252981340051421,-0.262424129530566,-0.008604018520226,1
28.840000000000003,10.246716875285367,-3.749108045947047,1.248949956304491,0.052521623051651,-0.014264223217335,0.016777279121901,-0.600243755455006,0.162917170561698,-0.191298271932005,3.940480724356730,-1.067745737574647,1.248170050624736,-0.262508629069907,-0.008295292489525,1
28.850999999999999,10.247259170888633,-3.749255332348258,1.249123209264672,0.046156733362508,-0.012536573990914,0.014748344226635,-0.557070336575803,0.151217010694405,-0.177616273957416,3.906974262438593,-1.058940967975130,1.238736619539187,-0.262597990717642,-0.007951557627467,1
28.859999999999999,10.247652493780430,-3.749362165606585,1.249248901103136,0.041300856720657,-0.011218381875519,0.013199828154153,-0.522069706874249,0.141729524480575,-0.166514905695826,3.869408685118296,-1.048971081182397,1.227738005962598,-0.262668276838916,-0.007667096978026,1
28.869999999999997,10.248040041715354,-3.749467437231789,1.249372777653222,0.036272801147580,-0.009853314237038,0.011595819230021,-0.483629097723092,0.131307405082196,-0.154313106918336,3.816791976707945,-1.034929212747367,1.212000419060876,-0.262743353445584,-0.007347627497227,1
28.880000000000003,10.248379221873913,-3.749559576815001,1.249481221425291,0.031626328042312,-0.008591713155667,0.010112979055337,-0.445772558862178,0.121041485777239,-0.142287414165417,3.752568064173557,-1.017723747058926,1.192507856009027,-0.262815217451694,-0.007024576866394,1
28.890000000000001,10.248673818936169,-3.749639610682709,1.249575434673488,0.027355013717027,-0.007431857727596,0.008749357936434,-0.408616946594244,0.110963618589836,-0.130475641595034,3.676581357752887,-0.997311814954902,1.169207832985679,-0.262883833045745,-0.006697945085529,1
28.899999999999999,10.248927547476855,-3.749708546352700,1.249656598255668,0.023451258267623,-0.006371706419429,0.007502625453416,-0.372280635243818,0.101106074001084,-0.118916116339313,3.588683842831575,-0.973652594199823,1.142050238974114,-0.262949164416237,-0.006367732154630,1
28.909999999999997,10.249144040128606,-3.749767369307191,1.249725867800878,0.019906270772280,-0.005408892985963,0.006370065449063,-0.336883441405865,0.091501520479811,-0.107647654776535,3.488735079943364,-0.946707309484963,1.110987335762332,-0.263011175751671,-0.006033938073698,1
28.920000000000002,10.249326835600915,-3.749817039726141,1.249784369827914,0.016710055247503,-0.004540722592656,0.005348571255008,-0.302546548194242,0.082183004013292,-0.096709538803068,3.376602204769943,-0.916439232428309,1.075973757942987,-0.263069831240545,-0.005696562842733,1
28.930000000000000,10.249479366562460,-3.749858489182829,1.249833197817334,0.013851397361703,-0.003764168142790,0.004434641155200,-0.269392429490323,0.073183927638003,-0.086141492105352,3.252159928141234,-0.882813681574618,1.036966512913497,-0.263125095071359,-0.005355606461735,1
28.941000000000003,10.249616146992471,-3.749895661042319,1.249876994787007,0.011081862386778,-0.003011751030591,0.003548886639803,-0.234436660570925,0.063694174704589,-0.074991991821468,3.100915799506705,-0.841908805165314,0.989397448823023,-0.263181925179169,-0.004976418214349,1
28.950000000000003,10.249706761821802,-3.749920288394676,1.249906016539516,0.009095731024154,-0.002472116771450,0.002913465577387,-0.207128410459136,0.056279369737288,-0.066276567864813,2.965883889577171,-0.805361667288642,0.946810914836957,-0.263225304512806,-0.004662950249640,1
28.960000000000001,10.249787850432108,-3.749942328035549,1.249931993085993,0.007170093196028,-0.001948874155812,0.002297203921898,-0.178269229968429,0.048442295307327,-0.057061133092676,2.803837425041717,-0.761476075579500,0.895588440608159,-0.263270178500439,-0.004311250418543,1
28.969999999999999,10.249851098085941,-3.749959519645220,1.249952259078400,0.005524732983862,-0.001501750182459,0.001770466593569,-0.151094112155512,0.041061434220973,-0.048378605681543,2.629056153850552,-0.714114753519532,0.840224056805618,-0.263311517584010,-0.003955969437412,1
28.979999999999997,10.249899221230129,-3.749972601019111,1.249967682422996,0.004142171532089,-0.001126008515462,0.001327716894614,-0.125730848466727,0.034171667721616,-0.040270562347388,2.441452662573763,-0.663253254287148,0.780686634850202,-0.263349285952020,-0.003597107306249,1
28.991000000000000,10.249937707985517,-3.749983063601241,1.249980020305758,0.002902456778119,-0.000789058204186,0.000930579338439,-0.100077490186673,0.027202055630194,-0.032065231312558,2.220184097004179,-0.603236227297944,0.710341362414341,-0.263386664239332,-0.003198222733681,1
29.000000000000000,10.249960040952775,-3.749989135172818,1.249987181351862,0.002089110709230,-0.000567974513531,0.000669944297897,-0.080955154788164,0.022006094156088,-0.025945708154673,2.027467241783160,-0.550942171652185,0.648980026187442,-0.263413967295354,-0.002868639593823,1
29.009999999999998,10.249977212938370,-3.749993803919541,1.249992688716900,0.001377211654806,-0.000374450748174,0.000441750319327,-0.061802185977928,0.016801138867541,-0.019813452924715,1.800948361149786,-0.489453929240093,0.576760446345311,-0.263440808647678,-0.002499034012560,1
29.020000000000003,10.249988185283716,-3.749996787279464,1.249996208540498,0.000845298298987,-0.000229842562429,0.000271196769199,-0.044979842147930,0.012228940782694,-0.014424745572820,1.561333358190975,-0.424388191636336,0.500267042080501,-0.263463936038439,-0.002125847281264,1
29.030000000000001,10.249994639129699,-3.749998542173656,1.249998279336410,0.000469408728667,-0.000127643264101,0.000150634146549,-0.030619338522503,0.008325347620181,-0.009822422643341,1.308572695217315,-0.355730746653072,0.419480548837453,-0.263483313656136,-0.001749079399935,1
29.039999999999999,10.249998009429385,-3.749999458661595,1.249999360978443,0.000224266527855,-0.000060987007312,0.000071983661288,-0.018852347827123,0.005126338985872,-0.006049501462148,1.042624409686919,-0.283469429029003,0.334384074865099,-0.263498905689271,-0.001368730368573,1
29.049999999999997,10.249999471781354,-3.749999856343377,1.249999830398917,0.000083276581439,-0.000022647575981,0.000026735545027,-0.009810924536954,0.002668005903622,-0.003149156408605,0.763454114206024,-0.207594120429631,0.244963101217115,-0.263510676326341,-0.000984800187178,1
29.060000000000002,10.249999929224899,-3.749999980750785,1.249999977271431,0.000018521636437,-0.000005037371988,0.000005947599185,-0.003627429125338,0.000986530345993,-0.001164695187508,0.471034996528797,-0.128096749447115,0.151205481751830,-0.263518589755847,-0.000597288855749,1
29.070000000000000,10.249999999004604,-3.749999999729263,1.249999999680285,0.000000759620771,-0.000000206608030,0.000000243980370,-0.000434452312363,0.000118164764995,-0.000139535101058,0.165347819557997,-0.044971291600540,0.053101443132455,-0.263522610166289,-0.000206196374288,1
29.081000000000003,10.249999999999998,-3.750000000000000,1.250000000000000,0.000000000000000,-0.000000000000000,-0.000000000000000,-0.000000000000004,-0.000000000000000,-0.000000000000000,-0.000000000000011,-0.000000000000006,0.000000000000000,-0.263523150395602,-0.000000000000000,1
